[NX v21.3.6 Daemon Server] - 2025-12-08T18:52:52.504Z - Started listening on: /private/var/folders/90/xlgjf5ms3ql9v9y8n8m3vgjh0000gn/T/49183e68a8dacc8c509e/d.sock
[NX v21.3.6 Daemon Server] - 2025-12-08T18:52:52.506Z - [WATCHER]: Subscribed to changes within: /Users/manfredsteyer/projects/trainings/flight-app (native)
[NX v21.3.6 Daemon Server] - 2025-12-08T18:52:52.510Z - Established a connection. Number of open connections: 1
[NX v21.3.6 Daemon Server] - 2025-12-08T18:52:52.511Z - Closed a connection. Number of open connections: 0
[NX v21.3.6 Daemon Server] - 2025-12-08T18:52:52.516Z - Established a connection. Number of open connections: 1
[NX v21.3.6 Daemon Server] - 2025-12-08T18:52:52.516Z - Established a connection. Number of open connections: 2
[NX v21.3.6 Daemon Server] - 2025-12-08T18:52:52.516Z - Closed a connection. Number of open connections: 1
[NX v21.3.6 Daemon Server] - 2025-12-08T18:52:52.516Z - [REQUEST]: Client Request for Project Graph Received
[NX v21.3.6 Daemon Server] - 2025-12-08T18:52:52.520Z - Time taken for 'loadSpecifiedNxPlugins' 1.3182500000000061ms
Time for 'plugin worker 39139 code loading' 1.9467499999999998
Time for 'plugin worker 39137 code loading' 1.95275
Time for 'plugin worker 39138 code loading' 1.9540420000000012
[NX v21.3.6 Daemon Server] - 2025-12-08T18:52:52.566Z - [WATCHER]: Processing file changes in outputs
[NX v21.3.6 Daemon Server] - 2025-12-08T18:52:52.588Z - Time taken for 'Load Nx Plugin: /Users/manfredsteyer/projects/trainings/flight-app/node_modules/nx/src/plugins/project-json/build-nodes/project-json' 69.638792ms
[NX v21.3.6 Daemon Server] - 2025-12-08T18:52:52.588Z - Time taken for 'Load Nx Plugin: /Users/manfredsteyer/projects/trainings/flight-app/node_modules/nx/src/plugins/package-json' 71.116917ms
[NX v21.3.6 Daemon Server] - 2025-12-08T18:52:52.599Z - [REQUEST]: Updated workspace context based on watched changes, recomputing project graph...
[NX v21.3.6 Daemon Server] - 2025-12-08T18:52:52.599Z - [REQUEST]: 
[NX v21.3.6 Daemon Server] - 2025-12-08T18:52:52.599Z - [REQUEST]: 
[NX v21.3.6 Daemon Server] - 2025-12-08T18:52:52.599Z - No files changed, but no in-memory cached project graph found. Recomputing it...
[NX v21.3.6 Daemon Server] - 2025-12-08T18:52:52.602Z - Time taken for 'loadDefaultNxPlugins' 81.674292ms
Time for 'nx/core/package-json:createNodes' 0.43070799999999565
Time for 'nx/core/project-json:createNodes' 0.4707910000000055
Time for 'nx/js/dependencies-and-lockfile:createNodes' 8.98854200000001
[NX v21.3.6 Daemon Server] - 2025-12-08T18:52:52.635Z - Time taken for 'build-project-configs' 24.766166999999996ms
Time for 'build typescript dependencies' 9.59929200000002
[NX v21.3.6 Daemon Server] - 2025-12-08T18:52:52.692Z - Wrote project graph cache to /Users/manfredsteyer/projects/trainings/flight-app/.nx/workspace-data/project-graph.json
[NX v21.3.6 Daemon Server] - 2025-12-08T18:52:52.692Z - [SYNC]: collect registered sync generators
[NX v21.3.6 Daemon Server] - 2025-12-08T18:52:52.693Z - [REQUEST]: Responding to the client. project-graph
[NX v21.3.6 Daemon Server] - 2025-12-08T18:52:52.693Z - Time taken for 'total for creating and serializing project graph' 176.509792ms
[NX v21.3.6 Daemon Server] - 2025-12-08T18:52:52.694Z - Done responding to the client project-graph
[NX v21.3.6 Daemon Server] - 2025-12-08T18:52:52.694Z - Handled REQUEST_PROJECT_GRAPH. Handling time: 177. Response time: 1.
[NX v21.3.6 Daemon Server] - 2025-12-08T18:52:52.697Z - [REQUEST]: Responding to the client. handleContextFileData
[NX v21.3.6 Daemon Server] - 2025-12-08T18:52:52.697Z - Done responding to the client handleContextFileData
[NX v21.3.6 Daemon Server] - 2025-12-08T18:52:52.697Z - Handled GET_CONTEXT_FILE_DATA. Handling time: 0. Response time: 0.
[NX v21.3.6 Daemon Server] - 2025-12-08T18:52:52.697Z - Closed a connection. Number of open connections: 0
[NX v21.3.6 Daemon Server] - 2025-12-08T18:52:52.958Z - Established a connection. Number of open connections: 1
[NX v21.3.6 Daemon Server] - 2025-12-08T18:52:52.958Z - Established a connection. Number of open connections: 2
[NX v21.3.6 Daemon Server] - 2025-12-08T18:52:52.960Z - Closed a connection. Number of open connections: 1
[NX v21.3.6 Daemon Server] - 2025-12-08T18:52:52.960Z - Established a connection. Number of open connections: 2
[NX v21.3.6 Daemon Server] - 2025-12-08T18:52:52.960Z - Closed a connection. Number of open connections: 1
[NX v21.3.6 Daemon Server] - 2025-12-08T18:52:52.960Z - [REQUEST]: Client Request for Project Graph Received
[NX v21.3.6 Daemon Server] - 2025-12-08T18:52:52.960Z - Reusing in-memory cached project graph because no files changed.
[NX v21.3.6 Daemon Server] - 2025-12-08T18:52:52.961Z - [REQUEST]: Responding to the client. project-graph
[NX v21.3.6 Daemon Server] - 2025-12-08T18:52:52.961Z - Time taken for 'total for creating and serializing project graph' 0.09541699999999764ms
[NX v21.3.6 Daemon Server] - 2025-12-08T18:52:52.962Z - Done responding to the client project-graph
[NX v21.3.6 Daemon Server] - 2025-12-08T18:52:52.962Z - Handled REQUEST_PROJECT_GRAPH. Handling time: 0. Response time: 2.
[NX v21.3.6 Daemon Server] - 2025-12-08T18:52:52.963Z - [REQUEST]: Client Request for Project Graph Received
[NX v21.3.6 Daemon Server] - 2025-12-08T18:52:52.964Z - Reusing in-memory cached project graph because no files changed.
[NX v21.3.6 Daemon Server] - 2025-12-08T18:52:52.964Z - [REQUEST]: Responding to the client. project-graph
[NX v21.3.6 Daemon Server] - 2025-12-08T18:52:52.964Z - Time taken for 'total for creating and serializing project graph' 0.1043329999999969ms
[NX v21.3.6 Daemon Server] - 2025-12-08T18:52:52.965Z - Done responding to the client project-graph
[NX v21.3.6 Daemon Server] - 2025-12-08T18:52:52.965Z - Handled REQUEST_PROJECT_GRAPH. Handling time: 1. Response time: 1.
[NX v21.3.6 Daemon Server] - 2025-12-08T18:52:52.966Z - Established a connection. Number of open connections: 2
[NX v21.3.6 Daemon Server] - 2025-12-08T18:52:59.761Z - [WATCHER]: .gitignore was modified
[NX v21.3.6 Daemon Server] - 2025-12-08T18:52:59.763Z - [REQUEST]: Responding to the client. File watch changed
Error [ERR_STREAM_DESTROYED]: Cannot call write after a stream was destroyed
    at _write (node:internal/streams/writable:491:11)
    at Writable.write (node:internal/streams/writable:510:10)
    at /Users/manfredsteyer/projects/trainings/flight-app/node_modules/nx/src/daemon/server/shutdown-utils.js:73:16
    at new Promise (<anonymous>)
    at respondToClient (/Users/manfredsteyer/projects/trainings/flight-app/node_modules/nx/src/daemon/server/shutdown-utils.js:69:12)
    at handleResult (/Users/manfredsteyer/projects/trainings/flight-app/node_modules/nx/src/daemon/server/server.js:198:52)
    at process.processTicksAndRejections (node:internal/process/task_queues:105:5)
    at async Promise.all (index 0)
    at async /Users/manfredsteyer/projects/trainings/flight-app/node_modules/nx/src/daemon/server/file-watching/file-watcher-sockets.js:27:9
    at async /Users/manfredsteyer/projects/trainings/flight-app/node_modules/nx/src/utils/promised-based-queue.js:19:21 {
  code: 'ERR_STREAM_DESTROYED'
}
[NX v21.3.6 Daemon Server] - 2025-12-08T18:52:59.763Z - Done responding to the client File watch changed
[NX v21.3.6 Daemon Server] - 2025-12-08T18:52:59.763Z - Handled FILE-WATCH-CHANGED. Handling time: 0. Response time: 0.
[NX v21.3.6 Daemon Server] - 2025-12-08T18:52:59.763Z - [WATCHER]: Processing file changes in outputs
[NX v21.3.6 Daemon Server] - 2025-12-08T18:52:59.763Z - Time taken for 'changed-projects' 0.495082999999795ms
[NX v21.3.6 Daemon Server] - 2025-12-08T18:52:59.763Z - Closed a connection. Number of open connections: 1
[NX v21.3.6 Daemon Server] - 2025-12-08T18:52:59.763Z - Closed a connection. Number of open connections: 0
[NX v21.3.6 Daemon Server] - 2025-12-08T18:52:59.763Z - [WATCHER]: Stopping the watcher for /Users/manfredsteyer/projects/trainings/flight-app (sources)
[NX v21.3.6 Daemon Server] - 2025-12-08T18:52:59.763Z - [WATCHER]: Stopping the watcher for /Users/manfredsteyer/projects/trainings/flight-app (outputs)
[NX v21.3.6 Daemon Server] - 2025-12-08T18:52:59.764Z - Server stopped because: "Stopping the daemon the set of ignored files changed (native)"
[NX v21.3.6 Daemon Server] - 2025-12-08T18:53:07.229Z - Started listening on: /private/var/folders/90/xlgjf5ms3ql9v9y8n8m3vgjh0000gn/T/49183e68a8dacc8c509e/d.sock
[NX v21.3.6 Daemon Server] - 2025-12-08T18:53:07.232Z - [WATCHER]: Subscribed to changes within: /Users/manfredsteyer/projects/trainings/flight-app (native)
[NX v21.3.6 Daemon Server] - 2025-12-08T18:53:07.233Z - Established a connection. Number of open connections: 1
[NX v21.3.6 Daemon Server] - 2025-12-08T18:53:07.233Z - Established a connection. Number of open connections: 2
[NX v21.3.6 Daemon Server] - 2025-12-08T18:53:07.234Z - Closed a connection. Number of open connections: 1
[NX v21.3.6 Daemon Server] - 2025-12-08T18:53:07.234Z - [REQUEST]: Client Request for Project Graph Received
[NX v21.3.6 Daemon Server] - 2025-12-08T18:53:07.236Z - Time taken for 'loadSpecifiedNxPlugins' 0.4154169999999908ms
Time for 'plugin worker 39156 code loading' 1.7821670000000012
Time for 'plugin worker 39155 code loading' 1.76825
Time for 'plugin worker 39157 code loading' 1.7735420000000008
[NX v21.3.6 Daemon Server] - 2025-12-08T18:53:07.290Z - [WATCHER]: Processing file changes in outputs
[NX v21.3.6 Daemon Server] - 2025-12-08T18:53:07.304Z - Time taken for 'Load Nx Plugin: /Users/manfredsteyer/projects/trainings/flight-app/node_modules/nx/src/plugins/package-json' 68.667042ms
[NX v21.3.6 Daemon Server] - 2025-12-08T18:53:07.304Z - Time taken for 'Load Nx Plugin: /Users/manfredsteyer/projects/trainings/flight-app/node_modules/nx/src/plugins/project-json/build-nodes/project-json' 68.818541ms
[NX v21.3.6 Daemon Server] - 2025-12-08T18:53:07.308Z - [REQUEST]: Updated workspace context based on watched changes, recomputing project graph...
[NX v21.3.6 Daemon Server] - 2025-12-08T18:53:07.308Z - [REQUEST]: 
[NX v21.3.6 Daemon Server] - 2025-12-08T18:53:07.308Z - [REQUEST]: 
[NX v21.3.6 Daemon Server] - 2025-12-08T18:53:07.309Z - No files changed, but no in-memory cached project graph found. Recomputing it...
[NX v21.3.6 Daemon Server] - 2025-12-08T18:53:07.311Z - Time taken for 'loadDefaultNxPlugins' 73.37875ms
Time for 'nx/core/package-json:createNodes' 0.4239589999999964
Time for 'nx/core/project-json:createNodes' 0.5059159999999991
Time for 'nx/js/dependencies-and-lockfile:createNodes' 4.121916999999996
[NX v21.3.6 Daemon Server] - 2025-12-08T18:53:07.336Z - Time taken for 'build-project-configs' 11.353666999999973ms
Time for 'build typescript dependencies' 0.06662500000000193
[NX v21.3.6 Daemon Server] - 2025-12-08T18:53:07.356Z - Wrote project graph cache to /Users/manfredsteyer/projects/trainings/flight-app/.nx/workspace-data/project-graph.json
[NX v21.3.6 Daemon Server] - 2025-12-08T18:53:07.356Z - [SYNC]: collect registered sync generators
[NX v21.3.6 Daemon Server] - 2025-12-08T18:53:07.357Z - [REQUEST]: Responding to the client. project-graph
[NX v21.3.6 Daemon Server] - 2025-12-08T18:53:07.357Z - Time taken for 'total for creating and serializing project graph' 122.245667ms
[NX v21.3.6 Daemon Server] - 2025-12-08T18:53:07.358Z - Done responding to the client project-graph
[NX v21.3.6 Daemon Server] - 2025-12-08T18:53:07.358Z - Handled REQUEST_PROJECT_GRAPH. Handling time: 123. Response time: 1.
[NX v21.3.6 Daemon Server] - 2025-12-08T18:53:07.362Z - [REQUEST]: Responding to the client. handleRunPreTasksExecution
[NX v21.3.6 Daemon Server] - 2025-12-08T18:53:07.362Z - Done responding to the client handleRunPreTasksExecution
[NX v21.3.6 Daemon Server] - 2025-12-08T18:53:07.362Z - Handled PRE_TASKS_EXECUTION. Handling time: 0. Response time: 0.
[NX v21.3.6 Daemon Server] - 2025-12-08T18:53:07.362Z - Time taken for 'preTasksExecution' 0.14324999999999477ms
[NX v21.3.6 Daemon Server] - 2025-12-08T18:53:07.395Z - Reusing in-memory cached project graph because no files changed.
DEBUG nx::native::tasks::task_hasher: plan length: 1
DEBUG nx::native::tasks::hashers::hash_workspace_files: Hashing workspace fileset{cache_key="nx.json,.gitignore,.nxignore"}: Adding "11559647102393503657" (".gitignore") to hash
DEBUG nx::native::tasks::hashers::hash_workspace_files: Hashing workspace fileset{cache_key="nx.json,.gitignore,.nxignore"}: Adding "2750196177284301316" ("nx.json") to hash
DEBUG nx::native::tasks::hashers::hash_workspace_files: Hashing workspace fileset{cache_key="nx.json,.gitignore,.nxignore"}: Hash Value: "210433212062607228"
[NX v21.3.6 Daemon Server] - 2025-12-08T18:53:07.403Z - [REQUEST]: Responding to the client. handleHashTasks
[NX v21.3.6 Daemon Server] - 2025-12-08T18:53:07.403Z - Done responding to the client handleHashTasks
[NX v21.3.6 Daemon Server] - 2025-12-08T18:53:07.403Z - Handled HASH_TASKS. Handling time: 8. Response time: 0.
[NX v21.3.6 Daemon Server] - 2025-12-08T18:53:07.445Z - [REQUEST]: Responding to the client. handleGetEstimatedTaskTimings
[NX v21.3.6 Daemon Server] - 2025-12-08T18:53:07.445Z - Done responding to the client handleGetEstimatedTaskTimings
[NX v21.3.6 Daemon Server] - 2025-12-08T18:53:07.445Z - Handled GET_ESTIMATED_TASK_TIMINGS. Handling time: 12. Response time: 0.
[NX v21.3.6 Daemon Server] - 2025-12-08T18:53:08.110Z - Established a connection. Number of open connections: 2
[NX v21.3.6 Daemon Server] - 2025-12-08T18:53:08.110Z - Closed a connection. Number of open connections: 1
[NX v21.3.6 Daemon Server] - 2025-12-08T18:53:08.110Z - Established a connection. Number of open connections: 2
[NX v21.3.6 Daemon Server] - 2025-12-08T18:53:08.111Z - [REQUEST]: Client Request for Project Graph Received
[NX v21.3.6 Daemon Server] - 2025-12-08T18:53:08.111Z - Reusing in-memory cached project graph because no files changed.
[NX v21.3.6 Daemon Server] - 2025-12-08T18:53:08.111Z - [REQUEST]: Responding to the client. project-graph
[NX v21.3.6 Daemon Server] - 2025-12-08T18:53:08.111Z - Time taken for 'total for creating and serializing project graph' 0.09354099999995924ms
[NX v21.3.6 Daemon Server] - 2025-12-08T18:53:08.114Z - Done responding to the client project-graph
[NX v21.3.6 Daemon Server] - 2025-12-08T18:53:08.114Z - Handled REQUEST_PROJECT_GRAPH. Handling time: 0. Response time: 3.
[NX v21.3.6 Daemon Server] - 2025-12-08T18:53:09.267Z - [WATCHER]: Processing file changes in outputs
[NX v21.3.6 Daemon Server] - 2025-12-08T18:53:10.972Z - Established a connection. Number of open connections: 3
[NX v21.3.6 Daemon Server] - 2025-12-08T18:53:10.973Z - Established a connection. Number of open connections: 4
[NX v21.3.6 Daemon Server] - 2025-12-08T18:53:10.973Z - Closed a connection. Number of open connections: 3
[NX v21.3.6 Daemon Server] - 2025-12-08T18:53:10.974Z - Established a connection. Number of open connections: 4
[NX v21.3.6 Daemon Server] - 2025-12-08T18:53:10.974Z - Closed a connection. Number of open connections: 3
[NX v21.3.6 Daemon Server] - 2025-12-08T18:53:10.975Z - [REQUEST]: Client Request for Project Graph Received
[NX v21.3.6 Daemon Server] - 2025-12-08T18:53:10.976Z - Reusing in-memory cached project graph because no files changed.
[NX v21.3.6 Daemon Server] - 2025-12-08T18:53:10.976Z - [REQUEST]: Responding to the client. project-graph
[NX v21.3.6 Daemon Server] - 2025-12-08T18:53:10.978Z - Time taken for 'total for creating and serializing project graph' 0.45737499999995634ms
[NX v21.3.6 Daemon Server] - 2025-12-08T18:53:10.981Z - Done responding to the client project-graph
[NX v21.3.6 Daemon Server] - 2025-12-08T18:53:10.981Z - Handled REQUEST_PROJECT_GRAPH. Handling time: 1. Response time: 5.
[NX v21.3.6 Daemon Server] - 2025-12-08T18:53:10.987Z - [REQUEST]: Responding to the client. handleContextFileData
[NX v21.3.6 Daemon Server] - 2025-12-08T18:53:10.988Z - Done responding to the client handleContextFileData
[NX v21.3.6 Daemon Server] - 2025-12-08T18:53:10.988Z - Handled GET_CONTEXT_FILE_DATA. Handling time: 0. Response time: 1.
[NX v21.3.6 Daemon Server] - 2025-12-08T18:53:10.988Z - Closed a connection. Number of open connections: 2
[NX v21.3.6 Daemon Server] - 2025-12-08T18:53:11.178Z - Established a connection. Number of open connections: 3
[NX v21.3.6 Daemon Server] - 2025-12-08T18:53:11.179Z - Established a connection. Number of open connections: 4
[NX v21.3.6 Daemon Server] - 2025-12-08T18:53:11.179Z - Closed a connection. Number of open connections: 3
[NX v21.3.6 Daemon Server] - 2025-12-08T18:53:11.179Z - Established a connection. Number of open connections: 4
[NX v21.3.6 Daemon Server] - 2025-12-08T18:53:11.180Z - Closed a connection. Number of open connections: 3
[NX v21.3.6 Daemon Server] - 2025-12-08T18:53:11.181Z - [REQUEST]: Client Request for Project Graph Received
[NX v21.3.6 Daemon Server] - 2025-12-08T18:53:11.181Z - Reusing in-memory cached project graph because no files changed.
[NX v21.3.6 Daemon Server] - 2025-12-08T18:53:11.181Z - [REQUEST]: Responding to the client. project-graph
[NX v21.3.6 Daemon Server] - 2025-12-08T18:53:11.184Z - Time taken for 'total for creating and serializing project graph' 0.4436670000000049ms
[NX v21.3.6 Daemon Server] - 2025-12-08T18:53:11.186Z - Done responding to the client project-graph
[NX v21.3.6 Daemon Server] - 2025-12-08T18:53:11.186Z - Handled REQUEST_PROJECT_GRAPH. Handling time: 0. Response time: 5.
[NX v21.3.6 Daemon Server] - 2025-12-08T18:53:11.189Z - [REQUEST]: Client Request for Project Graph Received
[NX v21.3.6 Daemon Server] - 2025-12-08T18:53:11.189Z - Reusing in-memory cached project graph because no files changed.
[NX v21.3.6 Daemon Server] - 2025-12-08T18:53:11.189Z - [REQUEST]: Responding to the client. project-graph
[NX v21.3.6 Daemon Server] - 2025-12-08T18:53:11.191Z - Time taken for 'total for creating and serializing project graph' 0.3719170000003942ms
[NX v21.3.6 Daemon Server] - 2025-12-08T18:53:11.193Z - Done responding to the client project-graph
[NX v21.3.6 Daemon Server] - 2025-12-08T18:53:11.193Z - Handled REQUEST_PROJECT_GRAPH. Handling time: 0. Response time: 4.
[NX v21.3.6 Daemon Server] - 2025-12-08T18:53:11.194Z - Established a connection. Number of open connections: 4
[NX v21.3.6 Daemon Server] - 2025-12-08T18:53:12.459Z - [REQUEST]: Responding to the client. handleRecordTaskRuns
[NX v21.3.6 Daemon Server] - 2025-12-08T18:53:12.459Z - Done responding to the client handleRecordTaskRuns
[NX v21.3.6 Daemon Server] - 2025-12-08T18:53:12.459Z - Handled RECORD_TASK_RUNS. Handling time: 1. Response time: 0.
[NX v21.3.6 Daemon Server] - 2025-12-08T18:53:12.460Z - [REQUEST]: Responding to the client. handleGetFlakyTasks
[NX v21.3.6 Daemon Server] - 2025-12-08T18:53:12.460Z - Done responding to the client handleGetFlakyTasks
[NX v21.3.6 Daemon Server] - 2025-12-08T18:53:12.460Z - Handled GET_FLAKY_TASKS. Handling time: 0. Response time: 0.
[NX v21.3.6 Daemon Server] - 2025-12-08T18:53:12.473Z - Closed a connection. Number of open connections: 3
[NX v21.3.6 Daemon Server] - 2025-12-08T18:53:12.619Z - [REQUEST]: Responding to the client. handleRunPostTasksExecution
[NX v21.3.6 Daemon Server] - 2025-12-08T18:53:12.619Z - Done responding to the client handleRunPostTasksExecution
[NX v21.3.6 Daemon Server] - 2025-12-08T18:53:12.619Z - Handled POST_TASKS_EXECUTION. Handling time: 1. Response time: 0.
[NX v21.3.6 Daemon Server] - 2025-12-08T18:53:12.619Z - Time taken for 'postTasksExecution' 0.4855420000003505ms
[NX v21.3.6 Daemon Server] - 2025-12-08T18:53:12.629Z - Closed a connection. Number of open connections: 2
[NX v21.3.6 Daemon Server] - 2025-12-08T18:53:20.026Z - Established a connection. Number of open connections: 3
[NX v21.3.6 Daemon Server] - 2025-12-08T18:53:20.027Z - Closed a connection. Number of open connections: 2
[NX v21.3.6 Daemon Server] - 2025-12-08T18:53:20.027Z - Established a connection. Number of open connections: 3
[NX v21.3.6 Daemon Server] - 2025-12-08T18:53:20.028Z - [REQUEST]: Client Request for Project Graph Received
[NX v21.3.6 Daemon Server] - 2025-12-08T18:53:20.028Z - Reusing in-memory cached project graph because no files changed.
[NX v21.3.6 Daemon Server] - 2025-12-08T18:53:20.028Z - [REQUEST]: Responding to the client. project-graph
[NX v21.3.6 Daemon Server] - 2025-12-08T18:53:20.028Z - Time taken for 'total for creating and serializing project graph' 0.13458299999911105ms
[NX v21.3.6 Daemon Server] - 2025-12-08T18:53:20.030Z - Done responding to the client project-graph
[NX v21.3.6 Daemon Server] - 2025-12-08T18:53:20.030Z - Handled REQUEST_PROJECT_GRAPH. Handling time: 0. Response time: 2.
[NX v21.3.6 Daemon Server] - 2025-12-08T18:53:20.096Z - [WATCHER]: tsconfig.base.json was modified
[NX v21.3.6 Daemon Server] - 2025-12-08T18:53:20.096Z - [REQUEST]: Responding to the client. File watch changed
[NX v21.3.6 Daemon Server] - 2025-12-08T18:53:20.096Z - Done responding to the client File watch changed
[NX v21.3.6 Daemon Server] - 2025-12-08T18:53:20.096Z - Handled FILE-WATCH-CHANGED. Handling time: 0. Response time: 0.
[NX v21.3.6 Daemon Server] - 2025-12-08T18:53:20.096Z - [WATCHER]: Processing file changes in outputs
[NX v21.3.6 Daemon Server] - 2025-12-08T18:53:20.096Z - Time taken for 'changed-projects' 0.061165999999502674ms
[NX v21.3.6 Daemon Server] - 2025-12-08T18:53:20.197Z - [REQUEST]: Updated workspace context based on watched changes, recomputing project graph...
[NX v21.3.6 Daemon Server] - 2025-12-08T18:53:20.197Z - [REQUEST]: tsconfig.base.json
[NX v21.3.6 Daemon Server] - 2025-12-08T18:53:20.197Z - [REQUEST]: 
[NX v21.3.6 Daemon Server] - 2025-12-08T18:53:20.199Z - Time taken for 'hash changed files from watcher' 0.14654200000040873ms
Time for 'nx/core/package-json:createNodes' 0.25120800000149757
Time for 'nx/core/project-json:createNodes' 0.7135419999995065
Time for 'nx/js/dependencies-and-lockfile:createNodes' 5.181000000000495
[NX v21.3.6 Daemon Server] - 2025-12-08T18:53:20.210Z - Time taken for 'build-project-configs' 10.064292000000933ms
Time for 'build typescript dependencies' 0.02233399999931862
[NX v21.3.6 Daemon Server] - 2025-12-08T18:53:20.228Z - Wrote project graph cache to /Users/manfredsteyer/projects/trainings/flight-app/.nx/workspace-data/project-graph.json
[NX v21.3.6 Daemon Server] - 2025-12-08T18:53:20.228Z - [SYNC]: collect registered sync generators
[NX v21.3.6 Daemon Server] - 2025-12-08T18:53:20.228Z - [SYNC]: project graph hash is the same, not collecting task sync generators
[NX v21.3.6 Daemon Server] - 2025-12-08T18:53:20.228Z - [SYNC]: nx.json hash is the same, not collecting global sync generators
[NX v21.3.6 Daemon Server] - 2025-12-08T18:53:20.228Z - Time taken for 'total execution time for createProjectGraph()' 15.084500000000844ms
[NX v21.3.6 Daemon Server] - 2025-12-08T18:53:21.132Z - Closed a connection. Number of open connections: 2
[NX v21.3.6 Daemon Server] - 2025-12-08T18:53:21.175Z - [WATCHER]: tsconfig.base.json was modified
[NX v21.3.6 Daemon Server] - 2025-12-08T18:53:21.175Z - [REQUEST]: Responding to the client. File watch changed
[NX v21.3.6 Daemon Server] - 2025-12-08T18:53:21.175Z - Done responding to the client File watch changed
[NX v21.3.6 Daemon Server] - 2025-12-08T18:53:21.175Z - Handled FILE-WATCH-CHANGED. Handling time: 0. Response time: 0.
[NX v21.3.6 Daemon Server] - 2025-12-08T18:53:21.175Z - [WATCHER]: Processing file changes in outputs
[NX v21.3.6 Daemon Server] - 2025-12-08T18:53:21.176Z - Time taken for 'changed-projects' 0.04025000000001455ms
[NX v21.3.6 Daemon Server] - 2025-12-08T18:53:21.375Z - [REQUEST]: Updated workspace context based on watched changes, recomputing project graph...
[NX v21.3.6 Daemon Server] - 2025-12-08T18:53:21.376Z - [REQUEST]: tsconfig.base.json
[NX v21.3.6 Daemon Server] - 2025-12-08T18:53:21.376Z - [REQUEST]: 
[NX v21.3.6 Daemon Server] - 2025-12-08T18:53:21.378Z - Time taken for 'hash changed files from watcher' 0.2288750000006985ms
Time for 'nx/core/package-json:createNodes' 0.36941699999988487
Time for 'nx/core/project-json:createNodes' 0.6149999999997817
Time for 'nx/js/dependencies-and-lockfile:createNodes' 4.813750000001164
[NX v21.3.6 Daemon Server] - 2025-12-08T18:53:21.387Z - Time taken for 'build-project-configs' 8.46679199999926ms
Time for 'build typescript dependencies' 0.011542000000190455
[NX v21.3.6 Daemon Server] - 2025-12-08T18:53:21.402Z - Wrote project graph cache to /Users/manfredsteyer/projects/trainings/flight-app/.nx/workspace-data/project-graph.json
[NX v21.3.6 Daemon Server] - 2025-12-08T18:53:21.402Z - [SYNC]: collect registered sync generators
[NX v21.3.6 Daemon Server] - 2025-12-08T18:53:21.402Z - [SYNC]: project graph hash is the same, not collecting task sync generators
[NX v21.3.6 Daemon Server] - 2025-12-08T18:53:21.402Z - [SYNC]: nx.json hash is the same, not collecting global sync generators
[NX v21.3.6 Daemon Server] - 2025-12-08T18:53:21.402Z - Time taken for 'total execution time for createProjectGraph()' 13.01708299999882ms
[NX v21.3.6 Daemon Server] - 2025-12-08T18:53:32.182Z - Established a connection. Number of open connections: 3
[NX v21.3.6 Daemon Server] - 2025-12-08T18:53:32.183Z - [REQUEST]: Client Request for Project Graph Received
[NX v21.3.6 Daemon Server] - 2025-12-08T18:53:32.184Z - Reusing in-memory cached project graph because no files changed.
[NX v21.3.6 Daemon Server] - 2025-12-08T18:53:32.184Z - [REQUEST]: Responding to the client. project-graph
[NX v21.3.6 Daemon Server] - 2025-12-08T18:53:32.186Z - Time taken for 'total for creating and serializing project graph' 0.36045800000283634ms
[NX v21.3.6 Daemon Server] - 2025-12-08T18:53:32.186Z - Closed a connection. Number of open connections: 2
[NX v21.3.6 Daemon Server] - 2025-12-08T18:53:32.191Z - Done responding to the client project-graph
[NX v21.3.6 Daemon Server] - 2025-12-08T18:53:32.192Z - Handled REQUEST_PROJECT_GRAPH. Handling time: 1. Response time: 8.
[NX v21.3.6 Daemon Server] - 2025-12-08T18:53:32.197Z - [REQUEST]: Responding to the client. handleContextFileData
[NX v21.3.6 Daemon Server] - 2025-12-08T18:53:32.197Z - Done responding to the client handleContextFileData
[NX v21.3.6 Daemon Server] - 2025-12-08T18:53:32.197Z - Handled GET_CONTEXT_FILE_DATA. Handling time: 0. Response time: 0.
[NX v21.3.6 Daemon Server] - 2025-12-08T18:53:32.197Z - Closed a connection. Number of open connections: 1
[NX v21.3.6 Daemon Server] - 2025-12-08T18:53:32.482Z - Closed a connection. Number of open connections: 0
[NX v21.3.6 Daemon Server] - 2025-12-08T18:53:32.483Z - Established a connection. Number of open connections: 1
[NX v21.3.6 Daemon Server] - 2025-12-08T18:53:32.483Z - Established a connection. Number of open connections: 2
[NX v21.3.6 Daemon Server] - 2025-12-08T18:53:32.483Z - Closed a connection. Number of open connections: 1
[NX v21.3.6 Daemon Server] - 2025-12-08T18:53:32.484Z - Established a connection. Number of open connections: 2
[NX v21.3.6 Daemon Server] - 2025-12-08T18:53:32.484Z - Closed a connection. Number of open connections: 1
[NX v21.3.6 Daemon Server] - 2025-12-08T18:53:32.485Z - [REQUEST]: Client Request for Project Graph Received
[NX v21.3.6 Daemon Server] - 2025-12-08T18:53:32.486Z - Reusing in-memory cached project graph because no files changed.
[NX v21.3.6 Daemon Server] - 2025-12-08T18:53:32.486Z - [REQUEST]: Responding to the client. project-graph
[NX v21.3.6 Daemon Server] - 2025-12-08T18:53:32.488Z - Time taken for 'total for creating and serializing project graph' 0.5479159999995318ms
[NX v21.3.6 Daemon Server] - 2025-12-08T18:53:32.490Z - Done responding to the client project-graph
[NX v21.3.6 Daemon Server] - 2025-12-08T18:53:32.490Z - Handled REQUEST_PROJECT_GRAPH. Handling time: 1. Response time: 4.
[NX v21.3.6 Daemon Server] - 2025-12-08T18:53:32.493Z - [REQUEST]: Client Request for Project Graph Received
[NX v21.3.6 Daemon Server] - 2025-12-08T18:53:32.493Z - Reusing in-memory cached project graph because no files changed.
[NX v21.3.6 Daemon Server] - 2025-12-08T18:53:32.493Z - [REQUEST]: Responding to the client. project-graph
[NX v21.3.6 Daemon Server] - 2025-12-08T18:53:32.496Z - Time taken for 'total for creating and serializing project graph' 0.4629580000000715ms
[NX v21.3.6 Daemon Server] - 2025-12-08T18:53:32.498Z - Done responding to the client project-graph
[NX v21.3.6 Daemon Server] - 2025-12-08T18:53:32.498Z - Handled REQUEST_PROJECT_GRAPH. Handling time: 0. Response time: 5.
[NX v21.3.6 Daemon Server] - 2025-12-08T18:53:32.499Z - Established a connection. Number of open connections: 2
[NX v21.3.6 Daemon Server] - 2025-12-08T18:54:19.308Z - [WATCHER]: Processing file changes in outputs
[NX v21.3.6 Daemon Server] - 2025-12-08T18:54:19.310Z - Closed a connection. Number of open connections: 1
[NX v21.3.6 Daemon Server] - 2025-12-08T18:54:19.310Z - Closed a connection. Number of open connections: 0
[NX v21.3.6 Daemon Server] - 2025-12-08T18:54:19.310Z - [WATCHER]: Stopping the watcher for /Users/manfredsteyer/projects/trainings/flight-app (sources)
[NX v21.3.6 Daemon Server] - 2025-12-08T18:54:19.310Z - [WATCHER]: Stopping the watcher for /Users/manfredsteyer/projects/trainings/flight-app (sources)
[NX v21.3.6 Daemon Server] - 2025-12-08T18:54:19.310Z - [WATCHER]: Stopping the watcher for /Users/manfredsteyer/projects/trainings/flight-app (outputs)
[NX v21.3.6 Daemon Server] - 2025-12-08T18:54:19.312Z - Server stopped because: "Stopping the daemon the set of ignored files changed (native)"
[NX v21.3.6 Daemon Server] - 2025-12-08T18:54:45.063Z - Started listening on: /private/var/folders/90/xlgjf5ms3ql9v9y8n8m3vgjh0000gn/T/49183e68a8dacc8c509e/d.sock
[NX v21.3.6 Daemon Server] - 2025-12-08T18:54:45.064Z - [WATCHER]: Subscribed to changes within: /Users/manfredsteyer/projects/trainings/flight-app (native)
[NX v21.3.6 Daemon Server] - 2025-12-08T18:54:45.074Z - Established a connection. Number of open connections: 1
[NX v21.3.6 Daemon Server] - 2025-12-08T18:54:45.075Z - Closed a connection. Number of open connections: 0
[NX v21.3.6 Daemon Server] - 2025-12-08T18:54:45.082Z - Established a connection. Number of open connections: 1
[NX v21.3.6 Daemon Server] - 2025-12-08T18:54:45.082Z - Established a connection. Number of open connections: 2
[NX v21.3.6 Daemon Server] - 2025-12-08T18:54:45.082Z - Closed a connection. Number of open connections: 1
[NX v21.3.6 Daemon Server] - 2025-12-08T18:54:45.083Z - [REQUEST]: Client Request for Project Graph Received
[NX v21.3.6 Daemon Server] - 2025-12-08T18:54:45.086Z - Time taken for 'loadSpecifiedNxPlugins' 1.3970420000000132ms
Time for 'plugin worker 39444 code loading' 1.9738749999999996
Time for 'plugin worker 39442 code loading' 1.927249999999999
Time for 'plugin worker 39443 code loading' 1.9347089999999998
[NX v21.3.6 Daemon Server] - 2025-12-08T18:54:45.126Z - [WATCHER]: Processing file changes in outputs
[NX v21.3.6 Daemon Server] - 2025-12-08T18:54:45.153Z - Time taken for 'Load Nx Plugin: /Users/manfredsteyer/projects/trainings/flight-app/node_modules/nx/src/plugins/project-json/build-nodes/project-json' 69.154333ms
[NX v21.3.6 Daemon Server] - 2025-12-08T18:54:45.153Z - Time taken for 'Load Nx Plugin: /Users/manfredsteyer/projects/trainings/flight-app/node_modules/nx/src/plugins/package-json' 69.997208ms
[NX v21.3.6 Daemon Server] - 2025-12-08T18:54:45.166Z - [REQUEST]: Updated workspace context based on watched changes, recomputing project graph...
[NX v21.3.6 Daemon Server] - 2025-12-08T18:54:45.166Z - [REQUEST]: 
[NX v21.3.6 Daemon Server] - 2025-12-08T18:54:45.166Z - [REQUEST]: 
[NX v21.3.6 Daemon Server] - 2025-12-08T18:54:45.166Z - No files changed, but no in-memory cached project graph found. Recomputing it...
[NX v21.3.6 Daemon Server] - 2025-12-08T18:54:45.169Z - Time taken for 'loadDefaultNxPlugins' 82.457166ms
Time for 'nx/core/package-json:createNodes' 0.45462499999999295
Time for 'nx/core/project-json:createNodes' 0.3531250000000057
Time for 'nx/js/dependencies-and-lockfile:createNodes' 9.693375000000003
[NX v21.3.6 Daemon Server] - 2025-12-08T18:54:45.201Z - Time taken for 'build-project-configs' 24.713458000000003ms
Time for 'build typescript dependencies' 14.157749999999993
[NX v21.3.6 Daemon Server] - 2025-12-08T18:54:45.263Z - Wrote project graph cache to /Users/manfredsteyer/projects/trainings/flight-app/.nx/workspace-data/project-graph.json
[NX v21.3.6 Daemon Server] - 2025-12-08T18:54:45.263Z - [SYNC]: collect registered sync generators
[NX v21.3.6 Daemon Server] - 2025-12-08T18:54:45.263Z - [REQUEST]: Responding to the client. project-graph
[NX v21.3.6 Daemon Server] - 2025-12-08T18:54:45.264Z - Time taken for 'total for creating and serializing project graph' 180.662625ms
[NX v21.3.6 Daemon Server] - 2025-12-08T18:54:45.264Z - Done responding to the client project-graph
[NX v21.3.6 Daemon Server] - 2025-12-08T18:54:45.264Z - Handled REQUEST_PROJECT_GRAPH. Handling time: 181. Response time: 1.
[NX v21.3.6 Daemon Server] - 2025-12-08T18:54:45.267Z - [REQUEST]: Responding to the client. handleContextFileData
[NX v21.3.6 Daemon Server] - 2025-12-08T18:54:45.267Z - Done responding to the client handleContextFileData
[NX v21.3.6 Daemon Server] - 2025-12-08T18:54:45.267Z - Handled GET_CONTEXT_FILE_DATA. Handling time: 0. Response time: 0.
[NX v21.3.6 Daemon Server] - 2025-12-08T18:54:45.268Z - Closed a connection. Number of open connections: 0
[NX v21.3.6 Daemon Server] - 2025-12-08T18:54:45.542Z - Established a connection. Number of open connections: 1
[NX v21.3.6 Daemon Server] - 2025-12-08T18:54:45.543Z - Established a connection. Number of open connections: 2
[NX v21.3.6 Daemon Server] - 2025-12-08T18:54:45.543Z - Closed a connection. Number of open connections: 1
[NX v21.3.6 Daemon Server] - 2025-12-08T18:54:45.543Z - Established a connection. Number of open connections: 2
[NX v21.3.6 Daemon Server] - 2025-12-08T18:54:45.543Z - Closed a connection. Number of open connections: 1
[NX v21.3.6 Daemon Server] - 2025-12-08T18:54:45.543Z - [REQUEST]: Client Request for Project Graph Received
[NX v21.3.6 Daemon Server] - 2025-12-08T18:54:45.543Z - Reusing in-memory cached project graph because no files changed.
[NX v21.3.6 Daemon Server] - 2025-12-08T18:54:45.543Z - [REQUEST]: Responding to the client. project-graph
[NX v21.3.6 Daemon Server] - 2025-12-08T18:54:45.544Z - Time taken for 'total for creating and serializing project graph' 0.1023330000000442ms
[NX v21.3.6 Daemon Server] - 2025-12-08T18:54:45.544Z - Done responding to the client project-graph
[NX v21.3.6 Daemon Server] - 2025-12-08T18:54:45.544Z - Handled REQUEST_PROJECT_GRAPH. Handling time: 0. Response time: 1.
[NX v21.3.6 Daemon Server] - 2025-12-08T18:54:45.547Z - [REQUEST]: Client Request for Project Graph Received
[NX v21.3.6 Daemon Server] - 2025-12-08T18:54:45.547Z - Reusing in-memory cached project graph because no files changed.
[NX v21.3.6 Daemon Server] - 2025-12-08T18:54:45.547Z - [REQUEST]: Responding to the client. project-graph
[NX v21.3.6 Daemon Server] - 2025-12-08T18:54:45.547Z - Time taken for 'total for creating and serializing project graph' 0.20529099999998834ms
[NX v21.3.6 Daemon Server] - 2025-12-08T18:54:45.549Z - Done responding to the client project-graph
[NX v21.3.6 Daemon Server] - 2025-12-08T18:54:45.549Z - Handled REQUEST_PROJECT_GRAPH. Handling time: 0. Response time: 2.
[NX v21.3.6 Daemon Server] - 2025-12-08T18:54:45.551Z - Established a connection. Number of open connections: 2
[NX v21.3.6 Daemon Server] - 2025-12-08T18:55:07.798Z - [WATCHER]: apps/flights/src/main.ts was modified
[NX v21.3.6 Daemon Server] - 2025-12-08T18:55:07.799Z - [REQUEST]: Responding to the client. File watch changed
[NX v21.3.6 Daemon Server] - 2025-12-08T18:55:07.799Z - Done responding to the client File watch changed
[NX v21.3.6 Daemon Server] - 2025-12-08T18:55:07.799Z - Handled FILE-WATCH-CHANGED. Handling time: 0. Response time: 0.
[NX v21.3.6 Daemon Server] - 2025-12-08T18:55:07.799Z - [WATCHER]: Processing file changes in outputs
[NX v21.3.6 Daemon Server] - 2025-12-08T18:55:07.799Z - Time taken for 'changed-projects' 0.31558399999994435ms
[NX v21.3.6 Daemon Server] - 2025-12-08T18:55:07.898Z - [REQUEST]: Updated workspace context based on watched changes, recomputing project graph...
[NX v21.3.6 Daemon Server] - 2025-12-08T18:55:07.898Z - [REQUEST]: apps/flights/src/main.ts
[NX v21.3.6 Daemon Server] - 2025-12-08T18:55:07.898Z - [REQUEST]: 
[NX v21.3.6 Daemon Server] - 2025-12-08T18:55:07.901Z - Time taken for 'hash changed files from watcher' 0.2638329999972484ms
Time for 'nx/core/package-json:createNodes' 0.5670420000024023
Time for 'nx/core/project-json:createNodes' 1.7525410000016564
Time for 'nx/js/dependencies-and-lockfile:createNodes' 7.428834000002098
[NX v21.3.6 Daemon Server] - 2025-12-08T18:55:07.916Z - Time taken for 'build-project-configs' 13.90479200000118ms
Time for 'build typescript dependencies' 3.0941659999989497
[NX v21.3.6 Daemon Server] - 2025-12-08T18:55:07.941Z - Wrote project graph cache to /Users/manfredsteyer/projects/trainings/flight-app/.nx/workspace-data/project-graph.json
[NX v21.3.6 Daemon Server] - 2025-12-08T18:55:07.941Z - [SYNC]: collect registered sync generators
[NX v21.3.6 Daemon Server] - 2025-12-08T18:55:07.941Z - [SYNC]: project graph hash is the same, not collecting task sync generators
[NX v21.3.6 Daemon Server] - 2025-12-08T18:55:07.941Z - [SYNC]: nx.json hash is the same, not collecting global sync generators
[NX v21.3.6 Daemon Server] - 2025-12-08T18:55:07.941Z - Time taken for 'total execution time for createProjectGraph()' 22.401708000001236ms
[NX v21.3.6 Daemon Server] - 2025-12-08T18:55:07.974Z - [WATCHER]: apps/flights/src/main.ts was modified
[NX v21.3.6 Daemon Server] - 2025-12-08T18:55:07.974Z - [REQUEST]: Responding to the client. File watch changed
[NX v21.3.6 Daemon Server] - 2025-12-08T18:55:07.974Z - Done responding to the client File watch changed
[NX v21.3.6 Daemon Server] - 2025-12-08T18:55:07.974Z - Handled FILE-WATCH-CHANGED. Handling time: 0. Response time: 0.
[NX v21.3.6 Daemon Server] - 2025-12-08T18:55:07.974Z - [WATCHER]: Processing file changes in outputs
[NX v21.3.6 Daemon Server] - 2025-12-08T18:55:07.974Z - Time taken for 'changed-projects' 0.03608399999939138ms
[NX v21.3.6 Daemon Server] - 2025-12-08T18:55:08.175Z - [REQUEST]: Updated workspace context based on watched changes, recomputing project graph...
[NX v21.3.6 Daemon Server] - 2025-12-08T18:55:08.175Z - [REQUEST]: apps/flights/src/main.ts
[NX v21.3.6 Daemon Server] - 2025-12-08T18:55:08.175Z - [REQUEST]: 
Time for 'nx/core/package-json:createNodes' 0.83941699999923
[NX v21.3.6 Daemon Server] - 2025-12-08T18:55:08.181Z - Time taken for 'hash changed files from watcher' 0.6902499999996508ms
Time for 'nx/core/project-json:createNodes' 1.0200829999994312
Time for 'nx/js/dependencies-and-lockfile:createNodes' 11.319040999998833
[NX v21.3.6 Daemon Server] - 2025-12-08T18:55:08.196Z - Time taken for 'build-project-configs' 16.52229200000147ms
Time for 'build typescript dependencies' 0.009291999998822575
[NX v21.3.6 Daemon Server] - 2025-12-08T18:55:08.212Z - Wrote project graph cache to /Users/manfredsteyer/projects/trainings/flight-app/.nx/workspace-data/project-graph.json
[NX v21.3.6 Daemon Server] - 2025-12-08T18:55:08.212Z - [SYNC]: collect registered sync generators
[NX v21.3.6 Daemon Server] - 2025-12-08T18:55:08.212Z - [SYNC]: project graph hash is the same, not collecting task sync generators
[NX v21.3.6 Daemon Server] - 2025-12-08T18:55:08.212Z - [SYNC]: nx.json hash is the same, not collecting global sync generators
[NX v21.3.6 Daemon Server] - 2025-12-08T18:55:08.212Z - Time taken for 'total execution time for createProjectGraph()' 13.549874999996973ms
[NX v21.3.6 Daemon Server] - 2025-12-08T18:55:09.858Z - [WATCHER]: apps/flights/src/main.ts was modified
[NX v21.3.6 Daemon Server] - 2025-12-08T18:55:09.858Z - [REQUEST]: Responding to the client. File watch changed
[NX v21.3.6 Daemon Server] - 2025-12-08T18:55:09.858Z - Done responding to the client File watch changed
[NX v21.3.6 Daemon Server] - 2025-12-08T18:55:09.858Z - Handled FILE-WATCH-CHANGED. Handling time: 0. Response time: 0.
[NX v21.3.6 Daemon Server] - 2025-12-08T18:55:09.859Z - [WATCHER]: Processing file changes in outputs
[NX v21.3.6 Daemon Server] - 2025-12-08T18:55:09.859Z - Time taken for 'changed-projects' 0.14070800000263262ms
[NX v21.3.6 Daemon Server] - 2025-12-08T18:55:10.258Z - [REQUEST]: Updated workspace context based on watched changes, recomputing project graph...
[NX v21.3.6 Daemon Server] - 2025-12-08T18:55:10.258Z - [REQUEST]: apps/flights/src/main.ts
[NX v21.3.6 Daemon Server] - 2025-12-08T18:55:10.258Z - [REQUEST]: 
[NX v21.3.6 Daemon Server] - 2025-12-08T18:55:10.259Z - Time taken for 'hash changed files from watcher' 0.13025000000197906ms
Time for 'nx/core/package-json:createNodes' 0.26354199999695993
Time for 'nx/core/project-json:createNodes' 0.19587500000125146
Time for 'nx/js/dependencies-and-lockfile:createNodes' 3.6990420000001905
[NX v21.3.6 Daemon Server] - 2025-12-08T18:55:10.268Z - Time taken for 'build-project-configs' 7.471290999998018ms
Time for 'build typescript dependencies' 0.010624999998981366
[NX v21.3.6 Daemon Server] - 2025-12-08T18:55:10.286Z - Wrote project graph cache to /Users/manfredsteyer/projects/trainings/flight-app/.nx/workspace-data/project-graph.json
[NX v21.3.6 Daemon Server] - 2025-12-08T18:55:10.286Z - [SYNC]: collect registered sync generators
[NX v21.3.6 Daemon Server] - 2025-12-08T18:55:10.286Z - [SYNC]: project graph hash is the same, not collecting task sync generators
[NX v21.3.6 Daemon Server] - 2025-12-08T18:55:10.286Z - [SYNC]: nx.json hash is the same, not collecting global sync generators
[NX v21.3.6 Daemon Server] - 2025-12-08T18:55:10.287Z - Time taken for 'total execution time for createProjectGraph()' 15.785749999999098ms
[NX v21.3.6 Daemon Server] - 2025-12-08T18:55:20.864Z - Established a connection. Number of open connections: 3
[NX v21.3.6 Daemon Server] - 2025-12-08T18:55:20.865Z - [REQUEST]: Client Request for Project Graph Received
[NX v21.3.6 Daemon Server] - 2025-12-08T18:55:20.866Z - Reusing in-memory cached project graph because no files changed.
[NX v21.3.6 Daemon Server] - 2025-12-08T18:55:20.866Z - [REQUEST]: Responding to the client. project-graph
[NX v21.3.6 Daemon Server] - 2025-12-08T18:55:20.867Z - Time taken for 'total for creating and serializing project graph' 0.4523750000007567ms
[NX v21.3.6 Daemon Server] - 2025-12-08T18:55:20.867Z - Closed a connection. Number of open connections: 2
[NX v21.3.6 Daemon Server] - 2025-12-08T18:55:20.870Z - Done responding to the client project-graph
[NX v21.3.6 Daemon Server] - 2025-12-08T18:55:20.870Z - Handled REQUEST_PROJECT_GRAPH. Handling time: 1. Response time: 4.
[NX v21.3.6 Daemon Server] - 2025-12-08T18:55:20.877Z - [REQUEST]: Responding to the client. handleContextFileData
[NX v21.3.6 Daemon Server] - 2025-12-08T18:55:20.877Z - Done responding to the client handleContextFileData
[NX v21.3.6 Daemon Server] - 2025-12-08T18:55:20.877Z - Handled GET_CONTEXT_FILE_DATA. Handling time: 1. Response time: 0.
[NX v21.3.6 Daemon Server] - 2025-12-08T18:55:20.878Z - Closed a connection. Number of open connections: 1
[NX v21.3.6 Daemon Server] - 2025-12-08T18:55:21.018Z - Closed a connection. Number of open connections: 0
[NX v21.3.6 Daemon Server] - 2025-12-08T18:55:21.018Z - Established a connection. Number of open connections: 1
[NX v21.3.6 Daemon Server] - 2025-12-08T18:55:21.019Z - Established a connection. Number of open connections: 2
[NX v21.3.6 Daemon Server] - 2025-12-08T18:55:21.019Z - Closed a connection. Number of open connections: 1
[NX v21.3.6 Daemon Server] - 2025-12-08T18:55:21.019Z - Established a connection. Number of open connections: 2
[NX v21.3.6 Daemon Server] - 2025-12-08T18:55:21.019Z - Closed a connection. Number of open connections: 1
[NX v21.3.6 Daemon Server] - 2025-12-08T18:55:21.019Z - [REQUEST]: Client Request for Project Graph Received
[NX v21.3.6 Daemon Server] - 2025-12-08T18:55:21.019Z - Reusing in-memory cached project graph because no files changed.
[NX v21.3.6 Daemon Server] - 2025-12-08T18:55:21.019Z - [REQUEST]: Responding to the client. project-graph
[NX v21.3.6 Daemon Server] - 2025-12-08T18:55:21.020Z - Time taken for 'total for creating and serializing project graph' 0.12154200000077253ms
[NX v21.3.6 Daemon Server] - 2025-12-08T18:55:21.024Z - Done responding to the client project-graph
[NX v21.3.6 Daemon Server] - 2025-12-08T18:55:21.024Z - Handled REQUEST_PROJECT_GRAPH. Handling time: 0. Response time: 5.
[NX v21.3.6 Daemon Server] - 2025-12-08T18:55:21.026Z - [REQUEST]: Client Request for Project Graph Received
[NX v21.3.6 Daemon Server] - 2025-12-08T18:55:21.026Z - Reusing in-memory cached project graph because no files changed.
[NX v21.3.6 Daemon Server] - 2025-12-08T18:55:21.026Z - [REQUEST]: Responding to the client. project-graph
[NX v21.3.6 Daemon Server] - 2025-12-08T18:55:21.027Z - Time taken for 'total for creating and serializing project graph' 0.12816600000223843ms
[NX v21.3.6 Daemon Server] - 2025-12-08T18:55:21.028Z - Done responding to the client project-graph
[NX v21.3.6 Daemon Server] - 2025-12-08T18:55:21.028Z - Handled REQUEST_PROJECT_GRAPH. Handling time: 0. Response time: 2.
[NX v21.3.6 Daemon Server] - 2025-12-08T18:55:21.030Z - Established a connection. Number of open connections: 2
[NX v21.3.6 Daemon Server] - 2025-12-08T18:55:24.356Z - [WATCHER]: apps/boarding/src/app/app.config.ts was modified
[NX v21.3.6 Daemon Server] - 2025-12-08T18:55:24.356Z - [REQUEST]: Responding to the client. File watch changed
[NX v21.3.6 Daemon Server] - 2025-12-08T18:55:24.357Z - Done responding to the client File watch changed
[NX v21.3.6 Daemon Server] - 2025-12-08T18:55:24.357Z - Handled FILE-WATCH-CHANGED. Handling time: 0. Response time: 1.
[NX v21.3.6 Daemon Server] - 2025-12-08T18:55:24.357Z - [WATCHER]: Processing file changes in outputs
[NX v21.3.6 Daemon Server] - 2025-12-08T18:55:24.357Z - Time taken for 'changed-projects' 0.41304200000013225ms
[NX v21.3.6 Daemon Server] - 2025-12-08T18:55:24.457Z - [REQUEST]: Updated workspace context based on watched changes, recomputing project graph...
[NX v21.3.6 Daemon Server] - 2025-12-08T18:55:24.457Z - [REQUEST]: apps/boarding/src/app/app.config.ts
[NX v21.3.6 Daemon Server] - 2025-12-08T18:55:24.457Z - [REQUEST]: 
[NX v21.3.6 Daemon Server] - 2025-12-08T18:55:24.459Z - Time taken for 'hash changed files from watcher' 0.27595799999835435ms
Time for 'nx/core/package-json:createNodes' 0.30174999999871943
Time for 'nx/core/project-json:createNodes' 0.3524169999946025
Time for 'nx/js/dependencies-and-lockfile:createNodes' 11.642375000003085
[NX v21.3.6 Daemon Server] - 2025-12-08T18:55:24.479Z - Time taken for 'build-project-configs' 18.520375000000058ms
Time for 'build typescript dependencies' 2.6026249999995343
[NX v21.3.6 Daemon Server] - 2025-12-08T18:55:24.501Z - Wrote project graph cache to /Users/manfredsteyer/projects/trainings/flight-app/.nx/workspace-data/project-graph.json
[NX v21.3.6 Daemon Server] - 2025-12-08T18:55:24.501Z - [SYNC]: collect registered sync generators
[NX v21.3.6 Daemon Server] - 2025-12-08T18:55:24.501Z - [SYNC]: project graph hash is the same, not collecting task sync generators
[NX v21.3.6 Daemon Server] - 2025-12-08T18:55:24.501Z - [SYNC]: nx.json hash is the same, not collecting global sync generators
[NX v21.3.6 Daemon Server] - 2025-12-08T18:55:24.501Z - Time taken for 'total execution time for createProjectGraph()' 18.985583000001498ms
[NX v21.3.6 Daemon Server] - 2025-12-08T18:55:35.363Z - Established a connection. Number of open connections: 3
[NX v21.3.6 Daemon Server] - 2025-12-08T18:55:35.364Z - [REQUEST]: Client Request for Project Graph Received
[NX v21.3.6 Daemon Server] - 2025-12-08T18:55:35.365Z - Reusing in-memory cached project graph because no files changed.
[NX v21.3.6 Daemon Server] - 2025-12-08T18:55:35.365Z - [REQUEST]: Responding to the client. project-graph
[NX v21.3.6 Daemon Server] - 2025-12-08T18:55:35.366Z - Time taken for 'total for creating and serializing project graph' 0.33016700000007404ms
[NX v21.3.6 Daemon Server] - 2025-12-08T18:55:35.366Z - Closed a connection. Number of open connections: 2
[NX v21.3.6 Daemon Server] - 2025-12-08T18:55:35.368Z - Done responding to the client project-graph
[NX v21.3.6 Daemon Server] - 2025-12-08T18:55:35.368Z - Handled REQUEST_PROJECT_GRAPH. Handling time: 1. Response time: 3.
[NX v21.3.6 Daemon Server] - 2025-12-08T18:55:35.375Z - [REQUEST]: Responding to the client. handleContextFileData
[NX v21.3.6 Daemon Server] - 2025-12-08T18:55:35.375Z - Done responding to the client handleContextFileData
[NX v21.3.6 Daemon Server] - 2025-12-08T18:55:35.375Z - Handled GET_CONTEXT_FILE_DATA. Handling time: 0. Response time: 0.
[NX v21.3.6 Daemon Server] - 2025-12-08T18:55:35.376Z - Closed a connection. Number of open connections: 1
[NX v21.3.6 Daemon Server] - 2025-12-08T18:55:35.426Z - Closed a connection. Number of open connections: 0
[NX v21.3.6 Daemon Server] - 2025-12-08T18:55:35.426Z - Established a connection. Number of open connections: 1
[NX v21.3.6 Daemon Server] - 2025-12-08T18:55:35.426Z - Closed a connection. Number of open connections: 0
[NX v21.3.6 Daemon Server] - 2025-12-08T18:55:35.426Z - Established a connection. Number of open connections: 1
[NX v21.3.6 Daemon Server] - 2025-12-08T18:55:35.427Z - Established a connection. Number of open connections: 2
[NX v21.3.6 Daemon Server] - 2025-12-08T18:55:35.427Z - Closed a connection. Number of open connections: 1
[NX v21.3.6 Daemon Server] - 2025-12-08T18:55:35.427Z - [REQUEST]: Client Request for Project Graph Received
[NX v21.3.6 Daemon Server] - 2025-12-08T18:55:35.427Z - Reusing in-memory cached project graph because no files changed.
[NX v21.3.6 Daemon Server] - 2025-12-08T18:55:35.427Z - [REQUEST]: Responding to the client. project-graph
[NX v21.3.6 Daemon Server] - 2025-12-08T18:55:35.427Z - Time taken for 'total for creating and serializing project graph' 0.08733400000346592ms
[NX v21.3.6 Daemon Server] - 2025-12-08T18:55:35.428Z - Done responding to the client project-graph
[NX v21.3.6 Daemon Server] - 2025-12-08T18:55:35.428Z - Handled REQUEST_PROJECT_GRAPH. Handling time: 0. Response time: 1.
[NX v21.3.6 Daemon Server] - 2025-12-08T18:55:35.430Z - [REQUEST]: Client Request for Project Graph Received
[NX v21.3.6 Daemon Server] - 2025-12-08T18:55:35.430Z - Reusing in-memory cached project graph because no files changed.
[NX v21.3.6 Daemon Server] - 2025-12-08T18:55:35.430Z - [REQUEST]: Responding to the client. project-graph
[NX v21.3.6 Daemon Server] - 2025-12-08T18:55:35.431Z - Time taken for 'total for creating and serializing project graph' 0.08058300000266172ms
[NX v21.3.6 Daemon Server] - 2025-12-08T18:55:35.431Z - Done responding to the client project-graph
[NX v21.3.6 Daemon Server] - 2025-12-08T18:55:35.431Z - Handled REQUEST_PROJECT_GRAPH. Handling time: 0. Response time: 1.
[NX v21.3.6 Daemon Server] - 2025-12-08T18:55:35.433Z - Established a connection. Number of open connections: 2
[NX v21.3.6 Daemon Server] - 2025-12-08T18:55:38.467Z - [WATCHER]: apps/boarding/src/app/app.config.ts was modified
[NX v21.3.6 Daemon Server] - 2025-12-08T18:55:38.468Z - [REQUEST]: Responding to the client. File watch changed
[NX v21.3.6 Daemon Server] - 2025-12-08T18:55:38.468Z - Done responding to the client File watch changed
[NX v21.3.6 Daemon Server] - 2025-12-08T18:55:38.468Z - Handled FILE-WATCH-CHANGED. Handling time: 0. Response time: 0.
[NX v21.3.6 Daemon Server] - 2025-12-08T18:55:38.468Z - [WATCHER]: Processing file changes in outputs
[NX v21.3.6 Daemon Server] - 2025-12-08T18:55:38.468Z - Time taken for 'changed-projects' 0.05779199999960838ms
[NX v21.3.6 Daemon Server] - 2025-12-08T18:55:38.569Z - [REQUEST]: Updated workspace context based on watched changes, recomputing project graph...
[NX v21.3.6 Daemon Server] - 2025-12-08T18:55:38.569Z - [REQUEST]: apps/boarding/src/app/app.config.ts
[NX v21.3.6 Daemon Server] - 2025-12-08T18:55:38.569Z - [REQUEST]: 
[NX v21.3.6 Daemon Server] - 2025-12-08T18:55:38.572Z - Time taken for 'hash changed files from watcher' 0.40466700000251876ms
Time for 'nx/core/package-json:createNodes' 0.6426250000004075
Time for 'nx/core/project-json:createNodes' 2.1414159999985714
Time for 'nx/js/dependencies-and-lockfile:createNodes' 11.941749999998137
[NX v21.3.6 Daemon Server] - 2025-12-08T18:55:38.590Z - Time taken for 'build-project-configs' 17.67583300000115ms
Time for 'build typescript dependencies' 2.8253750000003492
[NX v21.3.6 Daemon Server] - 2025-12-08T18:55:38.613Z - Wrote project graph cache to /Users/manfredsteyer/projects/trainings/flight-app/.nx/workspace-data/project-graph.json
[NX v21.3.6 Daemon Server] - 2025-12-08T18:55:38.613Z - [SYNC]: collect registered sync generators
[NX v21.3.6 Daemon Server] - 2025-12-08T18:55:38.613Z - [SYNC]: project graph hash is the same, not collecting task sync generators
[NX v21.3.6 Daemon Server] - 2025-12-08T18:55:38.613Z - [SYNC]: nx.json hash is the same, not collecting global sync generators
[NX v21.3.6 Daemon Server] - 2025-12-08T18:55:38.613Z - Time taken for 'total execution time for createProjectGraph()' 19.699749999999767ms
[NX v21.3.6 Daemon Server] - 2025-12-08T18:55:38.692Z - [WATCHER]: apps/boarding/src/app/app.config.ts was modified
[NX v21.3.6 Daemon Server] - 2025-12-08T18:55:38.692Z - [REQUEST]: Responding to the client. File watch changed
[NX v21.3.6 Daemon Server] - 2025-12-08T18:55:38.692Z - Done responding to the client File watch changed
[NX v21.3.6 Daemon Server] - 2025-12-08T18:55:38.692Z - Handled FILE-WATCH-CHANGED. Handling time: 0. Response time: 0.
[NX v21.3.6 Daemon Server] - 2025-12-08T18:55:38.692Z - [WATCHER]: Processing file changes in outputs
[NX v21.3.6 Daemon Server] - 2025-12-08T18:55:38.692Z - Time taken for 'changed-projects' 0.037374999999883585ms
[NX v21.3.6 Daemon Server] - 2025-12-08T18:55:38.874Z - [WATCHER]: apps/boarding/src/app/app.config.ts was modified
[NX v21.3.6 Daemon Server] - 2025-12-08T18:55:38.875Z - [REQUEST]: Responding to the client. File watch changed
[NX v21.3.6 Daemon Server] - 2025-12-08T18:55:38.875Z - Done responding to the client File watch changed
[NX v21.3.6 Daemon Server] - 2025-12-08T18:55:38.875Z - Handled FILE-WATCH-CHANGED. Handling time: 0. Response time: 0.
[NX v21.3.6 Daemon Server] - 2025-12-08T18:55:38.875Z - [WATCHER]: Processing file changes in outputs
[NX v21.3.6 Daemon Server] - 2025-12-08T18:55:38.875Z - Time taken for 'changed-projects' 0.026417000000947155ms
[NX v21.3.6 Daemon Server] - 2025-12-08T18:55:38.893Z - [REQUEST]: Updated workspace context based on watched changes, recomputing project graph...
[NX v21.3.6 Daemon Server] - 2025-12-08T18:55:38.893Z - [REQUEST]: apps/boarding/src/app/app.config.ts
[NX v21.3.6 Daemon Server] - 2025-12-08T18:55:38.893Z - [REQUEST]: 
[NX v21.3.6 Daemon Server] - 2025-12-08T18:55:38.894Z - Time taken for 'hash changed files from watcher' 0.13866699999925913ms
Time for 'nx/core/package-json:createNodes' 0.25033300000359304
Time for 'nx/core/project-json:createNodes' 0.22291699999914272
Time for 'nx/js/dependencies-and-lockfile:createNodes' 3.834374999998545
[NX v21.3.6 Daemon Server] - 2025-12-08T18:55:38.903Z - Time taken for 'build-project-configs' 7.314624999999069ms
Time for 'build typescript dependencies' 0.009541999999783002
[NX v21.3.6 Daemon Server] - 2025-12-08T18:55:38.921Z - Wrote project graph cache to /Users/manfredsteyer/projects/trainings/flight-app/.nx/workspace-data/project-graph.json
[NX v21.3.6 Daemon Server] - 2025-12-08T18:55:38.921Z - [SYNC]: collect registered sync generators
[NX v21.3.6 Daemon Server] - 2025-12-08T18:55:38.922Z - [SYNC]: project graph hash is the same, not collecting task sync generators
[NX v21.3.6 Daemon Server] - 2025-12-08T18:55:38.922Z - [SYNC]: nx.json hash is the same, not collecting global sync generators
[NX v21.3.6 Daemon Server] - 2025-12-08T18:55:38.922Z - Time taken for 'total execution time for createProjectGraph()' 16.06395799999882ms
[NX v21.3.6 Daemon Server] - 2025-12-08T18:55:49.881Z - Established a connection. Number of open connections: 3
[NX v21.3.6 Daemon Server] - 2025-12-08T18:55:49.882Z - [REQUEST]: Client Request for Project Graph Received
[NX v21.3.6 Daemon Server] - 2025-12-08T18:55:49.882Z - Reusing in-memory cached project graph because no files changed.
[NX v21.3.6 Daemon Server] - 2025-12-08T18:55:49.883Z - [REQUEST]: Responding to the client. project-graph
[NX v21.3.6 Daemon Server] - 2025-12-08T18:55:49.884Z - Time taken for 'total for creating and serializing project graph' 0.5603340000016033ms
[NX v21.3.6 Daemon Server] - 2025-12-08T18:55:49.884Z - Closed a connection. Number of open connections: 2
[NX v21.3.6 Daemon Server] - 2025-12-08T18:55:49.886Z - Done responding to the client project-graph
[NX v21.3.6 Daemon Server] - 2025-12-08T18:55:49.886Z - Handled REQUEST_PROJECT_GRAPH. Handling time: 1. Response time: 3.
[NX v21.3.6 Daemon Server] - 2025-12-08T18:55:49.892Z - [REQUEST]: Responding to the client. handleContextFileData
[NX v21.3.6 Daemon Server] - 2025-12-08T18:55:49.893Z - Done responding to the client handleContextFileData
[NX v21.3.6 Daemon Server] - 2025-12-08T18:55:49.893Z - Handled GET_CONTEXT_FILE_DATA. Handling time: 0. Response time: 1.
[NX v21.3.6 Daemon Server] - 2025-12-08T18:55:49.893Z - Closed a connection. Number of open connections: 1
[NX v21.3.6 Daemon Server] - 2025-12-08T18:55:49.938Z - Closed a connection. Number of open connections: 0
[NX v21.3.6 Daemon Server] - 2025-12-08T18:55:49.938Z - Established a connection. Number of open connections: 1
[NX v21.3.6 Daemon Server] - 2025-12-08T18:55:49.938Z - Established a connection. Number of open connections: 2
[NX v21.3.6 Daemon Server] - 2025-12-08T18:55:49.938Z - Closed a connection. Number of open connections: 1
[NX v21.3.6 Daemon Server] - 2025-12-08T18:55:49.939Z - Established a connection. Number of open connections: 2
[NX v21.3.6 Daemon Server] - 2025-12-08T18:55:49.939Z - Closed a connection. Number of open connections: 1
[NX v21.3.6 Daemon Server] - 2025-12-08T18:55:49.939Z - [REQUEST]: Client Request for Project Graph Received
[NX v21.3.6 Daemon Server] - 2025-12-08T18:55:49.939Z - Reusing in-memory cached project graph because no files changed.
[NX v21.3.6 Daemon Server] - 2025-12-08T18:55:49.939Z - [REQUEST]: Responding to the client. project-graph
[NX v21.3.6 Daemon Server] - 2025-12-08T18:55:49.939Z - Time taken for 'total for creating and serializing project graph' 0.08633300000656163ms
[NX v21.3.6 Daemon Server] - 2025-12-08T18:55:49.940Z - Done responding to the client project-graph
[NX v21.3.6 Daemon Server] - 2025-12-08T18:55:49.940Z - Handled REQUEST_PROJECT_GRAPH. Handling time: 0. Response time: 1.
[NX v21.3.6 Daemon Server] - 2025-12-08T18:55:49.942Z - [REQUEST]: Client Request for Project Graph Received
[NX v21.3.6 Daemon Server] - 2025-12-08T18:55:49.942Z - Reusing in-memory cached project graph because no files changed.
[NX v21.3.6 Daemon Server] - 2025-12-08T18:55:49.942Z - [REQUEST]: Responding to the client. project-graph
[NX v21.3.6 Daemon Server] - 2025-12-08T18:55:49.942Z - Time taken for 'total for creating and serializing project graph' 0.06274999999732245ms
[NX v21.3.6 Daemon Server] - 2025-12-08T18:55:49.943Z - Done responding to the client project-graph
[NX v21.3.6 Daemon Server] - 2025-12-08T18:55:49.943Z - Handled REQUEST_PROJECT_GRAPH. Handling time: 0. Response time: 1.
[NX v21.3.6 Daemon Server] - 2025-12-08T18:55:49.945Z - Established a connection. Number of open connections: 2
[NX v21.3.6 Daemon Server] - 2025-12-08T18:55:50.878Z - [WATCHER]: Processing file changes in outputs
[NX v21.3.6 Daemon Server] - 2025-12-08T18:55:50.879Z - [WATCHER]: apps/boarding/src/app/app.config.ts was modified
[NX v21.3.6 Daemon Server] - 2025-12-08T18:55:50.880Z - [REQUEST]: Responding to the client. File watch changed
[NX v21.3.6 Daemon Server] - 2025-12-08T18:55:50.880Z - Done responding to the client File watch changed
[NX v21.3.6 Daemon Server] - 2025-12-08T18:55:50.880Z - Handled FILE-WATCH-CHANGED. Handling time: 0. Response time: 0.
[NX v21.3.6 Daemon Server] - 2025-12-08T18:55:50.880Z - Time taken for 'changed-projects' 0.10916700000234414ms
[NX v21.3.6 Daemon Server] - 2025-12-08T18:55:50.980Z - [REQUEST]: Updated workspace context based on watched changes, recomputing project graph...
[NX v21.3.6 Daemon Server] - 2025-12-08T18:55:50.980Z - [REQUEST]: apps/boarding/src/app/app.config.ts
[NX v21.3.6 Daemon Server] - 2025-12-08T18:55:50.980Z - [REQUEST]: 
[NX v21.3.6 Daemon Server] - 2025-12-08T18:55:50.983Z - Time taken for 'hash changed files from watcher' 0.7014999999955762ms
Time for 'nx/core/package-json:createNodes' 0.8403330000001006
Time for 'nx/core/project-json:createNodes' 0.9429579999996349
Time for 'nx/js/dependencies-and-lockfile:createNodes' 10.737582999994629
[NX v21.3.6 Daemon Server] - 2025-12-08T18:55:51.002Z - Time taken for 'build-project-configs' 17.34625000000233ms
Time for 'build typescript dependencies' 0.012583000003360212
[NX v21.3.6 Daemon Server] - 2025-12-08T18:55:51.020Z - Wrote project graph cache to /Users/manfredsteyer/projects/trainings/flight-app/.nx/workspace-data/project-graph.json
[NX v21.3.6 Daemon Server] - 2025-12-08T18:55:51.020Z - [SYNC]: collect registered sync generators
[NX v21.3.6 Daemon Server] - 2025-12-08T18:55:51.020Z - [SYNC]: project graph hash is the same, not collecting task sync generators
[NX v21.3.6 Daemon Server] - 2025-12-08T18:55:51.020Z - [SYNC]: nx.json hash is the same, not collecting global sync generators
[NX v21.3.6 Daemon Server] - 2025-12-08T18:55:51.020Z - Time taken for 'total execution time for createProjectGraph()' 15.565208999993047ms
[NX v21.3.6 Daemon Server] - 2025-12-08T18:56:01.886Z - Established a connection. Number of open connections: 3
[NX v21.3.6 Daemon Server] - 2025-12-08T18:56:01.888Z - [REQUEST]: Client Request for Project Graph Received
[NX v21.3.6 Daemon Server] - 2025-12-08T18:56:01.888Z - Reusing in-memory cached project graph because no files changed.
[NX v21.3.6 Daemon Server] - 2025-12-08T18:56:01.888Z - [REQUEST]: Responding to the client. project-graph
[NX v21.3.6 Daemon Server] - 2025-12-08T18:56:01.889Z - Time taken for 'total for creating and serializing project graph' 0.34854200000700075ms
[NX v21.3.6 Daemon Server] - 2025-12-08T18:56:01.889Z - Closed a connection. Number of open connections: 2
[NX v21.3.6 Daemon Server] - 2025-12-08T18:56:01.892Z - Done responding to the client project-graph
[NX v21.3.6 Daemon Server] - 2025-12-08T18:56:01.892Z - Handled REQUEST_PROJECT_GRAPH. Handling time: 0. Response time: 4.
[NX v21.3.6 Daemon Server] - 2025-12-08T18:56:01.898Z - [REQUEST]: Responding to the client. handleContextFileData
[NX v21.3.6 Daemon Server] - 2025-12-08T18:56:01.898Z - Done responding to the client handleContextFileData
[NX v21.3.6 Daemon Server] - 2025-12-08T18:56:01.899Z - Handled GET_CONTEXT_FILE_DATA. Handling time: 0. Response time: 1.
[NX v21.3.6 Daemon Server] - 2025-12-08T18:56:01.899Z - Closed a connection. Number of open connections: 1
[NX v21.3.6 Daemon Server] - 2025-12-08T18:56:01.939Z - Closed a connection. Number of open connections: 0
[NX v21.3.6 Daemon Server] - 2025-12-08T18:56:01.940Z - Established a connection. Number of open connections: 1
[NX v21.3.6 Daemon Server] - 2025-12-08T18:56:01.940Z - Established a connection. Number of open connections: 2
[NX v21.3.6 Daemon Server] - 2025-12-08T18:56:01.940Z - Closed a connection. Number of open connections: 1
[NX v21.3.6 Daemon Server] - 2025-12-08T18:56:01.940Z - Established a connection. Number of open connections: 2
[NX v21.3.6 Daemon Server] - 2025-12-08T18:56:01.940Z - Closed a connection. Number of open connections: 1
[NX v21.3.6 Daemon Server] - 2025-12-08T18:56:01.940Z - [REQUEST]: Client Request for Project Graph Received
[NX v21.3.6 Daemon Server] - 2025-12-08T18:56:01.940Z - Reusing in-memory cached project graph because no files changed.
[NX v21.3.6 Daemon Server] - 2025-12-08T18:56:01.940Z - [REQUEST]: Responding to the client. project-graph
[NX v21.3.6 Daemon Server] - 2025-12-08T18:56:01.941Z - Time taken for 'total for creating and serializing project graph' 0.09195800000452437ms
[NX v21.3.6 Daemon Server] - 2025-12-08T18:56:01.942Z - Done responding to the client project-graph
[NX v21.3.6 Daemon Server] - 2025-12-08T18:56:01.942Z - Handled REQUEST_PROJECT_GRAPH. Handling time: 0. Response time: 2.
[NX v21.3.6 Daemon Server] - 2025-12-08T18:56:01.944Z - [REQUEST]: Client Request for Project Graph Received
[NX v21.3.6 Daemon Server] - 2025-12-08T18:56:01.944Z - Reusing in-memory cached project graph because no files changed.
[NX v21.3.6 Daemon Server] - 2025-12-08T18:56:01.944Z - [REQUEST]: Responding to the client. project-graph
[NX v21.3.6 Daemon Server] - 2025-12-08T18:56:01.944Z - Time taken for 'total for creating and serializing project graph' 0.09529100000509061ms
[NX v21.3.6 Daemon Server] - 2025-12-08T18:56:01.947Z - Done responding to the client project-graph
[NX v21.3.6 Daemon Server] - 2025-12-08T18:56:01.947Z - Handled REQUEST_PROJECT_GRAPH. Handling time: 0. Response time: 3.
[NX v21.3.6 Daemon Server] - 2025-12-08T18:56:01.949Z - Established a connection. Number of open connections: 2
[NX v21.3.6 Daemon Server] - 2025-12-08T18:56:49.091Z - Established a connection. Number of open connections: 3
[NX v21.3.6 Daemon Server] - 2025-12-08T18:56:49.091Z - Established a connection. Number of open connections: 4
[NX v21.3.6 Daemon Server] - 2025-12-08T18:56:49.092Z - Closed a connection. Number of open connections: 3
[NX v21.3.6 Daemon Server] - 2025-12-08T18:56:49.093Z - [REQUEST]: Client Request for Project Graph Received
[NX v21.3.6 Daemon Server] - 2025-12-08T18:56:49.094Z - Reusing in-memory cached project graph because no files changed.
[NX v21.3.6 Daemon Server] - 2025-12-08T18:56:49.094Z - [REQUEST]: Responding to the client. project-graph
[NX v21.3.6 Daemon Server] - 2025-12-08T18:56:49.095Z - Time taken for 'total for creating and serializing project graph' 0.6973329999891575ms
[NX v21.3.6 Daemon Server] - 2025-12-08T18:56:49.097Z - Done responding to the client project-graph
[NX v21.3.6 Daemon Server] - 2025-12-08T18:56:49.097Z - Handled REQUEST_PROJECT_GRAPH. Handling time: 1. Response time: 3.
[NX v21.3.6 Daemon Server] - 2025-12-08T18:56:49.164Z - [WATCHER]: tsconfig.base.json was modified
[NX v21.3.6 Daemon Server] - 2025-12-08T18:56:49.165Z - [REQUEST]: Responding to the client. File watch changed
[NX v21.3.6 Daemon Server] - 2025-12-08T18:56:49.165Z - Done responding to the client File watch changed
[NX v21.3.6 Daemon Server] - 2025-12-08T18:56:49.165Z - Handled FILE-WATCH-CHANGED. Handling time: 0. Response time: 0.
[NX v21.3.6 Daemon Server] - 2025-12-08T18:56:49.165Z - [WATCHER]: Processing file changes in outputs
[NX v21.3.6 Daemon Server] - 2025-12-08T18:56:49.165Z - Time taken for 'changed-projects' 0.04612499999348074ms
[NX v21.3.6 Daemon Server] - 2025-12-08T18:56:49.265Z - [REQUEST]: Updated workspace context based on watched changes, recomputing project graph...
[NX v21.3.6 Daemon Server] - 2025-12-08T18:56:49.265Z - [REQUEST]: tsconfig.base.json
[NX v21.3.6 Daemon Server] - 2025-12-08T18:56:49.265Z - [REQUEST]: 
[NX v21.3.6 Daemon Server] - 2025-12-08T18:56:49.267Z - Time taken for 'hash changed files from watcher' 0.23912500000733417ms
Time for 'nx/core/package-json:createNodes' 0.9785830000037095
Time for 'nx/core/project-json:createNodes' 1.1319169999915175
Time for 'nx/js/dependencies-and-lockfile:createNodes' 12.307042000000365
[NX v21.3.6 Daemon Server] - 2025-12-08T18:56:49.287Z - Time taken for 'build-project-configs' 18.002875000005588ms
Time for 'build typescript dependencies' 0.018958000000566244
[NX v21.3.6 Daemon Server] - 2025-12-08T18:56:49.308Z - Wrote project graph cache to /Users/manfredsteyer/projects/trainings/flight-app/.nx/workspace-data/project-graph.json
[NX v21.3.6 Daemon Server] - 2025-12-08T18:56:49.309Z - [SYNC]: collect registered sync generators
[NX v21.3.6 Daemon Server] - 2025-12-08T18:56:49.309Z - [SYNC]: project graph hash is the same, not collecting task sync generators
[NX v21.3.6 Daemon Server] - 2025-12-08T18:56:49.309Z - [SYNC]: nx.json hash is the same, not collecting global sync generators
[NX v21.3.6 Daemon Server] - 2025-12-08T18:56:49.309Z - Time taken for 'total execution time for createProjectGraph()' 16.488790999996127ms
[NX v21.3.6 Daemon Server] - 2025-12-08T18:56:49.409Z - [WATCHER]: apps/boarding/src/app/app.config.ts was modified
[NX v21.3.6 Daemon Server] - 2025-12-08T18:56:49.409Z - [REQUEST]: Responding to the client. File watch changed
[NX v21.3.6 Daemon Server] - 2025-12-08T18:56:49.409Z - Done responding to the client File watch changed
[NX v21.3.6 Daemon Server] - 2025-12-08T18:56:49.409Z - Handled FILE-WATCH-CHANGED. Handling time: 0. Response time: 0.
[NX v21.3.6 Daemon Server] - 2025-12-08T18:56:49.409Z - [WATCHER]: Processing file changes in outputs
[NX v21.3.6 Daemon Server] - 2025-12-08T18:56:49.409Z - Time taken for 'changed-projects' 0.026666999998269603ms
[NX v21.3.6 Daemon Server] - 2025-12-08T18:56:49.609Z - [REQUEST]: Updated workspace context based on watched changes, recomputing project graph...
[NX v21.3.6 Daemon Server] - 2025-12-08T18:56:49.609Z - [REQUEST]: apps/boarding/src/app/app.config.ts
[NX v21.3.6 Daemon Server] - 2025-12-08T18:56:49.609Z - [REQUEST]: 
[NX v21.3.6 Daemon Server] - 2025-12-08T18:56:49.610Z - Time taken for 'hash changed files from watcher' 0.14429099998960737ms
Time for 'nx/core/project-json:createNodes' 0.25183300000207964
Time for 'nx/core/package-json:createNodes' 0.42570799999521114
Time for 'nx/js/dependencies-and-lockfile:createNodes' 4.237250000005588
[NX v21.3.6 Daemon Server] - 2025-12-08T18:56:49.623Z - Time taken for 'build-project-configs' 9.560500000006869ms
Time for 'build typescript dependencies' 1.6002920000028098
[NX v21.3.6 Daemon Server] - 2025-12-08T18:56:49.644Z - Wrote project graph cache to /Users/manfredsteyer/projects/trainings/flight-app/.nx/workspace-data/project-graph.json
[NX v21.3.6 Daemon Server] - 2025-12-08T18:56:49.645Z - [SYNC]: collect registered sync generators
[NX v21.3.6 Daemon Server] - 2025-12-08T18:56:49.645Z - [SYNC]: project graph hash is the same, not collecting task sync generators
[NX v21.3.6 Daemon Server] - 2025-12-08T18:56:49.645Z - [SYNC]: nx.json hash is the same, not collecting global sync generators
[NX v21.3.6 Daemon Server] - 2025-12-08T18:56:49.645Z - Time taken for 'total execution time for createProjectGraph()' 18.81158399999549ms
[NX v21.3.6 Daemon Server] - 2025-12-08T18:56:49.876Z - Closed a connection. Number of open connections: 2
[NX v21.3.6 Daemon Server] - 2025-12-08T18:57:00.416Z - Established a connection. Number of open connections: 3
[NX v21.3.6 Daemon Server] - 2025-12-08T18:57:00.417Z - [REQUEST]: Client Request for Project Graph Received
[NX v21.3.6 Daemon Server] - 2025-12-08T18:57:00.417Z - Reusing in-memory cached project graph because no files changed.
[NX v21.3.6 Daemon Server] - 2025-12-08T18:57:00.417Z - [REQUEST]: Responding to the client. project-graph
[NX v21.3.6 Daemon Server] - 2025-12-08T18:57:00.418Z - Time taken for 'total for creating and serializing project graph' 0.41766700000152923ms
[NX v21.3.6 Daemon Server] - 2025-12-08T18:57:00.418Z - Closed a connection. Number of open connections: 2
[NX v21.3.6 Daemon Server] - 2025-12-08T18:57:00.421Z - Done responding to the client project-graph
[NX v21.3.6 Daemon Server] - 2025-12-08T18:57:00.421Z - Handled REQUEST_PROJECT_GRAPH. Handling time: 0. Response time: 4.
[NX v21.3.6 Daemon Server] - 2025-12-08T18:57:00.427Z - [REQUEST]: Responding to the client. handleContextFileData
[NX v21.3.6 Daemon Server] - 2025-12-08T18:57:00.428Z - Done responding to the client handleContextFileData
[NX v21.3.6 Daemon Server] - 2025-12-08T18:57:00.428Z - Handled GET_CONTEXT_FILE_DATA. Handling time: 0. Response time: 1.
[NX v21.3.6 Daemon Server] - 2025-12-08T18:57:00.428Z - Closed a connection. Number of open connections: 1
[NX v21.3.6 Daemon Server] - 2025-12-08T18:57:00.691Z - Closed a connection. Number of open connections: 0
[NX v21.3.6 Daemon Server] - 2025-12-08T18:57:00.692Z - Established a connection. Number of open connections: 1
[NX v21.3.6 Daemon Server] - 2025-12-08T18:57:00.692Z - Established a connection. Number of open connections: 2
[NX v21.3.6 Daemon Server] - 2025-12-08T18:57:00.692Z - Closed a connection. Number of open connections: 1
[NX v21.3.6 Daemon Server] - 2025-12-08T18:57:00.692Z - Closed a connection. Number of open connections: 0
[NX v21.3.6 Daemon Server] - 2025-12-08T18:57:00.692Z - Established a connection. Number of open connections: 1
[NX v21.3.6 Daemon Server] - 2025-12-08T18:57:00.692Z - [REQUEST]: Client Request for Project Graph Received
[NX v21.3.6 Daemon Server] - 2025-12-08T18:57:00.692Z - Reusing in-memory cached project graph because no files changed.
[NX v21.3.6 Daemon Server] - 2025-12-08T18:57:00.692Z - [REQUEST]: Responding to the client. project-graph
[NX v21.3.6 Daemon Server] - 2025-12-08T18:57:00.693Z - Time taken for 'total for creating and serializing project graph' 0.09162500000093132ms
[NX v21.3.6 Daemon Server] - 2025-12-08T18:57:00.693Z - Done responding to the client project-graph
[NX v21.3.6 Daemon Server] - 2025-12-08T18:57:00.693Z - Handled REQUEST_PROJECT_GRAPH. Handling time: 0. Response time: 1.
[NX v21.3.6 Daemon Server] - 2025-12-08T18:57:00.696Z - [REQUEST]: Client Request for Project Graph Received
[NX v21.3.6 Daemon Server] - 2025-12-08T18:57:00.696Z - Reusing in-memory cached project graph because no files changed.
[NX v21.3.6 Daemon Server] - 2025-12-08T18:57:00.696Z - [REQUEST]: Responding to the client. project-graph
[NX v21.3.6 Daemon Server] - 2025-12-08T18:57:00.696Z - Time taken for 'total for creating and serializing project graph' 0.17370799998752773ms
[NX v21.3.6 Daemon Server] - 2025-12-08T18:57:00.700Z - Done responding to the client project-graph
[NX v21.3.6 Daemon Server] - 2025-12-08T18:57:00.700Z - Handled REQUEST_PROJECT_GRAPH. Handling time: 0. Response time: 4.
[NX v21.3.6 Daemon Server] - 2025-12-08T18:57:00.702Z - Established a connection. Number of open connections: 2
[NX v21.3.6 Daemon Server] - 2025-12-08T18:59:22.710Z - [WATCHER]: Processing file changes in outputs
[NX v21.3.6 Daemon Server] - 2025-12-08T18:59:22.712Z - [WATCHER]: 0 file(s) created or restored, 0 file(s) modified, 182 file(s) deleted
[NX v21.3.6 Daemon Server] - 2025-12-08T18:59:22.713Z - [REQUEST]: Responding to the client. File watch changed
[NX v21.3.6 Daemon Server] - 2025-12-08T18:59:22.713Z - Time taken for 'changed-projects' 0.12641699996311218ms
[NX v21.3.6 Daemon Server] - 2025-12-08T18:59:22.713Z - Done responding to the client File watch changed
[NX v21.3.6 Daemon Server] - 2025-12-08T18:59:22.713Z - Handled FILE-WATCH-CHANGED. Handling time: 1. Response time: 0.
[NX v21.3.6 Daemon Server] - 2025-12-08T18:59:22.763Z - [WATCHER]: Processing file changes in outputs
[NX v21.3.6 Daemon Server] - 2025-12-08T18:59:22.777Z - Closed a connection. Number of open connections: 1
[NX v21.3.6 Daemon Server] - 2025-12-08T18:59:22.777Z - Closed a connection. Number of open connections: 0
[NX v21.3.6 Daemon Server] - 2025-12-08T18:59:22.777Z - [WATCHER]: Stopping the watcher for /Users/manfredsteyer/projects/trainings/flight-app (sources)
[NX v21.3.6 Daemon Server] - 2025-12-08T18:59:22.777Z - [WATCHER]: Stopping the watcher for /Users/manfredsteyer/projects/trainings/flight-app (sources)
[NX v21.3.6 Daemon Server] - 2025-12-08T18:59:22.777Z - [WATCHER]: Stopping the watcher for /Users/manfredsteyer/projects/trainings/flight-app (outputs)
[NX v21.3.6 Daemon Server] - 2025-12-08T18:59:22.777Z - Server stopped because: "Stopping the daemon the set of ignored files changed (native)"
[NX v21.3.6 Daemon Server] - 2025-12-08T19:05:05.616Z - Started listening on: /private/var/folders/90/xlgjf5ms3ql9v9y8n8m3vgjh0000gn/T/49183e68a8dacc8c509e/d.sock
[NX v21.3.6 Daemon Server] - 2025-12-08T19:05:05.617Z - [WATCHER]: Subscribed to changes within: /Users/manfredsteyer/projects/trainings/flight-app (native)
[NX v21.3.6 Daemon Server] - 2025-12-08T19:05:05.626Z - Established a connection. Number of open connections: 1
[NX v21.3.6 Daemon Server] - 2025-12-08T19:05:05.627Z - Closed a connection. Number of open connections: 0
[NX v21.3.6 Daemon Server] - 2025-12-08T19:05:05.634Z - Established a connection. Number of open connections: 1
[NX v21.3.6 Daemon Server] - 2025-12-08T19:05:05.634Z - Established a connection. Number of open connections: 2
[NX v21.3.6 Daemon Server] - 2025-12-08T19:05:05.634Z - Closed a connection. Number of open connections: 1
[NX v21.3.6 Daemon Server] - 2025-12-08T19:05:05.635Z - [REQUEST]: Client Request for Project Graph Received
[NX v21.3.6 Daemon Server] - 2025-12-08T19:05:05.638Z - Time taken for 'loadSpecifiedNxPlugins' 1.1435830000000067ms
Time for 'plugin worker 40231 code loading' 1.8935000000000013
Time for 'plugin worker 40230 code loading' 1.8827499999999997
Time for 'plugin worker 40229 code loading' 1.8906669999999988
[NX v21.3.6 Daemon Server] - 2025-12-08T19:05:05.679Z - [WATCHER]: Processing file changes in outputs
[NX v21.3.6 Daemon Server] - 2025-12-08T19:05:05.705Z - Time taken for 'Load Nx Plugin: /Users/manfredsteyer/projects/trainings/flight-app/node_modules/nx/src/plugins/project-json/build-nodes/project-json' 68.77816599999998ms
[NX v21.3.6 Daemon Server] - 2025-12-08T19:05:05.706Z - Time taken for 'Load Nx Plugin: /Users/manfredsteyer/projects/trainings/flight-app/node_modules/nx/src/plugins/package-json' 70.6585ms
[NX v21.3.6 Daemon Server] - 2025-12-08T19:05:05.717Z - [REQUEST]: Updated workspace context based on watched changes, recomputing project graph...
[NX v21.3.6 Daemon Server] - 2025-12-08T19:05:05.717Z - [REQUEST]: 
[NX v21.3.6 Daemon Server] - 2025-12-08T19:05:05.717Z - [REQUEST]: 
[NX v21.3.6 Daemon Server] - 2025-12-08T19:05:05.717Z - No files changed, but no in-memory cached project graph found. Recomputing it...
[NX v21.3.6 Daemon Server] - 2025-12-08T19:05:05.719Z - Time taken for 'loadDefaultNxPlugins' 81.155083ms
Time for 'nx/core/package-json:createNodes' 0.42158299999999826
Time for 'nx/core/project-json:createNodes' 0.3595419999999905
Time for 'nx/js/dependencies-and-lockfile:createNodes' 4.4224590000000035
[NX v21.3.6 Daemon Server] - 2025-12-08T19:05:05.745Z - Time taken for 'build-project-configs' 17.409707999999995ms
Time for 'build typescript dependencies' 0.08112500000000011
[NX v21.3.6 Daemon Server] - 2025-12-08T19:05:05.769Z - Wrote project graph cache to /Users/manfredsteyer/projects/trainings/flight-app/.nx/workspace-data/project-graph.json
[NX v21.3.6 Daemon Server] - 2025-12-08T19:05:05.769Z - [SYNC]: collect registered sync generators
[NX v21.3.6 Daemon Server] - 2025-12-08T19:05:05.769Z - [REQUEST]: Responding to the client. project-graph
[NX v21.3.6 Daemon Server] - 2025-12-08T19:05:05.770Z - Time taken for 'total for creating and serializing project graph' 134.52270799999997ms
[NX v21.3.6 Daemon Server] - 2025-12-08T19:05:05.770Z - Done responding to the client project-graph
[NX v21.3.6 Daemon Server] - 2025-12-08T19:05:05.770Z - Handled REQUEST_PROJECT_GRAPH. Handling time: 134. Response time: 1.
[NX v21.3.6 Daemon Server] - 2025-12-08T19:05:05.773Z - [REQUEST]: Responding to the client. handleContextFileData
[NX v21.3.6 Daemon Server] - 2025-12-08T19:05:05.773Z - Done responding to the client handleContextFileData
[NX v21.3.6 Daemon Server] - 2025-12-08T19:05:05.773Z - Handled GET_CONTEXT_FILE_DATA. Handling time: 0. Response time: 0.
[NX v21.3.6 Daemon Server] - 2025-12-08T19:05:05.773Z - Closed a connection. Number of open connections: 0
[NX v21.3.6 Daemon Server] - 2025-12-08T19:05:06.028Z - Established a connection. Number of open connections: 1
[NX v21.3.6 Daemon Server] - 2025-12-08T19:05:06.028Z - Established a connection. Number of open connections: 2
[NX v21.3.6 Daemon Server] - 2025-12-08T19:05:06.028Z - Closed a connection. Number of open connections: 1
[NX v21.3.6 Daemon Server] - 2025-12-08T19:05:06.028Z - Established a connection. Number of open connections: 2
[NX v21.3.6 Daemon Server] - 2025-12-08T19:05:06.028Z - Closed a connection. Number of open connections: 1
[NX v21.3.6 Daemon Server] - 2025-12-08T19:05:06.028Z - [REQUEST]: Client Request for Project Graph Received
[NX v21.3.6 Daemon Server] - 2025-12-08T19:05:06.028Z - Reusing in-memory cached project graph because no files changed.
[NX v21.3.6 Daemon Server] - 2025-12-08T19:05:06.028Z - [REQUEST]: Responding to the client. project-graph
[NX v21.3.6 Daemon Server] - 2025-12-08T19:05:06.029Z - Time taken for 'total for creating and serializing project graph' 0.10312499999997726ms
[NX v21.3.6 Daemon Server] - 2025-12-08T19:05:06.031Z - Done responding to the client project-graph
[NX v21.3.6 Daemon Server] - 2025-12-08T19:05:06.031Z - Handled REQUEST_PROJECT_GRAPH. Handling time: 0. Response time: 3.
[NX v21.3.6 Daemon Server] - 2025-12-08T19:05:06.033Z - [REQUEST]: Client Request for Project Graph Received
[NX v21.3.6 Daemon Server] - 2025-12-08T19:05:06.033Z - Reusing in-memory cached project graph because no files changed.
[NX v21.3.6 Daemon Server] - 2025-12-08T19:05:06.033Z - [REQUEST]: Responding to the client. project-graph
[NX v21.3.6 Daemon Server] - 2025-12-08T19:05:06.033Z - Time taken for 'total for creating and serializing project graph' 0.11608300000000327ms
[NX v21.3.6 Daemon Server] - 2025-12-08T19:05:06.034Z - Done responding to the client project-graph
[NX v21.3.6 Daemon Server] - 2025-12-08T19:05:06.034Z - Handled REQUEST_PROJECT_GRAPH. Handling time: 0. Response time: 1.
[NX v21.3.6 Daemon Server] - 2025-12-08T19:05:06.036Z - Established a connection. Number of open connections: 2
[NX v21.3.6 Daemon Server] - 2025-12-08T19:07:20.195Z - [WATCHER]: Processing file changes in outputs
[NX v21.3.6 Daemon Server] - 2025-12-08T19:07:20.199Z - [WATCHER]: 97 file(s) created or restored, 0 file(s) modified, 3 file(s) deleted
[NX v21.3.6 Daemon Server] - 2025-12-08T19:07:20.200Z - [REQUEST]: Responding to the client. File watch changed
Error [ERR_STREAM_DESTROYED]: Cannot call write after a stream was destroyed
    at _write (node:internal/streams/writable:491:11)
    at Writable.write (node:internal/streams/writable:510:10)
    at /Users/manfredsteyer/projects/trainings/flight-app/node_modules/nx/src/daemon/server/shutdown-utils.js:73:16
    at new Promise (<anonymous>)
    at respondToClient (/Users/manfredsteyer/projects/trainings/flight-app/node_modules/nx/src/daemon/server/shutdown-utils.js:69:12)
    at handleResult (/Users/manfredsteyer/projects/trainings/flight-app/node_modules/nx/src/daemon/server/server.js:198:52)
    at process.processTicksAndRejections (node:internal/process/task_queues:105:5)
    at async Promise.all (index 0)
    at async /Users/manfredsteyer/projects/trainings/flight-app/node_modules/nx/src/daemon/server/file-watching/file-watcher-sockets.js:27:9
    at async /Users/manfredsteyer/projects/trainings/flight-app/node_modules/nx/src/utils/promised-based-queue.js:19:21 {
  code: 'ERR_STREAM_DESTROYED'
}
[NX v21.3.6 Daemon Server] - 2025-12-08T19:07:20.200Z - Done responding to the client File watch changed
[NX v21.3.6 Daemon Server] - 2025-12-08T19:07:20.200Z - Handled FILE-WATCH-CHANGED. Handling time: 0. Response time: 0.
[NX v21.3.6 Daemon Server] - 2025-12-08T19:07:20.200Z - Time taken for 'changed-projects' 0.13312499999301508ms
[NX v21.3.6 Daemon Server] - 2025-12-08T19:07:20.200Z - Closed a connection. Number of open connections: 1
[NX v21.3.6 Daemon Server] - 2025-12-08T19:07:20.200Z - Closed a connection. Number of open connections: 0
[NX v21.3.6 Daemon Server] - 2025-12-08T19:07:20.200Z - [WATCHER]: Stopping the watcher for /Users/manfredsteyer/projects/trainings/flight-app (sources)
[NX v21.3.6 Daemon Server] - 2025-12-08T19:07:20.200Z - [WATCHER]: Stopping the watcher for /Users/manfredsteyer/projects/trainings/flight-app (outputs)
[NX v21.3.6 Daemon Server] - 2025-12-08T19:07:20.201Z - Server stopped because: "Stopping the daemon the set of ignored files changed (native)"
[NX v21.3.6 Daemon Server] - 2025-12-08T19:08:02.267Z - Started listening on: /private/var/folders/90/xlgjf5ms3ql9v9y8n8m3vgjh0000gn/T/49183e68a8dacc8c509e/d.sock
[NX v21.3.6 Daemon Server] - 2025-12-08T19:08:02.269Z - [WATCHER]: Subscribed to changes within: /Users/manfredsteyer/projects/trainings/flight-app (native)
[NX v21.3.6 Daemon Server] - 2025-12-08T19:08:02.269Z - Established a connection. Number of open connections: 1
[NX v21.3.6 Daemon Server] - 2025-12-08T19:08:02.270Z - Closed a connection. Number of open connections: 0
[NX v21.3.6 Daemon Server] - 2025-12-08T19:08:02.276Z - Established a connection. Number of open connections: 1
[NX v21.3.6 Daemon Server] - 2025-12-08T19:08:02.276Z - Established a connection. Number of open connections: 2
[NX v21.3.6 Daemon Server] - 2025-12-08T19:08:02.276Z - Closed a connection. Number of open connections: 1
[NX v21.3.6 Daemon Server] - 2025-12-08T19:08:02.277Z - [REQUEST]: Client Request for Project Graph Received
[NX v21.3.6 Daemon Server] - 2025-12-08T19:08:02.281Z - Time taken for 'loadSpecifiedNxPlugins' 1.252915999999999ms
Time for 'plugin worker 40401 code loading' 2.103542000000001
Time for 'plugin worker 40402 code loading' 2.2381249999999984
Time for 'plugin worker 40400 code loading' 2.611791
[NX v21.3.6 Daemon Server] - 2025-12-08T19:08:02.329Z - [WATCHER]: Processing file changes in outputs
[NX v21.3.6 Daemon Server] - 2025-12-08T19:08:02.349Z - Time taken for 'Load Nx Plugin: /Users/manfredsteyer/projects/trainings/flight-app/node_modules/nx/src/plugins/project-json/build-nodes/project-json' 70.70879199999999ms
[NX v21.3.6 Daemon Server] - 2025-12-08T19:08:02.350Z - Time taken for 'Load Nx Plugin: /Users/manfredsteyer/projects/trainings/flight-app/node_modules/nx/src/plugins/package-json' 72.048291ms
[NX v21.3.6 Daemon Server] - 2025-12-08T19:08:02.362Z - [REQUEST]: Updated workspace context based on watched changes, recomputing project graph...
[NX v21.3.6 Daemon Server] - 2025-12-08T19:08:02.362Z - [REQUEST]: 
[NX v21.3.6 Daemon Server] - 2025-12-08T19:08:02.362Z - [REQUEST]: 
[NX v21.3.6 Daemon Server] - 2025-12-08T19:08:02.362Z - No files changed, but no in-memory cached project graph found. Recomputing it...
[NX v21.3.6 Daemon Server] - 2025-12-08T19:08:02.365Z - Time taken for 'loadDefaultNxPlugins' 83.80695800000001ms
Time for 'nx/core/package-json:createNodes' 0.44795799999999986
Time for 'nx/core/project-json:createNodes' 0.48016700000000867
Time for 'nx/js/dependencies-and-lockfile:createNodes' 4.235333000000011
[NX v21.3.6 Daemon Server] - 2025-12-08T19:08:02.390Z - Time taken for 'build-project-configs' 17.431583000000018ms
Time for 'build typescript dependencies' 0.06850000000000023
[NX v21.3.6 Daemon Server] - 2025-12-08T19:08:02.413Z - Wrote project graph cache to /Users/manfredsteyer/projects/trainings/flight-app/.nx/workspace-data/project-graph.json
[NX v21.3.6 Daemon Server] - 2025-12-08T19:08:02.414Z - [SYNC]: collect registered sync generators
[NX v21.3.6 Daemon Server] - 2025-12-08T19:08:02.414Z - [REQUEST]: Responding to the client. project-graph
[NX v21.3.6 Daemon Server] - 2025-12-08T19:08:02.414Z - Time taken for 'total for creating and serializing project graph' 136.753958ms
[NX v21.3.6 Daemon Server] - 2025-12-08T19:08:02.415Z - Done responding to the client project-graph
[NX v21.3.6 Daemon Server] - 2025-12-08T19:08:02.415Z - Handled REQUEST_PROJECT_GRAPH. Handling time: 137. Response time: 1.
[NX v21.3.6 Daemon Server] - 2025-12-08T19:08:02.417Z - [REQUEST]: Responding to the client. handleContextFileData
[NX v21.3.6 Daemon Server] - 2025-12-08T19:08:02.418Z - Done responding to the client handleContextFileData
[NX v21.3.6 Daemon Server] - 2025-12-08T19:08:02.418Z - Handled GET_CONTEXT_FILE_DATA. Handling time: 0. Response time: 1.
[NX v21.3.6 Daemon Server] - 2025-12-08T19:08:02.418Z - Closed a connection. Number of open connections: 0
[NX v21.3.6 Daemon Server] - 2025-12-08T19:08:02.674Z - Established a connection. Number of open connections: 1
[NX v21.3.6 Daemon Server] - 2025-12-08T19:08:02.674Z - Established a connection. Number of open connections: 2
[NX v21.3.6 Daemon Server] - 2025-12-08T19:08:02.674Z - Closed a connection. Number of open connections: 1
[NX v21.3.6 Daemon Server] - 2025-12-08T19:08:02.674Z - Established a connection. Number of open connections: 2
[NX v21.3.6 Daemon Server] - 2025-12-08T19:08:02.674Z - Closed a connection. Number of open connections: 1
[NX v21.3.6 Daemon Server] - 2025-12-08T19:08:02.675Z - [REQUEST]: Client Request for Project Graph Received
[NX v21.3.6 Daemon Server] - 2025-12-08T19:08:02.675Z - Reusing in-memory cached project graph because no files changed.
[NX v21.3.6 Daemon Server] - 2025-12-08T19:08:02.675Z - [REQUEST]: Responding to the client. project-graph
[NX v21.3.6 Daemon Server] - 2025-12-08T19:08:02.675Z - Time taken for 'total for creating and serializing project graph' 0.0989579999999819ms
[NX v21.3.6 Daemon Server] - 2025-12-08T19:08:02.676Z - Done responding to the client project-graph
[NX v21.3.6 Daemon Server] - 2025-12-08T19:08:02.676Z - Handled REQUEST_PROJECT_GRAPH. Handling time: 0. Response time: 1.
[NX v21.3.6 Daemon Server] - 2025-12-08T19:08:02.678Z - [REQUEST]: Client Request for Project Graph Received
[NX v21.3.6 Daemon Server] - 2025-12-08T19:08:02.678Z - Reusing in-memory cached project graph because no files changed.
[NX v21.3.6 Daemon Server] - 2025-12-08T19:08:02.678Z - [REQUEST]: Responding to the client. project-graph
[NX v21.3.6 Daemon Server] - 2025-12-08T19:08:02.678Z - Time taken for 'total for creating and serializing project graph' 0.085125000000005ms
[NX v21.3.6 Daemon Server] - 2025-12-08T19:08:02.679Z - Done responding to the client project-graph
[NX v21.3.6 Daemon Server] - 2025-12-08T19:08:02.679Z - Handled REQUEST_PROJECT_GRAPH. Handling time: 0. Response time: 1.
[NX v21.3.6 Daemon Server] - 2025-12-08T19:08:02.680Z - Established a connection. Number of open connections: 2
[NX v21.3.6 Daemon Server] - 2025-12-08T19:08:26.587Z - [WATCHER]: Processing file changes in outputs
[NX v21.3.6 Daemon Server] - 2025-12-08T19:08:26.598Z - [WATCHER]: 97 file(s) created or restored, 0 file(s) modified, 3 file(s) deleted
[NX v21.3.6 Daemon Server] - 2025-12-08T19:08:26.599Z - [REQUEST]: Responding to the client. File watch changed
Error [ERR_STREAM_DESTROYED]: Cannot call write after a stream was destroyed
    at _write (node:internal/streams/writable:491:11)
    at Writable.write (node:internal/streams/writable:510:10)
    at /Users/manfredsteyer/projects/trainings/flight-app/node_modules/nx/src/daemon/server/shutdown-utils.js:73:16
    at new Promise (<anonymous>)
    at respondToClient (/Users/manfredsteyer/projects/trainings/flight-app/node_modules/nx/src/daemon/server/shutdown-utils.js:69:12)
    at handleResult (/Users/manfredsteyer/projects/trainings/flight-app/node_modules/nx/src/daemon/server/server.js:198:52)
    at process.processTicksAndRejections (node:internal/process/task_queues:105:5)
    at async Promise.all (index 0)
    at async /Users/manfredsteyer/projects/trainings/flight-app/node_modules/nx/src/daemon/server/file-watching/file-watcher-sockets.js:27:9
    at async /Users/manfredsteyer/projects/trainings/flight-app/node_modules/nx/src/utils/promised-based-queue.js:19:21 {
  code: 'ERR_STREAM_DESTROYED'
}
[NX v21.3.6 Daemon Server] - 2025-12-08T19:08:26.600Z - Done responding to the client File watch changed
[NX v21.3.6 Daemon Server] - 2025-12-08T19:08:26.600Z - Handled FILE-WATCH-CHANGED. Handling time: 0. Response time: 1.
[NX v21.3.6 Daemon Server] - 2025-12-08T19:08:26.600Z - Time taken for 'changed-projects' 0.1170830000010028ms
[NX v21.3.6 Daemon Server] - 2025-12-08T19:08:26.600Z - Closed a connection. Number of open connections: 1
[NX v21.3.6 Daemon Server] - 2025-12-08T19:08:26.600Z - Closed a connection. Number of open connections: 0
[NX v21.3.6 Daemon Server] - 2025-12-08T19:08:26.600Z - [WATCHER]: Stopping the watcher for /Users/manfredsteyer/projects/trainings/flight-app (sources)
[NX v21.3.6 Daemon Server] - 2025-12-08T19:08:26.600Z - [WATCHER]: Stopping the watcher for /Users/manfredsteyer/projects/trainings/flight-app (outputs)
[NX v21.3.6 Daemon Server] - 2025-12-08T19:08:26.600Z - Server stopped because: "Stopping the daemon the set of ignored files changed (native)"
[NX v21.3.6 Daemon Server] - 2025-12-08T19:08:28.561Z - Started listening on: /private/var/folders/90/xlgjf5ms3ql9v9y8n8m3vgjh0000gn/T/49183e68a8dacc8c509e/d.sock
[NX v21.3.6 Daemon Server] - 2025-12-08T19:08:28.562Z - [WATCHER]: Subscribed to changes within: /Users/manfredsteyer/projects/trainings/flight-app (native)
[NX v21.3.6 Daemon Server] - 2025-12-08T19:08:28.566Z - Established a connection. Number of open connections: 1
[NX v21.3.6 Daemon Server] - 2025-12-08T19:08:28.567Z - Closed a connection. Number of open connections: 0
[NX v21.3.6 Daemon Server] - 2025-12-08T19:08:28.572Z - Established a connection. Number of open connections: 1
[NX v21.3.6 Daemon Server] - 2025-12-08T19:08:28.573Z - Established a connection. Number of open connections: 2
[NX v21.3.6 Daemon Server] - 2025-12-08T19:08:28.573Z - Closed a connection. Number of open connections: 1
[NX v21.3.6 Daemon Server] - 2025-12-08T19:08:28.573Z - [REQUEST]: Client Request for Project Graph Received
[NX v21.3.6 Daemon Server] - 2025-12-08T19:08:28.576Z - Time taken for 'loadSpecifiedNxPlugins' 0.4454159999999945ms
Time for 'plugin worker 40662 code loading' 1.9017499999999998
Time for 'plugin worker 40663 code loading' 1.8997499999999992
Time for 'plugin worker 40664 code loading' 1.8990419999999997
[NX v21.3.6 Daemon Server] - 2025-12-08T19:08:28.623Z - [WATCHER]: Processing file changes in outputs
[NX v21.3.6 Daemon Server] - 2025-12-08T19:08:28.646Z - Time taken for 'Load Nx Plugin: /Users/manfredsteyer/projects/trainings/flight-app/node_modules/nx/src/plugins/project-json/build-nodes/project-json' 71.84795799999999ms
[NX v21.3.6 Daemon Server] - 2025-12-08T19:08:28.646Z - Time taken for 'Load Nx Plugin: /Users/manfredsteyer/projects/trainings/flight-app/node_modules/nx/src/plugins/package-json' 72.137209ms
[NX v21.3.6 Daemon Server] - 2025-12-08T19:08:28.657Z - [REQUEST]: Updated workspace context based on watched changes, recomputing project graph...
[NX v21.3.6 Daemon Server] - 2025-12-08T19:08:28.657Z - [REQUEST]: 
[NX v21.3.6 Daemon Server] - 2025-12-08T19:08:28.657Z - [REQUEST]: 
[NX v21.3.6 Daemon Server] - 2025-12-08T19:08:28.658Z - No files changed, but no in-memory cached project graph found. Recomputing it...
Time for 'nx/js/dependencies-and-lockfile:createNodes' 0.14645799999999554
[NX v21.3.6 Daemon Server] - 2025-12-08T19:08:28.660Z - Time taken for 'loadDefaultNxPlugins' 83.224667ms
Time for 'nx/core/project-json:createNodes' 0.2568330000000003
Time for 'nx/core/package-json:createNodes' 0.43191700000001276
[NX v21.3.6 Daemon Server] - 2025-12-08T19:08:28.673Z - Time taken for 'build-project-configs' 7.20916600000001ms
Time for 'build typescript dependencies' 121.89904100000001
[NX v21.3.6 Daemon Server] - 2025-12-08T19:08:28.799Z - Wrote project graph cache to /Users/manfredsteyer/projects/trainings/flight-app/.nx/workspace-data/project-graph.json
[NX v21.3.6 Daemon Server] - 2025-12-08T19:08:28.799Z - [SYNC]: collect registered sync generators
[NX v21.3.6 Daemon Server] - 2025-12-08T19:08:28.799Z - [REQUEST]: Responding to the client. project-graph
[NX v21.3.6 Daemon Server] - 2025-12-08T19:08:28.799Z - Done responding to the client project-graph
[NX v21.3.6 Daemon Server] - 2025-12-08T19:08:28.799Z - Handled REQUEST_PROJECT_GRAPH. Handling time: 226. Response time: 0.
[NX v21.3.6 Daemon Server] - 2025-12-08T19:08:28.799Z - Time taken for 'total for creating and serializing project graph' 225.83220900000003ms
[NX v21.3.6 Daemon Server] - 2025-12-08T19:08:28.800Z - [REQUEST]: Responding to the client. handleContextFileData
[NX v21.3.6 Daemon Server] - 2025-12-08T19:08:28.800Z - Done responding to the client handleContextFileData
[NX v21.3.6 Daemon Server] - 2025-12-08T19:08:28.800Z - Handled GET_CONTEXT_FILE_DATA. Handling time: 0. Response time: 0.
[NX v21.3.6 Daemon Server] - 2025-12-08T19:08:28.800Z - Closed a connection. Number of open connections: 0
[NX v21.3.6 Daemon Server] - 2025-12-08T19:08:28.989Z - Established a connection. Number of open connections: 1
[NX v21.3.6 Daemon Server] - 2025-12-08T19:08:28.989Z - Established a connection. Number of open connections: 2
[NX v21.3.6 Daemon Server] - 2025-12-08T19:08:28.989Z - Closed a connection. Number of open connections: 1
[NX v21.3.6 Daemon Server] - 2025-12-08T19:08:28.989Z - Established a connection. Number of open connections: 2
[NX v21.3.6 Daemon Server] - 2025-12-08T19:08:28.989Z - Closed a connection. Number of open connections: 1
[NX v21.3.6 Daemon Server] - 2025-12-08T19:08:28.989Z - [REQUEST]: Client Request for Project Graph Received
[NX v21.3.6 Daemon Server] - 2025-12-08T19:08:28.989Z - Reusing in-memory cached project graph because no files changed.
[NX v21.3.6 Daemon Server] - 2025-12-08T19:08:28.989Z - [REQUEST]: Responding to the client. project-graph
[NX v21.3.6 Daemon Server] - 2025-12-08T19:08:28.989Z - Done responding to the client project-graph
[NX v21.3.6 Daemon Server] - 2025-12-08T19:08:28.989Z - Handled REQUEST_PROJECT_GRAPH. Handling time: 0. Response time: 0.
[NX v21.3.6 Daemon Server] - 2025-12-08T19:08:28.989Z - Time taken for 'total for creating and serializing project graph' 0.0911670000000413ms
[NX v21.3.6 Daemon Server] - 2025-12-08T19:08:28.990Z - [REQUEST]: Client Request for Project Graph Received
[NX v21.3.6 Daemon Server] - 2025-12-08T19:08:28.990Z - Reusing in-memory cached project graph because no files changed.
[NX v21.3.6 Daemon Server] - 2025-12-08T19:08:28.990Z - [REQUEST]: Responding to the client. project-graph
[NX v21.3.6 Daemon Server] - 2025-12-08T19:08:28.990Z - Done responding to the client project-graph
[NX v21.3.6 Daemon Server] - 2025-12-08T19:08:28.990Z - Handled REQUEST_PROJECT_GRAPH. Handling time: 0. Response time: 0.
[NX v21.3.6 Daemon Server] - 2025-12-08T19:08:28.990Z - Time taken for 'total for creating and serializing project graph' 0.05570799999998144ms
[NX v21.3.6 Daemon Server] - 2025-12-08T19:08:28.990Z - Established a connection. Number of open connections: 2
[NX v21.3.6 Daemon Server] - 2025-12-08T19:11:53.793Z - Established a connection. Number of open connections: 3
[NX v21.3.6 Daemon Server] - 2025-12-08T19:11:53.794Z - Closed a connection. Number of open connections: 2
[NX v21.3.6 Daemon Server] - 2025-12-08T19:11:53.794Z - Established a connection. Number of open connections: 3
[NX v21.3.6 Daemon Server] - 2025-12-08T19:11:53.795Z - [REQUEST]: Client Request for Project Graph Received
[NX v21.3.6 Daemon Server] - 2025-12-08T19:11:53.795Z - Reusing in-memory cached project graph because no files changed.
[NX v21.3.6 Daemon Server] - 2025-12-08T19:11:53.796Z - [REQUEST]: Responding to the client. project-graph
[NX v21.3.6 Daemon Server] - 2025-12-08T19:11:53.796Z - Done responding to the client project-graph
[NX v21.3.6 Daemon Server] - 2025-12-08T19:11:53.796Z - Handled REQUEST_PROJECT_GRAPH. Handling time: 1. Response time: 0.
[NX v21.3.6 Daemon Server] - 2025-12-08T19:11:53.796Z - Time taken for 'total for creating and serializing project graph' 0.42566599999554455ms
[NX v21.3.6 Daemon Server] - 2025-12-08T19:11:53.863Z - [WATCHER]: tsconfig.base.json was modified
[NX v21.3.6 Daemon Server] - 2025-12-08T19:11:53.865Z - [REQUEST]: Responding to the client. File watch changed
[NX v21.3.6 Daemon Server] - 2025-12-08T19:11:53.865Z - Done responding to the client File watch changed
[NX v21.3.6 Daemon Server] - 2025-12-08T19:11:53.865Z - Handled FILE-WATCH-CHANGED. Handling time: 0. Response time: 0.
[NX v21.3.6 Daemon Server] - 2025-12-08T19:11:53.866Z - [WATCHER]: Processing file changes in outputs
[NX v21.3.6 Daemon Server] - 2025-12-08T19:11:53.866Z - Time taken for 'changed-projects' 0.7659169999824371ms
[NX v21.3.6 Daemon Server] - 2025-12-08T19:11:53.966Z - [REQUEST]: Updated workspace context based on watched changes, recomputing project graph...
[NX v21.3.6 Daemon Server] - 2025-12-08T19:11:53.966Z - [REQUEST]: tsconfig.base.json
[NX v21.3.6 Daemon Server] - 2025-12-08T19:11:53.966Z - [REQUEST]: 
Time for 'nx/js/dependencies-and-lockfile:createNodes' 0.4908749999885913
[NX v21.3.6 Daemon Server] - 2025-12-08T19:11:53.970Z - Time taken for 'hash changed files from watcher' 0.654833000007784ms
Time for 'nx/core/package-json:createNodes' 0.8062919999938458
Time for 'nx/core/project-json:createNodes' 0.6381669999973383
[NX v21.3.6 Daemon Server] - 2025-12-08T19:11:53.975Z - Time taken for 'build-project-configs' 5.021416999981739ms
Time for 'build typescript dependencies' 0.15245799999684095
[NX v21.3.6 Daemon Server] - 2025-12-08T19:11:53.980Z - Wrote project graph cache to /Users/manfredsteyer/projects/trainings/flight-app/.nx/workspace-data/project-graph.json
[NX v21.3.6 Daemon Server] - 2025-12-08T19:11:53.980Z - [SYNC]: collect registered sync generators
[NX v21.3.6 Daemon Server] - 2025-12-08T19:11:53.980Z - [SYNC]: project graph hash is the same, not collecting task sync generators
[NX v21.3.6 Daemon Server] - 2025-12-08T19:11:53.980Z - [SYNC]: nx.json hash is the same, not collecting global sync generators
[NX v21.3.6 Daemon Server] - 2025-12-08T19:11:53.980Z - Time taken for 'total execution time for createProjectGraph()' 3.7038750000065193ms
[NX v21.3.6 Daemon Server] - 2025-12-08T19:11:54.433Z - Closed a connection. Number of open connections: 2
[NX v21.3.6 Daemon Server] - 2025-12-08T19:12:04.871Z - Established a connection. Number of open connections: 3
[NX v21.3.6 Daemon Server] - 2025-12-08T19:12:04.872Z - [REQUEST]: Client Request for Project Graph Received
[NX v21.3.6 Daemon Server] - 2025-12-08T19:12:04.872Z - Reusing in-memory cached project graph because no files changed.
[NX v21.3.6 Daemon Server] - 2025-12-08T19:12:04.872Z - [REQUEST]: Responding to the client. project-graph
[NX v21.3.6 Daemon Server] - 2025-12-08T19:12:04.873Z - Done responding to the client project-graph
[NX v21.3.6 Daemon Server] - 2025-12-08T19:12:04.873Z - Handled REQUEST_PROJECT_GRAPH. Handling time: 0. Response time: 1.
[NX v21.3.6 Daemon Server] - 2025-12-08T19:12:04.873Z - Time taken for 'total for creating and serializing project graph' 0.33174999998300336ms
[NX v21.3.6 Daemon Server] - 2025-12-08T19:12:04.873Z - Closed a connection. Number of open connections: 2
[NX v21.3.6 Daemon Server] - 2025-12-08T19:12:04.873Z - [REQUEST]: Responding to the client. handleContextFileData
[NX v21.3.6 Daemon Server] - 2025-12-08T19:12:04.873Z - Done responding to the client handleContextFileData
[NX v21.3.6 Daemon Server] - 2025-12-08T19:12:04.873Z - Handled GET_CONTEXT_FILE_DATA. Handling time: 0. Response time: 0.
[NX v21.3.6 Daemon Server] - 2025-12-08T19:12:04.873Z - Closed a connection. Number of open connections: 1
[NX v21.3.6 Daemon Server] - 2025-12-08T19:12:05.153Z - Closed a connection. Number of open connections: 0
[NX v21.3.6 Daemon Server] - 2025-12-08T19:12:05.154Z - Established a connection. Number of open connections: 1
[NX v21.3.6 Daemon Server] - 2025-12-08T19:12:05.154Z - Closed a connection. Number of open connections: 0
[NX v21.3.6 Daemon Server] - 2025-12-08T19:12:05.154Z - Established a connection. Number of open connections: 1
[NX v21.3.6 Daemon Server] - 2025-12-08T19:12:05.154Z - Established a connection. Number of open connections: 2
[NX v21.3.6 Daemon Server] - 2025-12-08T19:12:05.154Z - Closed a connection. Number of open connections: 1
[NX v21.3.6 Daemon Server] - 2025-12-08T19:12:05.154Z - [REQUEST]: Client Request for Project Graph Received
[NX v21.3.6 Daemon Server] - 2025-12-08T19:12:05.154Z - Reusing in-memory cached project graph because no files changed.
[NX v21.3.6 Daemon Server] - 2025-12-08T19:12:05.154Z - [REQUEST]: Responding to the client. project-graph
[NX v21.3.6 Daemon Server] - 2025-12-08T19:12:05.154Z - Done responding to the client project-graph
[NX v21.3.6 Daemon Server] - 2025-12-08T19:12:05.154Z - Handled REQUEST_PROJECT_GRAPH. Handling time: 0. Response time: 0.
[NX v21.3.6 Daemon Server] - 2025-12-08T19:12:05.154Z - Time taken for 'total for creating and serializing project graph' 0.09033400000771508ms
[NX v21.3.6 Daemon Server] - 2025-12-08T19:12:05.154Z - [REQUEST]: Client Request for Project Graph Received
[NX v21.3.6 Daemon Server] - 2025-12-08T19:12:05.154Z - Reusing in-memory cached project graph because no files changed.
[NX v21.3.6 Daemon Server] - 2025-12-08T19:12:05.154Z - [REQUEST]: Responding to the client. project-graph
[NX v21.3.6 Daemon Server] - 2025-12-08T19:12:05.154Z - Done responding to the client project-graph
[NX v21.3.6 Daemon Server] - 2025-12-08T19:12:05.154Z - Handled REQUEST_PROJECT_GRAPH. Handling time: 0. Response time: 0.
[NX v21.3.6 Daemon Server] - 2025-12-08T19:12:05.154Z - Time taken for 'total for creating and serializing project graph' 0.09466699999757111ms
[NX v21.3.6 Daemon Server] - 2025-12-08T19:12:05.155Z - Established a connection. Number of open connections: 2
[NX v21.3.6 Daemon Server] - 2025-12-08T19:12:07.382Z - [WATCHER]: Processing file changes in outputs
[NX v21.3.6 Daemon Server] - 2025-12-08T19:12:07.382Z - Closed a connection. Number of open connections: 1
[NX v21.3.6 Daemon Server] - 2025-12-08T19:12:07.382Z - Closed a connection. Number of open connections: 0
[NX v21.3.6 Daemon Server] - 2025-12-08T19:12:07.382Z - [WATCHER]: Stopping the watcher for /Users/manfredsteyer/projects/trainings/flight-app (sources)
[NX v21.3.6 Daemon Server] - 2025-12-08T19:12:07.382Z - [WATCHER]: Stopping the watcher for /Users/manfredsteyer/projects/trainings/flight-app (outputs)
[NX v21.3.6 Daemon Server] - 2025-12-08T19:12:07.382Z - Server stopped because: "LOCK_FILES_CHANGED"
[NX v21.3.6 Daemon Server] - 2025-12-08T19:13:48.877Z - Started listening on: /private/var/folders/90/xlgjf5ms3ql9v9y8n8m3vgjh0000gn/T/49183e68a8dacc8c509e/d.sock
[NX v21.3.6 Daemon Server] - 2025-12-08T19:13:48.878Z - [WATCHER]: Subscribed to changes within: /Users/manfredsteyer/projects/trainings/flight-app (native)
[NX v21.3.6 Daemon Server] - 2025-12-08T19:13:48.879Z - Established a connection. Number of open connections: 1
[NX v21.3.6 Daemon Server] - 2025-12-08T19:13:48.880Z - Closed a connection. Number of open connections: 0
[NX v21.3.6 Daemon Server] - 2025-12-08T19:13:48.886Z - Established a connection. Number of open connections: 1
[NX v21.3.6 Daemon Server] - 2025-12-08T19:13:48.886Z - Established a connection. Number of open connections: 2
[NX v21.3.6 Daemon Server] - 2025-12-08T19:13:48.887Z - Closed a connection. Number of open connections: 1
[NX v21.3.6 Daemon Server] - 2025-12-08T19:13:48.887Z - [REQUEST]: Client Request for Project Graph Received
[NX v21.3.6 Daemon Server] - 2025-12-08T19:13:48.891Z - Time taken for 'loadSpecifiedNxPlugins' 1.2037909999999954ms
Time for 'plugin worker 40966 code loading' 1.92075
Time for 'plugin worker 40965 code loading' 1.920667
Time for 'plugin worker 40964 code loading' 1.92075
[NX v21.3.6 Daemon Server] - 2025-12-08T19:13:48.940Z - [WATCHER]: Processing file changes in outputs
[NX v21.3.6 Daemon Server] - 2025-12-08T19:13:48.960Z - Time taken for 'Load Nx Plugin: /Users/manfredsteyer/projects/trainings/flight-app/node_modules/nx/src/plugins/package-json' 71.822042ms
[NX v21.3.6 Daemon Server] - 2025-12-08T19:13:48.960Z - Time taken for 'Load Nx Plugin: /Users/manfredsteyer/projects/trainings/flight-app/node_modules/nx/src/plugins/project-json/build-nodes/project-json' 71.61841700000001ms
[NX v21.3.6 Daemon Server] - 2025-12-08T19:13:48.971Z - [REQUEST]: Updated workspace context based on watched changes, recomputing project graph...
[NX v21.3.6 Daemon Server] - 2025-12-08T19:13:48.971Z - [REQUEST]: 
[NX v21.3.6 Daemon Server] - 2025-12-08T19:13:48.971Z - [REQUEST]: 
[NX v21.3.6 Daemon Server] - 2025-12-08T19:13:48.972Z - No files changed, but no in-memory cached project graph found. Recomputing it...
Time for 'nx/js/dependencies-and-lockfile:createNodes' 0.1467919999999907
[NX v21.3.6 Daemon Server] - 2025-12-08T19:13:48.974Z - Time taken for 'loadDefaultNxPlugins' 83.087375ms
Time for 'nx/core/project-json:createNodes' 0.2648750000000035
Time for 'nx/core/package-json:createNodes' 0.4364999999999952
[NX v21.3.6 Daemon Server] - 2025-12-08T19:13:48.990Z - Time taken for 'build-project-configs' 9.582291999999995ms
Time for 'build typescript dependencies' 97.50395799999998
[NX v21.3.6 Daemon Server] - 2025-12-08T19:13:49.090Z - Wrote project graph cache to /Users/manfredsteyer/projects/trainings/flight-app/.nx/workspace-data/project-graph.json
[NX v21.3.6 Daemon Server] - 2025-12-08T19:13:49.090Z - [SYNC]: collect registered sync generators
[NX v21.3.6 Daemon Server] - 2025-12-08T19:13:49.090Z - [REQUEST]: Responding to the client. project-graph
[NX v21.3.6 Daemon Server] - 2025-12-08T19:13:49.091Z - Done responding to the client project-graph
[NX v21.3.6 Daemon Server] - 2025-12-08T19:13:49.091Z - Handled REQUEST_PROJECT_GRAPH. Handling time: 203. Response time: 1.
[NX v21.3.6 Daemon Server] - 2025-12-08T19:13:49.091Z - Time taken for 'total for creating and serializing project graph' 203.08212500000002ms
[NX v21.3.6 Daemon Server] - 2025-12-08T19:13:49.091Z - [REQUEST]: Responding to the client. handleContextFileData
[NX v21.3.6 Daemon Server] - 2025-12-08T19:13:49.091Z - Done responding to the client handleContextFileData
[NX v21.3.6 Daemon Server] - 2025-12-08T19:13:49.091Z - Handled GET_CONTEXT_FILE_DATA. Handling time: 0. Response time: 0.
[NX v21.3.6 Daemon Server] - 2025-12-08T19:13:49.091Z - Closed a connection. Number of open connections: 0
[NX v21.3.6 Daemon Server] - 2025-12-08T19:13:49.352Z - Established a connection. Number of open connections: 1
[NX v21.3.6 Daemon Server] - 2025-12-08T19:13:49.352Z - Established a connection. Number of open connections: 2
[NX v21.3.6 Daemon Server] - 2025-12-08T19:13:49.352Z - Closed a connection. Number of open connections: 1
[NX v21.3.6 Daemon Server] - 2025-12-08T19:13:49.353Z - Established a connection. Number of open connections: 2
[NX v21.3.6 Daemon Server] - 2025-12-08T19:13:49.353Z - Closed a connection. Number of open connections: 1
[NX v21.3.6 Daemon Server] - 2025-12-08T19:13:49.353Z - [REQUEST]: Client Request for Project Graph Received
[NX v21.3.6 Daemon Server] - 2025-12-08T19:13:49.353Z - Reusing in-memory cached project graph because no files changed.
[NX v21.3.6 Daemon Server] - 2025-12-08T19:13:49.353Z - [REQUEST]: Responding to the client. project-graph
[NX v21.3.6 Daemon Server] - 2025-12-08T19:13:49.353Z - Done responding to the client project-graph
[NX v21.3.6 Daemon Server] - 2025-12-08T19:13:49.353Z - Handled REQUEST_PROJECT_GRAPH. Handling time: 0. Response time: 0.
[NX v21.3.6 Daemon Server] - 2025-12-08T19:13:49.353Z - Time taken for 'total for creating and serializing project graph' 0.08508299999994051ms
[NX v21.3.6 Daemon Server] - 2025-12-08T19:13:49.353Z - [REQUEST]: Client Request for Project Graph Received
[NX v21.3.6 Daemon Server] - 2025-12-08T19:13:49.353Z - Reusing in-memory cached project graph because no files changed.
[NX v21.3.6 Daemon Server] - 2025-12-08T19:13:49.353Z - [REQUEST]: Responding to the client. project-graph
[NX v21.3.6 Daemon Server] - 2025-12-08T19:13:49.353Z - Done responding to the client project-graph
[NX v21.3.6 Daemon Server] - 2025-12-08T19:13:49.353Z - Handled REQUEST_PROJECT_GRAPH. Handling time: 0. Response time: 0.
[NX v21.3.6 Daemon Server] - 2025-12-08T19:13:49.353Z - Time taken for 'total for creating and serializing project graph' 0.05804200000000037ms
[NX v21.3.6 Daemon Server] - 2025-12-08T19:13:49.353Z - Established a connection. Number of open connections: 2
[NX v21.3.6 Daemon Server] - 2025-12-08T19:14:19.611Z - Established a connection. Number of open connections: 3
[NX v21.3.6 Daemon Server] - 2025-12-08T19:14:19.612Z - Established a connection. Number of open connections: 4
[NX v21.3.6 Daemon Server] - 2025-12-08T19:14:19.613Z - Closed a connection. Number of open connections: 3
[NX v21.3.6 Daemon Server] - 2025-12-08T19:14:19.614Z - [REQUEST]: Client Request for Project Graph Received
[NX v21.3.6 Daemon Server] - 2025-12-08T19:14:19.614Z - Reusing in-memory cached project graph because no files changed.
[NX v21.3.6 Daemon Server] - 2025-12-08T19:14:19.615Z - [REQUEST]: Responding to the client. project-graph
[NX v21.3.6 Daemon Server] - 2025-12-08T19:14:19.615Z - Done responding to the client project-graph
[NX v21.3.6 Daemon Server] - 2025-12-08T19:14:19.615Z - Handled REQUEST_PROJECT_GRAPH. Handling time: 1. Response time: 0.
[NX v21.3.6 Daemon Server] - 2025-12-08T19:14:19.615Z - Time taken for 'total for creating and serializing project graph' 0.4912079999994603ms
[NX v21.3.6 Daemon Server] - 2025-12-08T19:14:19.679Z - [WATCHER]: tsconfig.base.json was modified
[NX v21.3.6 Daemon Server] - 2025-12-08T19:14:19.681Z - [REQUEST]: Responding to the client. File watch changed
[NX v21.3.6 Daemon Server] - 2025-12-08T19:14:19.681Z - Done responding to the client File watch changed
[NX v21.3.6 Daemon Server] - 2025-12-08T19:14:19.681Z - Handled FILE-WATCH-CHANGED. Handling time: 0. Response time: 1.
[NX v21.3.6 Daemon Server] - 2025-12-08T19:14:19.681Z - [WATCHER]: Processing file changes in outputs
[NX v21.3.6 Daemon Server] - 2025-12-08T19:14:19.681Z - Time taken for 'changed-projects' 0.335917000000336ms
[NX v21.3.6 Daemon Server] - 2025-12-08T19:14:19.782Z - [REQUEST]: Updated workspace context based on watched changes, recomputing project graph...
[NX v21.3.6 Daemon Server] - 2025-12-08T19:14:19.782Z - [REQUEST]: tsconfig.base.json
[NX v21.3.6 Daemon Server] - 2025-12-08T19:14:19.782Z - [REQUEST]: 
Time for 'nx/js/dependencies-and-lockfile:createNodes' 0.20245799999975134
[NX v21.3.6 Daemon Server] - 2025-12-08T19:14:19.786Z - Time taken for 'hash changed files from watcher' 0.5074590000003809ms
Time for 'nx/core/package-json:createNodes' 0.6506670000017039
Time for 'nx/core/project-json:createNodes' 0.5724169999994047
[NX v21.3.6 Daemon Server] - 2025-12-08T19:14:19.791Z - Time taken for 'build-project-configs' 4.554000000000087ms
Time for 'build typescript dependencies' 0.1736669999991136
[NX v21.3.6 Daemon Server] - 2025-12-08T19:14:19.796Z - Wrote project graph cache to /Users/manfredsteyer/projects/trainings/flight-app/.nx/workspace-data/project-graph.json
[NX v21.3.6 Daemon Server] - 2025-12-08T19:14:19.797Z - [SYNC]: collect registered sync generators
[NX v21.3.6 Daemon Server] - 2025-12-08T19:14:19.797Z - [SYNC]: project graph hash is the same, not collecting task sync generators
[NX v21.3.6 Daemon Server] - 2025-12-08T19:14:19.797Z - [SYNC]: nx.json hash is the same, not collecting global sync generators
[NX v21.3.6 Daemon Server] - 2025-12-08T19:14:19.797Z - Time taken for 'total execution time for createProjectGraph()' 3.7376249999979336ms
[NX v21.3.6 Daemon Server] - 2025-12-08T19:14:20.192Z - Closed a connection. Number of open connections: 2
[NX v21.3.6 Daemon Server] - 2025-12-08T19:14:30.688Z - Established a connection. Number of open connections: 3
[NX v21.3.6 Daemon Server] - 2025-12-08T19:14:30.689Z - [REQUEST]: Client Request for Project Graph Received
[NX v21.3.6 Daemon Server] - 2025-12-08T19:14:30.689Z - Reusing in-memory cached project graph because no files changed.
[NX v21.3.6 Daemon Server] - 2025-12-08T19:14:30.689Z - [REQUEST]: Responding to the client. project-graph
[NX v21.3.6 Daemon Server] - 2025-12-08T19:14:30.689Z - Done responding to the client project-graph
[NX v21.3.6 Daemon Server] - 2025-12-08T19:14:30.689Z - Handled REQUEST_PROJECT_GRAPH. Handling time: 0. Response time: 0.
[NX v21.3.6 Daemon Server] - 2025-12-08T19:14:30.690Z - Time taken for 'total for creating and serializing project graph' 0.472208999999566ms
[NX v21.3.6 Daemon Server] - 2025-12-08T19:14:30.690Z - Closed a connection. Number of open connections: 2
[NX v21.3.6 Daemon Server] - 2025-12-08T19:14:30.691Z - [REQUEST]: Responding to the client. handleContextFileData
[NX v21.3.6 Daemon Server] - 2025-12-08T19:14:30.691Z - Done responding to the client handleContextFileData
[NX v21.3.6 Daemon Server] - 2025-12-08T19:14:30.691Z - Handled GET_CONTEXT_FILE_DATA. Handling time: 0. Response time: 0.
[NX v21.3.6 Daemon Server] - 2025-12-08T19:14:30.692Z - Closed a connection. Number of open connections: 1
[NX v21.3.6 Daemon Server] - 2025-12-08T19:14:30.965Z - Closed a connection. Number of open connections: 0
[NX v21.3.6 Daemon Server] - 2025-12-08T19:14:30.965Z - Established a connection. Number of open connections: 1
[NX v21.3.6 Daemon Server] - 2025-12-08T19:14:30.965Z - Closed a connection. Number of open connections: 0
[NX v21.3.6 Daemon Server] - 2025-12-08T19:14:30.965Z - Established a connection. Number of open connections: 1
[NX v21.3.6 Daemon Server] - 2025-12-08T19:14:30.965Z - Established a connection. Number of open connections: 2
[NX v21.3.6 Daemon Server] - 2025-12-08T19:14:30.965Z - Closed a connection. Number of open connections: 1
[NX v21.3.6 Daemon Server] - 2025-12-08T19:14:30.965Z - [REQUEST]: Client Request for Project Graph Received
[NX v21.3.6 Daemon Server] - 2025-12-08T19:14:30.965Z - Reusing in-memory cached project graph because no files changed.
[NX v21.3.6 Daemon Server] - 2025-12-08T19:14:30.965Z - [REQUEST]: Responding to the client. project-graph
[NX v21.3.6 Daemon Server] - 2025-12-08T19:14:30.965Z - Done responding to the client project-graph
[NX v21.3.6 Daemon Server] - 2025-12-08T19:14:30.965Z - Handled REQUEST_PROJECT_GRAPH. Handling time: 0. Response time: 0.
[NX v21.3.6 Daemon Server] - 2025-12-08T19:14:30.966Z - Time taken for 'total for creating and serializing project graph' 0.16079099999478785ms
[NX v21.3.6 Daemon Server] - 2025-12-08T19:14:30.966Z - [REQUEST]: Client Request for Project Graph Received
[NX v21.3.6 Daemon Server] - 2025-12-08T19:14:30.966Z - Reusing in-memory cached project graph because no files changed.
[NX v21.3.6 Daemon Server] - 2025-12-08T19:14:30.966Z - [REQUEST]: Responding to the client. project-graph
[NX v21.3.6 Daemon Server] - 2025-12-08T19:14:30.966Z - Done responding to the client project-graph
[NX v21.3.6 Daemon Server] - 2025-12-08T19:14:30.966Z - Handled REQUEST_PROJECT_GRAPH. Handling time: 0. Response time: 0.
[NX v21.3.6 Daemon Server] - 2025-12-08T19:14:30.966Z - Time taken for 'total for creating and serializing project graph' 0.07879200000024866ms
[NX v21.3.6 Daemon Server] - 2025-12-08T19:14:30.966Z - Established a connection. Number of open connections: 2
[NX v21.3.6 Daemon Server] - 2025-12-08T19:15:48.743Z - [WATCHER]: 6 file(s) created or restored, 0 file(s) modified, 0 file(s) deleted
[NX v21.3.6 Daemon Server] - 2025-12-08T19:15:48.744Z - [WATCHER]: Processing file changes in outputs
[NX v21.3.6 Daemon Server] - 2025-12-08T19:15:48.744Z - Closed a connection. Number of open connections: 1
[NX v21.3.6 Daemon Server] - 2025-12-08T19:15:48.744Z - Closed a connection. Number of open connections: 0
[NX v21.3.6 Daemon Server] - 2025-12-08T19:15:48.744Z - [WATCHER]: Stopping the watcher for /Users/manfredsteyer/projects/trainings/flight-app (sources)
[NX v21.3.6 Daemon Server] - 2025-12-08T19:15:48.744Z - [WATCHER]: Stopping the watcher for /Users/manfredsteyer/projects/trainings/flight-app (outputs)
[NX v21.3.6 Daemon Server] - 2025-12-08T19:15:48.745Z - Server stopped because: "Stopping the daemon the set of ignored files changed (native)"
[NX v21.3.6 Daemon Server] - 2025-12-08T19:15:52.108Z - Started listening on: /private/var/folders/90/xlgjf5ms3ql9v9y8n8m3vgjh0000gn/T/49183e68a8dacc8c509e/d.sock
[NX v21.3.6 Daemon Server] - 2025-12-08T19:15:52.110Z - [WATCHER]: Subscribed to changes within: /Users/manfredsteyer/projects/trainings/flight-app (native)
[NX v21.3.6 Daemon Server] - 2025-12-08T19:15:52.110Z - Established a connection. Number of open connections: 1
[NX v21.3.6 Daemon Server] - 2025-12-08T19:15:52.111Z - Closed a connection. Number of open connections: 0
[NX v21.3.6 Daemon Server] - 2025-12-08T19:15:52.116Z - Established a connection. Number of open connections: 1
[NX v21.3.6 Daemon Server] - 2025-12-08T19:15:52.116Z - Established a connection. Number of open connections: 2
[NX v21.3.6 Daemon Server] - 2025-12-08T19:15:52.116Z - Closed a connection. Number of open connections: 1
[NX v21.3.6 Daemon Server] - 2025-12-08T19:15:52.117Z - [REQUEST]: Client Request for Project Graph Received
[NX v21.3.6 Daemon Server] - 2025-12-08T19:15:52.121Z - Time taken for 'loadSpecifiedNxPlugins' 1.4382500000000107ms
Time for 'plugin worker 42126 code loading' 1.890708
Time for 'plugin worker 42125 code loading' 1.890791
Time for 'plugin worker 42127 code loading' 1.8907499999999988
[NX v21.3.6 Daemon Server] - 2025-12-08T19:15:52.170Z - [WATCHER]: Processing file changes in outputs
[NX v21.3.6 Daemon Server] - 2025-12-08T19:15:52.188Z - Time taken for 'Load Nx Plugin: /Users/manfredsteyer/projects/trainings/flight-app/node_modules/nx/src/plugins/project-json/build-nodes/project-json' 69.758334ms
[NX v21.3.6 Daemon Server] - 2025-12-08T19:15:52.189Z - Time taken for 'Load Nx Plugin: /Users/manfredsteyer/projects/trainings/flight-app/node_modules/nx/src/plugins/package-json' 71.629ms
[NX v21.3.6 Daemon Server] - 2025-12-08T19:15:52.201Z - [REQUEST]: Updated workspace context based on watched changes, recomputing project graph...
[NX v21.3.6 Daemon Server] - 2025-12-08T19:15:52.201Z - [REQUEST]: 
[NX v21.3.6 Daemon Server] - 2025-12-08T19:15:52.201Z - [REQUEST]: 
[NX v21.3.6 Daemon Server] - 2025-12-08T19:15:52.202Z - No files changed, but no in-memory cached project graph found. Recomputing it...
Time for 'nx/js/dependencies-and-lockfile:createNodes' 0.16758399999999085
[NX v21.3.6 Daemon Server] - 2025-12-08T19:15:52.204Z - Time taken for 'loadDefaultNxPlugins' 83.421459ms
Time for 'nx/core/package-json:createNodes' 0.4265829999999937
Time for 'nx/core/project-json:createNodes' 0.3078749999999957
[NX v21.3.6 Daemon Server] - 2025-12-08T19:15:52.223Z - Time taken for 'build-project-configs' 12.995958000000002ms
Time for 'build typescript dependencies' 106.124708
[NX v21.3.6 Daemon Server] - 2025-12-08T19:15:52.332Z - Wrote project graph cache to /Users/manfredsteyer/projects/trainings/flight-app/.nx/workspace-data/project-graph.json
[NX v21.3.6 Daemon Server] - 2025-12-08T19:15:52.333Z - [SYNC]: collect registered sync generators
[NX v21.3.6 Daemon Server] - 2025-12-08T19:15:52.333Z - [REQUEST]: Responding to the client. project-graph
[NX v21.3.6 Daemon Server] - 2025-12-08T19:15:52.333Z - Time taken for 'total for creating and serializing project graph' 216.02949999999998ms
[NX v21.3.6 Daemon Server] - 2025-12-08T19:15:52.333Z - Done responding to the client project-graph
[NX v21.3.6 Daemon Server] - 2025-12-08T19:15:52.333Z - Handled REQUEST_PROJECT_GRAPH. Handling time: 216. Response time: 0.
[NX v21.3.6 Daemon Server] - 2025-12-08T19:15:52.334Z - [REQUEST]: Responding to the client. handleContextFileData
[NX v21.3.6 Daemon Server] - 2025-12-08T19:15:52.334Z - Done responding to the client handleContextFileData
[NX v21.3.6 Daemon Server] - 2025-12-08T19:15:52.334Z - Handled GET_CONTEXT_FILE_DATA. Handling time: 0. Response time: 0.
[NX v21.3.6 Daemon Server] - 2025-12-08T19:15:52.335Z - Closed a connection. Number of open connections: 0
[NX v21.3.6 Daemon Server] - 2025-12-08T19:15:52.589Z - Established a connection. Number of open connections: 1
[NX v21.3.6 Daemon Server] - 2025-12-08T19:15:52.590Z - Established a connection. Number of open connections: 2
[NX v21.3.6 Daemon Server] - 2025-12-08T19:15:52.590Z - Closed a connection. Number of open connections: 1
[NX v21.3.6 Daemon Server] - 2025-12-08T19:15:52.590Z - Established a connection. Number of open connections: 2
[NX v21.3.6 Daemon Server] - 2025-12-08T19:15:52.590Z - Closed a connection. Number of open connections: 1
[NX v21.3.6 Daemon Server] - 2025-12-08T19:15:52.590Z - [REQUEST]: Client Request for Project Graph Received
[NX v21.3.6 Daemon Server] - 2025-12-08T19:15:52.590Z - Reusing in-memory cached project graph because no files changed.
[NX v21.3.6 Daemon Server] - 2025-12-08T19:15:52.590Z - [REQUEST]: Responding to the client. project-graph
[NX v21.3.6 Daemon Server] - 2025-12-08T19:15:52.590Z - Time taken for 'total for creating and serializing project graph' 0.10174999999992451ms
[NX v21.3.6 Daemon Server] - 2025-12-08T19:15:52.590Z - Done responding to the client project-graph
[NX v21.3.6 Daemon Server] - 2025-12-08T19:15:52.590Z - Handled REQUEST_PROJECT_GRAPH. Handling time: 0. Response time: 0.
[NX v21.3.6 Daemon Server] - 2025-12-08T19:15:52.590Z - [REQUEST]: Client Request for Project Graph Received
[NX v21.3.6 Daemon Server] - 2025-12-08T19:15:52.590Z - Reusing in-memory cached project graph because no files changed.
[NX v21.3.6 Daemon Server] - 2025-12-08T19:15:52.590Z - [REQUEST]: Responding to the client. project-graph
[NX v21.3.6 Daemon Server] - 2025-12-08T19:15:52.590Z - Time taken for 'total for creating and serializing project graph' 0.06008400000007441ms
[NX v21.3.6 Daemon Server] - 2025-12-08T19:15:52.590Z - Done responding to the client project-graph
[NX v21.3.6 Daemon Server] - 2025-12-08T19:15:52.590Z - Handled REQUEST_PROJECT_GRAPH. Handling time: 0. Response time: 0.
[NX v21.3.6 Daemon Server] - 2025-12-08T19:15:52.591Z - Established a connection. Number of open connections: 2
[NX v21.3.6 Daemon Server] - 2025-12-08T19:16:20.481Z - [WATCHER]: Processing file changes in outputs
[NX v21.3.6 Daemon Server] - 2025-12-08T19:16:20.481Z - Closed a connection. Number of open connections: 1
[NX v21.3.6 Daemon Server] - 2025-12-08T19:16:20.481Z - Closed a connection. Number of open connections: 0
[NX v21.3.6 Daemon Server] - 2025-12-08T19:16:20.481Z - [WATCHER]: Stopping the watcher for /Users/manfredsteyer/projects/trainings/flight-app (sources)
[NX v21.3.6 Daemon Server] - 2025-12-08T19:16:20.481Z - [WATCHER]: Stopping the watcher for /Users/manfredsteyer/projects/trainings/flight-app (outputs)
[NX v21.3.6 Daemon Server] - 2025-12-08T19:16:20.481Z - Server stopped because: "LOCK_FILES_CHANGED"
[NX v21.3.6 Daemon Server] - 2025-12-08T19:16:29.441Z - Started listening on: /private/var/folders/90/xlgjf5ms3ql9v9y8n8m3vgjh0000gn/T/49183e68a8dacc8c509e/d.sock
[NX v21.3.6 Daemon Server] - 2025-12-08T19:16:29.445Z - [WATCHER]: Subscribed to changes within: /Users/manfredsteyer/projects/trainings/flight-app (native)
[NX v21.3.6 Daemon Server] - 2025-12-08T19:16:29.446Z - Established a connection. Number of open connections: 1
[NX v21.3.6 Daemon Server] - 2025-12-08T19:16:29.446Z - Established a connection. Number of open connections: 2
[NX v21.3.6 Daemon Server] - 2025-12-08T19:16:29.447Z - Closed a connection. Number of open connections: 1
[NX v21.3.6 Daemon Server] - 2025-12-08T19:16:29.447Z - [REQUEST]: Client Request for Project Graph Received
[NX v21.3.6 Daemon Server] - 2025-12-08T19:16:29.450Z - Time taken for 'loadSpecifiedNxPlugins' 1.0892499999999927ms
Time for 'plugin worker 42212 code loading' 1.8552090000000003
Time for 'plugin worker 42211 code loading' 1.875209
Time for 'plugin worker 42210 code loading' 1.8547499999999992
[NX v21.3.6 Daemon Server] - 2025-12-08T19:16:29.504Z - [WATCHER]: Processing file changes in outputs
[NX v21.3.6 Daemon Server] - 2025-12-08T19:16:29.518Z - Time taken for 'Load Nx Plugin: /Users/manfredsteyer/projects/trainings/flight-app/node_modules/nx/src/plugins/project-json/build-nodes/project-json' 69.54745800000002ms
[NX v21.3.6 Daemon Server] - 2025-12-08T19:16:29.519Z - Time taken for 'Load Nx Plugin: /Users/manfredsteyer/projects/trainings/flight-app/node_modules/nx/src/plugins/package-json' 70.952959ms
[NX v21.3.6 Daemon Server] - 2025-12-08T19:16:29.528Z - [REQUEST]: Updated workspace context based on watched changes, recomputing project graph...
[NX v21.3.6 Daemon Server] - 2025-12-08T19:16:29.528Z - [REQUEST]: 
[NX v21.3.6 Daemon Server] - 2025-12-08T19:16:29.528Z - [REQUEST]: 
[NX v21.3.6 Daemon Server] - 2025-12-08T19:16:29.529Z - No files changed, but no in-memory cached project graph found. Recomputing it...
[NX v21.3.6 Daemon Server] - 2025-12-08T19:16:29.531Z - Time taken for 'loadDefaultNxPlugins' 80.42341599999999ms
Time for 'nx/core/package-json:createNodes' 0.37895799999999724
Time for 'nx/core/project-json:createNodes' 0.40237499999999216
Time for 'nx/js/dependencies-and-lockfile:createNodes' 4.767959000000005
[NX v21.3.6 Daemon Server] - 2025-12-08T19:16:29.560Z - Time taken for 'build-project-configs' 16.12579100000002ms
Time for 'build typescript dependencies' 4.633791000000002
[NX v21.3.6 Daemon Server] - 2025-12-08T19:16:29.586Z - Wrote project graph cache to /Users/manfredsteyer/projects/trainings/flight-app/.nx/workspace-data/project-graph.json
[NX v21.3.6 Daemon Server] - 2025-12-08T19:16:29.586Z - [SYNC]: collect registered sync generators
[NX v21.3.6 Daemon Server] - 2025-12-08T19:16:29.587Z - [REQUEST]: Responding to the client. project-graph
[NX v21.3.6 Daemon Server] - 2025-12-08T19:16:29.587Z - Time taken for 'total for creating and serializing project graph' 139.617208ms
[NX v21.3.6 Daemon Server] - 2025-12-08T19:16:29.588Z - Done responding to the client project-graph
[NX v21.3.6 Daemon Server] - 2025-12-08T19:16:29.588Z - Handled REQUEST_PROJECT_GRAPH. Handling time: 140. Response time: 1.
[NX v21.3.6 Daemon Server] - 2025-12-08T19:16:29.592Z - [REQUEST]: Responding to the client. handleRunPreTasksExecution
[NX v21.3.6 Daemon Server] - 2025-12-08T19:16:29.592Z - Done responding to the client handleRunPreTasksExecution
[NX v21.3.6 Daemon Server] - 2025-12-08T19:16:29.592Z - Handled PRE_TASKS_EXECUTION. Handling time: 0. Response time: 0.
[NX v21.3.6 Daemon Server] - 2025-12-08T19:16:29.592Z - Time taken for 'preTasksExecution' 0.16862500000002ms
[NX v21.3.6 Daemon Server] - 2025-12-08T19:16:29.623Z - Reusing in-memory cached project graph because no files changed.
DEBUG nx::native::tasks::task_hasher: plan length: 1
DEBUG nx::native::tasks::hashers::hash_workspace_files: Hashing workspace fileset{cache_key="nx.json,.gitignore,.nxignore"}: Adding "14300244717916758202" (".gitignore") to hash
DEBUG nx::native::tasks::hashers::hash_workspace_files: Hashing workspace fileset{cache_key="nx.json,.gitignore,.nxignore"}: Adding "13822946197563531230" ("nx.json") to hash
DEBUG nx::native::tasks::hashers::hash_workspace_files: Hashing workspace fileset{cache_key="nx.json,.gitignore,.nxignore"}: Hash Value: "18310895295297127376"
[NX v21.3.6 Daemon Server] - 2025-12-08T19:16:29.630Z - [REQUEST]: Responding to the client. handleHashTasks
[NX v21.3.6 Daemon Server] - 2025-12-08T19:16:29.630Z - Done responding to the client handleHashTasks
[NX v21.3.6 Daemon Server] - 2025-12-08T19:16:29.630Z - Handled HASH_TASKS. Handling time: 7. Response time: 0.
[NX v21.3.6 Daemon Server] - 2025-12-08T19:16:29.671Z - [REQUEST]: Responding to the client. handleGetEstimatedTaskTimings
[NX v21.3.6 Daemon Server] - 2025-12-08T19:16:29.671Z - Done responding to the client handleGetEstimatedTaskTimings
[NX v21.3.6 Daemon Server] - 2025-12-08T19:16:29.671Z - Handled GET_ESTIMATED_TASK_TIMINGS. Handling time: 11. Response time: 0.
[NX v21.3.6 Daemon Server] - 2025-12-08T19:16:30.331Z - Established a connection. Number of open connections: 2
[NX v21.3.6 Daemon Server] - 2025-12-08T19:16:30.331Z - Closed a connection. Number of open connections: 1
[NX v21.3.6 Daemon Server] - 2025-12-08T19:16:30.332Z - Established a connection. Number of open connections: 2
[NX v21.3.6 Daemon Server] - 2025-12-08T19:16:30.332Z - [REQUEST]: Client Request for Project Graph Received
[NX v21.3.6 Daemon Server] - 2025-12-08T19:16:30.332Z - Reusing in-memory cached project graph because no files changed.
[NX v21.3.6 Daemon Server] - 2025-12-08T19:16:30.332Z - [REQUEST]: Responding to the client. project-graph
[NX v21.3.6 Daemon Server] - 2025-12-08T19:16:30.333Z - Time taken for 'total for creating and serializing project graph' 0.1027080000000069ms
[NX v21.3.6 Daemon Server] - 2025-12-08T19:16:30.337Z - Done responding to the client project-graph
[NX v21.3.6 Daemon Server] - 2025-12-08T19:16:30.337Z - Handled REQUEST_PROJECT_GRAPH. Handling time: 0. Response time: 5.
[NX v21.3.6 Daemon Server] - 2025-12-08T19:16:31.679Z - [WATCHER]: Processing file changes in outputs
[NX v21.3.6 Daemon Server] - 2025-12-08T19:16:32.121Z - [WATCHER]: Processing file changes in outputs
[NX v21.3.6 Daemon Server] - 2025-12-08T19:16:32.184Z - [WATCHER]: Processing file changes in outputs
[NX v21.3.6 Daemon Server] - 2025-12-08T19:16:32.983Z - [WATCHER]: Processing file changes in outputs
[NX v21.3.6 Daemon Server] - 2025-12-08T19:16:36.285Z - [REQUEST]: Responding to the client. handleRecordTaskRuns
[NX v21.3.6 Daemon Server] - 2025-12-08T19:16:36.285Z - Done responding to the client handleRecordTaskRuns
[NX v21.3.6 Daemon Server] - 2025-12-08T19:16:36.285Z - Handled RECORD_TASK_RUNS. Handling time: 0. Response time: 0.
[NX v21.3.6 Daemon Server] - 2025-12-08T19:16:36.286Z - [REQUEST]: Responding to the client. handleGetFlakyTasks
[NX v21.3.6 Daemon Server] - 2025-12-08T19:16:36.286Z - Done responding to the client handleGetFlakyTasks
[NX v21.3.6 Daemon Server] - 2025-12-08T19:16:36.286Z - Handled GET_FLAKY_TASKS. Handling time: 1. Response time: 0.
[NX v21.3.6 Daemon Server] - 2025-12-08T19:16:36.297Z - Closed a connection. Number of open connections: 1
[NX v21.3.6 Daemon Server] - 2025-12-08T19:16:36.450Z - [REQUEST]: Responding to the client. handleRunPostTasksExecution
[NX v21.3.6 Daemon Server] - 2025-12-08T19:16:36.451Z - Done responding to the client handleRunPostTasksExecution
[NX v21.3.6 Daemon Server] - 2025-12-08T19:16:36.451Z - Handled POST_TASKS_EXECUTION. Handling time: 0. Response time: 1.
[NX v21.3.6 Daemon Server] - 2025-12-08T19:16:36.451Z - Time taken for 'postTasksExecution' 0.3109580000000278ms
[NX v21.3.6 Daemon Server] - 2025-12-08T19:16:36.461Z - Closed a connection. Number of open connections: 0
[NX v21.3.6 Daemon Server] - 2025-12-08T19:16:51.005Z - [WATCHER]: Processing file changes in outputs
[NX v21.3.6 Daemon Server] - 2025-12-08T19:16:51.006Z - [WATCHER]: Stopping the watcher for /Users/manfredsteyer/projects/trainings/flight-app (sources)
[NX v21.3.6 Daemon Server] - 2025-12-08T19:16:51.006Z - [WATCHER]: Stopping the watcher for /Users/manfredsteyer/projects/trainings/flight-app (outputs)
[NX v21.3.6 Daemon Server] - 2025-12-08T19:16:51.010Z - Server stopped because: "LOCK_FILES_CHANGED"
[NX v21.3.6 Daemon Server] - 2025-12-08T19:16:52.654Z - Started listening on: /private/var/folders/90/xlgjf5ms3ql9v9y8n8m3vgjh0000gn/T/49183e68a8dacc8c509e/d.sock
[NX v21.3.6 Daemon Server] - 2025-12-08T19:16:52.655Z - [WATCHER]: Subscribed to changes within: /Users/manfredsteyer/projects/trainings/flight-app (native)
[NX v21.3.6 Daemon Server] - 2025-12-08T19:16:52.655Z - Established a connection. Number of open connections: 1
[NX v21.3.6 Daemon Server] - 2025-12-08T19:16:52.656Z - Closed a connection. Number of open connections: 0
[NX v21.3.6 Daemon Server] - 2025-12-08T19:16:52.662Z - Established a connection. Number of open connections: 1
[NX v21.3.6 Daemon Server] - 2025-12-08T19:16:52.662Z - Established a connection. Number of open connections: 2
[NX v21.3.6 Daemon Server] - 2025-12-08T19:16:52.662Z - Closed a connection. Number of open connections: 1
[NX v21.3.6 Daemon Server] - 2025-12-08T19:16:52.662Z - [REQUEST]: Client Request for Project Graph Received
[NX v21.3.6 Daemon Server] - 2025-12-08T19:16:52.665Z - Time taken for 'loadSpecifiedNxPlugins' 0.4668749999999875ms
Time for 'plugin worker 42303 code loading' 1.924042
Time for 'plugin worker 42304 code loading' 1.9135000000000009
Time for 'plugin worker 42302 code loading' 1.9132499999999997
[NX v21.3.6 Daemon Server] - 2025-12-08T19:16:52.715Z - [WATCHER]: Processing file changes in outputs
[NX v21.3.6 Daemon Server] - 2025-12-08T19:16:52.732Z - Time taken for 'Load Nx Plugin: /Users/manfredsteyer/projects/trainings/flight-app/node_modules/nx/src/plugins/package-json' 69.41691699999998ms
[NX v21.3.6 Daemon Server] - 2025-12-08T19:16:52.733Z - Time taken for 'Load Nx Plugin: /Users/manfredsteyer/projects/trainings/flight-app/node_modules/nx/src/plugins/project-json/build-nodes/project-json' 69.54954200000002ms
[NX v21.3.6 Daemon Server] - 2025-12-08T19:16:52.744Z - [REQUEST]: Updated workspace context based on watched changes, recomputing project graph...
[NX v21.3.6 Daemon Server] - 2025-12-08T19:16:52.744Z - [REQUEST]: 
[NX v21.3.6 Daemon Server] - 2025-12-08T19:16:52.744Z - [REQUEST]: 
[NX v21.3.6 Daemon Server] - 2025-12-08T19:16:52.745Z - No files changed, but no in-memory cached project graph found. Recomputing it...
Time for 'nx/js/dependencies-and-lockfile:createNodes' 0.16424999999999557
[NX v21.3.6 Daemon Server] - 2025-12-08T19:16:52.747Z - Time taken for 'loadDefaultNxPlugins' 81.376917ms
Time for 'nx/core/project-json:createNodes' 0.2633340000000004
Time for 'nx/core/package-json:createNodes' 0.44891699999999446
[NX v21.3.6 Daemon Server] - 2025-12-08T19:16:52.759Z - Time taken for 'build-project-configs' 5.707042000000001ms
Time for 'build typescript dependencies' 122.67379199999999
[NX v21.3.6 Daemon Server] - 2025-12-08T19:16:52.885Z - Wrote project graph cache to /Users/manfredsteyer/projects/trainings/flight-app/.nx/workspace-data/project-graph.json
[NX v21.3.6 Daemon Server] - 2025-12-08T19:16:52.885Z - [SYNC]: collect registered sync generators
[NX v21.3.6 Daemon Server] - 2025-12-08T19:16:52.885Z - [REQUEST]: Responding to the client. project-graph
[NX v21.3.6 Daemon Server] - 2025-12-08T19:16:52.885Z - Done responding to the client project-graph
[NX v21.3.6 Daemon Server] - 2025-12-08T19:16:52.885Z - Handled REQUEST_PROJECT_GRAPH. Handling time: 223. Response time: 0.
[NX v21.3.6 Daemon Server] - 2025-12-08T19:16:52.885Z - Time taken for 'total for creating and serializing project graph' 222.908167ms
[NX v21.3.6 Daemon Server] - 2025-12-08T19:16:52.886Z - [REQUEST]: Responding to the client. handleContextFileData
[NX v21.3.6 Daemon Server] - 2025-12-08T19:16:52.886Z - Done responding to the client handleContextFileData
[NX v21.3.6 Daemon Server] - 2025-12-08T19:16:52.886Z - Handled GET_CONTEXT_FILE_DATA. Handling time: 0. Response time: 0.
[NX v21.3.6 Daemon Server] - 2025-12-08T19:16:52.886Z - Closed a connection. Number of open connections: 0
[NX v21.3.6 Daemon Server] - 2025-12-08T19:16:53.146Z - Established a connection. Number of open connections: 1
[NX v21.3.6 Daemon Server] - 2025-12-08T19:16:53.146Z - Established a connection. Number of open connections: 2
[NX v21.3.6 Daemon Server] - 2025-12-08T19:16:53.146Z - Closed a connection. Number of open connections: 1
[NX v21.3.6 Daemon Server] - 2025-12-08T19:16:53.146Z - Established a connection. Number of open connections: 2
[NX v21.3.6 Daemon Server] - 2025-12-08T19:16:53.146Z - Closed a connection. Number of open connections: 1
[NX v21.3.6 Daemon Server] - 2025-12-08T19:16:53.146Z - [REQUEST]: Client Request for Project Graph Received
[NX v21.3.6 Daemon Server] - 2025-12-08T19:16:53.146Z - Reusing in-memory cached project graph because no files changed.
[NX v21.3.6 Daemon Server] - 2025-12-08T19:16:53.146Z - [REQUEST]: Responding to the client. project-graph
[NX v21.3.6 Daemon Server] - 2025-12-08T19:16:53.146Z - Done responding to the client project-graph
[NX v21.3.6 Daemon Server] - 2025-12-08T19:16:53.146Z - Handled REQUEST_PROJECT_GRAPH. Handling time: 0. Response time: 0.
[NX v21.3.6 Daemon Server] - 2025-12-08T19:16:53.146Z - Time taken for 'total for creating and serializing project graph' 0.08016700000007404ms
[NX v21.3.6 Daemon Server] - 2025-12-08T19:16:53.147Z - [REQUEST]: Client Request for Project Graph Received
[NX v21.3.6 Daemon Server] - 2025-12-08T19:16:53.147Z - Reusing in-memory cached project graph because no files changed.
[NX v21.3.6 Daemon Server] - 2025-12-08T19:16:53.147Z - [REQUEST]: Responding to the client. project-graph
[NX v21.3.6 Daemon Server] - 2025-12-08T19:16:53.147Z - Done responding to the client project-graph
[NX v21.3.6 Daemon Server] - 2025-12-08T19:16:53.147Z - Handled REQUEST_PROJECT_GRAPH. Handling time: 0. Response time: 0.
[NX v21.3.6 Daemon Server] - 2025-12-08T19:16:53.147Z - Time taken for 'total for creating and serializing project graph' 0.05245800000000145ms
[NX v21.3.6 Daemon Server] - 2025-12-08T19:16:53.147Z - Established a connection. Number of open connections: 2
[NX v21.3.6 Daemon Server] - 2025-12-08T19:16:55.225Z - Established a connection. Number of open connections: 3
[NX v21.3.6 Daemon Server] - 2025-12-08T19:16:55.225Z - Established a connection. Number of open connections: 4
[NX v21.3.6 Daemon Server] - 2025-12-08T19:16:55.227Z - Closed a connection. Number of open connections: 3
[NX v21.3.6 Daemon Server] - 2025-12-08T19:16:55.227Z - [REQUEST]: Client Request for Project Graph Received
[NX v21.3.6 Daemon Server] - 2025-12-08T19:16:55.228Z - Reusing in-memory cached project graph because no files changed.
[NX v21.3.6 Daemon Server] - 2025-12-08T19:16:55.228Z - [REQUEST]: Responding to the client. project-graph
[NX v21.3.6 Daemon Server] - 2025-12-08T19:16:55.228Z - Done responding to the client project-graph
[NX v21.3.6 Daemon Server] - 2025-12-08T19:16:55.228Z - Handled REQUEST_PROJECT_GRAPH. Handling time: 1. Response time: 0.
[NX v21.3.6 Daemon Server] - 2025-12-08T19:16:55.228Z - Time taken for 'total for creating and serializing project graph' 0.35804200000029596ms
[NX v21.3.6 Daemon Server] - 2025-12-08T19:16:55.230Z - [REQUEST]: Responding to the client. handleRunPreTasksExecution
[NX v21.3.6 Daemon Server] - 2025-12-08T19:16:55.230Z - Done responding to the client handleRunPreTasksExecution
[NX v21.3.6 Daemon Server] - 2025-12-08T19:16:55.230Z - Handled PRE_TASKS_EXECUTION. Handling time: 1. Response time: 0.
[NX v21.3.6 Daemon Server] - 2025-12-08T19:16:55.230Z - Time taken for 'preTasksExecution' 0.47495900000012625ms
[NX v21.3.6 Daemon Server] - 2025-12-08T19:16:55.255Z - Reusing in-memory cached project graph because no files changed.
DEBUG nx::native::tasks::task_hasher: plan length: 1
DEBUG nx::native::tasks::hashers::hash_workspace_files: Hashing workspace fileset{cache_key="nx.json,.gitignore,.nxignore"}: Adding "14300244717916758202" (".gitignore") to hash
DEBUG nx::native::tasks::hashers::hash_workspace_files: Hashing workspace fileset{cache_key="nx.json,.gitignore,.nxignore"}: Adding "15164073331804542160" ("nx.json") to hash
DEBUG nx::native::tasks::hashers::hash_workspace_files: Hashing workspace fileset{cache_key="nx.json,.gitignore,.nxignore"}: Hash Value: "7102008634825783725"
[NX v21.3.6 Daemon Server] - 2025-12-08T19:16:55.257Z - [REQUEST]: Responding to the client. handleHashTasks
[NX v21.3.6 Daemon Server] - 2025-12-08T19:16:55.257Z - Done responding to the client handleHashTasks
[NX v21.3.6 Daemon Server] - 2025-12-08T19:16:55.257Z - Handled HASH_TASKS. Handling time: 2. Response time: 0.
[NX v21.3.6 Daemon Server] - 2025-12-08T19:16:55.309Z - [REQUEST]: Responding to the client. handleGetEstimatedTaskTimings
[NX v21.3.6 Daemon Server] - 2025-12-08T19:16:55.309Z - Done responding to the client handleGetEstimatedTaskTimings
[NX v21.3.6 Daemon Server] - 2025-12-08T19:16:55.309Z - Handled GET_ESTIMATED_TASK_TIMINGS. Handling time: 24. Response time: 0.
[NX v21.3.6 Daemon Server] - 2025-12-08T19:16:55.822Z - Established a connection. Number of open connections: 4
[NX v21.3.6 Daemon Server] - 2025-12-08T19:16:55.823Z - Closed a connection. Number of open connections: 3
[NX v21.3.6 Daemon Server] - 2025-12-08T19:16:55.823Z - Established a connection. Number of open connections: 4
[NX v21.3.6 Daemon Server] - 2025-12-08T19:16:55.823Z - [REQUEST]: Client Request for Project Graph Received
[NX v21.3.6 Daemon Server] - 2025-12-08T19:16:55.824Z - Reusing in-memory cached project graph because no files changed.
[NX v21.3.6 Daemon Server] - 2025-12-08T19:16:55.824Z - [REQUEST]: Responding to the client. project-graph
[NX v21.3.6 Daemon Server] - 2025-12-08T19:16:55.824Z - Done responding to the client project-graph
[NX v21.3.6 Daemon Server] - 2025-12-08T19:16:55.824Z - Handled REQUEST_PROJECT_GRAPH. Handling time: 1. Response time: 0.
[NX v21.3.6 Daemon Server] - 2025-12-08T19:16:55.824Z - Time taken for 'total for creating and serializing project graph' 0.24933300000020608ms
[NX v21.3.6 Daemon Server] - 2025-12-08T19:16:57.127Z - [WATCHER]: Processing file changes in outputs
[NX v21.3.6 Daemon Server] - 2025-12-08T19:17:02.076Z - [REQUEST]: Responding to the client. recordOutputsHash
[NX v21.3.6 Daemon Server] - 2025-12-08T19:17:02.077Z - Done responding to the client recordOutputsHash
[NX v21.3.6 Daemon Server] - 2025-12-08T19:17:02.077Z - Handled RECORD_OUTPUTS_HASH. Handling time: 0. Response time: 1.
[NX v21.3.6 Daemon Server] - 2025-12-08T19:17:02.081Z - [REQUEST]: Responding to the client. handleRecordTaskRuns
[NX v21.3.6 Daemon Server] - 2025-12-08T19:17:02.081Z - Done responding to the client handleRecordTaskRuns
[NX v21.3.6 Daemon Server] - 2025-12-08T19:17:02.081Z - Handled RECORD_TASK_RUNS. Handling time: 1. Response time: 0.
[NX v21.3.6 Daemon Server] - 2025-12-08T19:17:02.083Z - [REQUEST]: Responding to the client. handleGetFlakyTasks
[NX v21.3.6 Daemon Server] - 2025-12-08T19:17:02.083Z - Done responding to the client handleGetFlakyTasks
[NX v21.3.6 Daemon Server] - 2025-12-08T19:17:02.083Z - Handled GET_FLAKY_TASKS. Handling time: 1. Response time: 0.
[NX v21.3.6 Daemon Server] - 2025-12-08T19:17:02.093Z - Closed a connection. Number of open connections: 3
[NX v21.3.6 Daemon Server] - 2025-12-08T19:17:02.236Z - [REQUEST]: Responding to the client. handleRunPostTasksExecution
[NX v21.3.6 Daemon Server] - 2025-12-08T19:17:02.236Z - Done responding to the client handleRunPostTasksExecution
[NX v21.3.6 Daemon Server] - 2025-12-08T19:17:02.236Z - Handled POST_TASKS_EXECUTION. Handling time: 1. Response time: 0.
[NX v21.3.6 Daemon Server] - 2025-12-08T19:17:02.236Z - Time taken for 'postTasksExecution' 0.2474579999998241ms
[NX v21.3.6 Daemon Server] - 2025-12-08T19:17:02.245Z - Closed a connection. Number of open connections: 2
[NX v21.3.6 Daemon Server] - 2025-12-08T19:17:16.178Z - [WATCHER]: 7 file(s) created or restored, 0 file(s) modified, 0 file(s) deleted
[NX v21.3.6 Daemon Server] - 2025-12-08T19:17:16.178Z - [WATCHER]: Processing file changes in outputs
[NX v21.3.6 Daemon Server] - 2025-12-08T19:17:16.280Z - [REQUEST]: Updated workspace context based on watched changes, recomputing project graph...
[NX v21.3.6 Daemon Server] - 2025-12-08T19:17:16.280Z - [REQUEST]: apps/flights/src/app/domains/shared/util-common/debounce-signal.ts,apps/flights/src/app/domains/shared/util-common/index.ts,apps/flights/src/app/domains/ticketing/feature-booking/flight-search/flight-search.component.ts,apps/flights/src/app/domains/ticketing/feature-booking/delay-first-flight.ts,apps/flights/src/app/domains/ticketing/data/flight.service.ts,apps/flights/src/app/domains/ticketing/feature-booking/flight-search/flight-search.component.html,package.json
[NX v21.3.6 Daemon Server] - 2025-12-08T19:17:16.280Z - [REQUEST]: 
Time for 'nx/js/dependencies-and-lockfile:createNodes' 0.14237499999944703
[NX v21.3.6 Daemon Server] - 2025-12-08T19:17:16.281Z - Time taken for 'hash changed files from watcher' 0.3267500000001746ms
Time for 'nx/core/project-json:createNodes' 0.1507500000006985
Time for 'nx/core/package-json:createNodes' 0.4131249999991269
[NX v21.3.6 Daemon Server] - 2025-12-08T19:17:16.283Z - Time taken for 'build-project-configs' 1.688624999998865ms
Time for 'build typescript dependencies' 6.1195000000006985
[NX v21.3.6 Daemon Server] - 2025-12-08T19:17:16.291Z - Wrote project graph cache to /Users/manfredsteyer/projects/trainings/flight-app/.nx/workspace-data/project-graph.json
[NX v21.3.6 Daemon Server] - 2025-12-08T19:17:16.291Z - [SYNC]: collect registered sync generators
[NX v21.3.6 Daemon Server] - 2025-12-08T19:17:16.292Z - [SYNC]: project graph hash is the same, not collecting task sync generators
[NX v21.3.6 Daemon Server] - 2025-12-08T19:17:16.292Z - [SYNC]: nx.json hash is the same, not collecting global sync generators
[NX v21.3.6 Daemon Server] - 2025-12-08T19:17:16.292Z - [REQUEST]: Responding to the client. File watch changed
[NX v21.3.6 Daemon Server] - 2025-12-08T19:17:16.292Z - Done responding to the client File watch changed
[NX v21.3.6 Daemon Server] - 2025-12-08T19:17:16.292Z - Handled FILE-WATCH-CHANGED. Handling time: 0. Response time: 0.
[NX v21.3.6 Daemon Server] - 2025-12-08T19:17:16.292Z - Time taken for 'total execution time for createProjectGraph()' 7.748083000002225ms
[NX v21.3.6 Daemon Server] - 2025-12-08T19:17:17.298Z - Established a connection. Number of open connections: 3
[NX v21.3.6 Daemon Server] - 2025-12-08T19:17:17.298Z - [REQUEST]: Client Request for Project Graph Received
[NX v21.3.6 Daemon Server] - 2025-12-08T19:17:17.298Z - Reusing in-memory cached project graph because no files changed.
[NX v21.3.6 Daemon Server] - 2025-12-08T19:17:17.298Z - [REQUEST]: Responding to the client. project-graph
[NX v21.3.6 Daemon Server] - 2025-12-08T19:17:17.298Z - Done responding to the client project-graph
[NX v21.3.6 Daemon Server] - 2025-12-08T19:17:17.299Z - Handled REQUEST_PROJECT_GRAPH. Handling time: 0. Response time: 1.
[NX v21.3.6 Daemon Server] - 2025-12-08T19:17:17.299Z - Time taken for 'total for creating and serializing project graph' 0.21512499999880674ms
[NX v21.3.6 Daemon Server] - 2025-12-08T19:17:17.299Z - Closed a connection. Number of open connections: 2
[NX v21.3.6 Daemon Server] - 2025-12-08T19:17:17.299Z - [REQUEST]: Responding to the client. handleContextFileData
[NX v21.3.6 Daemon Server] - 2025-12-08T19:17:17.300Z - Done responding to the client handleContextFileData
[NX v21.3.6 Daemon Server] - 2025-12-08T19:17:17.300Z - Handled GET_CONTEXT_FILE_DATA. Handling time: 0. Response time: 1.
[NX v21.3.6 Daemon Server] - 2025-12-08T19:17:17.300Z - Closed a connection. Number of open connections: 1
[NX v21.3.6 Daemon Server] - 2025-12-08T19:17:17.394Z - Closed a connection. Number of open connections: 0
[NX v21.3.6 Daemon Server] - 2025-12-08T19:17:17.395Z - Established a connection. Number of open connections: 1
[NX v21.3.6 Daemon Server] - 2025-12-08T19:17:17.395Z - Closed a connection. Number of open connections: 0
[NX v21.3.6 Daemon Server] - 2025-12-08T19:17:17.395Z - Established a connection. Number of open connections: 1
[NX v21.3.6 Daemon Server] - 2025-12-08T19:17:17.395Z - Established a connection. Number of open connections: 2
[NX v21.3.6 Daemon Server] - 2025-12-08T19:17:17.395Z - Closed a connection. Number of open connections: 1
[NX v21.3.6 Daemon Server] - 2025-12-08T19:17:17.395Z - [REQUEST]: Client Request for Project Graph Received
[NX v21.3.6 Daemon Server] - 2025-12-08T19:17:17.395Z - Reusing in-memory cached project graph because no files changed.
[NX v21.3.6 Daemon Server] - 2025-12-08T19:17:17.396Z - [REQUEST]: Responding to the client. project-graph
[NX v21.3.6 Daemon Server] - 2025-12-08T19:17:17.396Z - Done responding to the client project-graph
[NX v21.3.6 Daemon Server] - 2025-12-08T19:17:17.396Z - Handled REQUEST_PROJECT_GRAPH. Handling time: 1. Response time: 0.
[NX v21.3.6 Daemon Server] - 2025-12-08T19:17:17.396Z - Time taken for 'total for creating and serializing project graph' 0.09641600000031758ms
[NX v21.3.6 Daemon Server] - 2025-12-08T19:17:17.397Z - [REQUEST]: Client Request for Project Graph Received
[NX v21.3.6 Daemon Server] - 2025-12-08T19:17:17.397Z - Reusing in-memory cached project graph because no files changed.
[NX v21.3.6 Daemon Server] - 2025-12-08T19:17:17.397Z - [REQUEST]: Responding to the client. project-graph
[NX v21.3.6 Daemon Server] - 2025-12-08T19:17:17.397Z - Done responding to the client project-graph
[NX v21.3.6 Daemon Server] - 2025-12-08T19:17:17.397Z - Handled REQUEST_PROJECT_GRAPH. Handling time: 0. Response time: 0.
[NX v21.3.6 Daemon Server] - 2025-12-08T19:17:17.397Z - Time taken for 'total for creating and serializing project graph' 0.06499999999869033ms
[NX v21.3.6 Daemon Server] - 2025-12-08T19:17:17.397Z - Established a connection. Number of open connections: 2
[NX v21.3.6 Daemon Server] - 2025-12-08T19:17:20.065Z - Established a connection. Number of open connections: 3
[NX v21.3.6 Daemon Server] - 2025-12-08T19:17:20.065Z - Established a connection. Number of open connections: 4
[NX v21.3.6 Daemon Server] - 2025-12-08T19:17:20.066Z - Closed a connection. Number of open connections: 3
[NX v21.3.6 Daemon Server] - 2025-12-08T19:17:20.066Z - [REQUEST]: Client Request for Project Graph Received
[NX v21.3.6 Daemon Server] - 2025-12-08T19:17:20.067Z - Reusing in-memory cached project graph because no files changed.
[NX v21.3.6 Daemon Server] - 2025-12-08T19:17:20.067Z - [REQUEST]: Responding to the client. project-graph
[NX v21.3.6 Daemon Server] - 2025-12-08T19:17:20.067Z - Done responding to the client project-graph
[NX v21.3.6 Daemon Server] - 2025-12-08T19:17:20.067Z - Handled REQUEST_PROJECT_GRAPH. Handling time: 1. Response time: 0.
[NX v21.3.6 Daemon Server] - 2025-12-08T19:17:20.067Z - Time taken for 'total for creating and serializing project graph' 0.6520830000008573ms
[NX v21.3.6 Daemon Server] - 2025-12-08T19:17:20.068Z - [REQUEST]: Responding to the client. handleRunPreTasksExecution
[NX v21.3.6 Daemon Server] - 2025-12-08T19:17:20.069Z - Done responding to the client handleRunPreTasksExecution
[NX v21.3.6 Daemon Server] - 2025-12-08T19:17:20.069Z - Handled PRE_TASKS_EXECUTION. Handling time: 0. Response time: 1.
[NX v21.3.6 Daemon Server] - 2025-12-08T19:17:20.069Z - Time taken for 'preTasksExecution' 0.14983300000312738ms
[NX v21.3.6 Daemon Server] - 2025-12-08T19:17:20.096Z - Reusing in-memory cached project graph because no files changed.
DEBUG nx::native::tasks::task_hasher: plan length: 1
DEBUG nx::native::tasks::hashers::hash_workspace_files: Hashing workspace fileset{cache_key="nx.json,.gitignore,.nxignore"}: Adding "14300244717916758202" (".gitignore") to hash
DEBUG nx::native::tasks::hashers::hash_workspace_files: Hashing workspace fileset{cache_key="nx.json,.gitignore,.nxignore"}: Adding "15164073331804542160" ("nx.json") to hash
DEBUG nx::native::tasks::hashers::hash_workspace_files: Hashing workspace fileset{cache_key="nx.json,.gitignore,.nxignore"}: Hash Value: "7102008634825783725"
[NX v21.3.6 Daemon Server] - 2025-12-08T19:17:20.097Z - [REQUEST]: Responding to the client. handleHashTasks
[NX v21.3.6 Daemon Server] - 2025-12-08T19:17:20.098Z - Done responding to the client handleHashTasks
[NX v21.3.6 Daemon Server] - 2025-12-08T19:17:20.098Z - Handled HASH_TASKS. Handling time: 2. Response time: 1.
[NX v21.3.6 Daemon Server] - 2025-12-08T19:17:20.125Z - [REQUEST]: Responding to the client. handleGetEstimatedTaskTimings
[NX v21.3.6 Daemon Server] - 2025-12-08T19:17:20.126Z - Done responding to the client handleGetEstimatedTaskTimings
[NX v21.3.6 Daemon Server] - 2025-12-08T19:17:20.126Z - Handled GET_ESTIMATED_TASK_TIMINGS. Handling time: 0. Response time: 1.
[NX v21.3.6 Daemon Server] - 2025-12-08T19:17:20.760Z - Established a connection. Number of open connections: 4
[NX v21.3.6 Daemon Server] - 2025-12-08T19:17:20.760Z - Closed a connection. Number of open connections: 3
[NX v21.3.6 Daemon Server] - 2025-12-08T19:17:20.761Z - Established a connection. Number of open connections: 4
[NX v21.3.6 Daemon Server] - 2025-12-08T19:17:20.761Z - [REQUEST]: Client Request for Project Graph Received
[NX v21.3.6 Daemon Server] - 2025-12-08T19:17:20.761Z - Reusing in-memory cached project graph because no files changed.
[NX v21.3.6 Daemon Server] - 2025-12-08T19:17:20.761Z - [REQUEST]: Responding to the client. project-graph
[NX v21.3.6 Daemon Server] - 2025-12-08T19:17:20.761Z - Done responding to the client project-graph
[NX v21.3.6 Daemon Server] - 2025-12-08T19:17:20.761Z - Handled REQUEST_PROJECT_GRAPH. Handling time: 0. Response time: 0.
[NX v21.3.6 Daemon Server] - 2025-12-08T19:17:20.762Z - Time taken for 'total for creating and serializing project graph' 0.22320899999976973ms
[NX v21.3.6 Daemon Server] - 2025-12-08T19:17:22.100Z - [WATCHER]: Processing file changes in outputs
[NX v21.3.6 Daemon Server] - 2025-12-08T19:17:33.542Z - [REQUEST]: Responding to the client. recordOutputsHash
[NX v21.3.6 Daemon Server] - 2025-12-08T19:17:33.542Z - Done responding to the client recordOutputsHash
[NX v21.3.6 Daemon Server] - 2025-12-08T19:17:33.542Z - Handled RECORD_OUTPUTS_HASH. Handling time: 0. Response time: 0.
[NX v21.3.6 Daemon Server] - 2025-12-08T19:17:33.547Z - [REQUEST]: Responding to the client. handleRecordTaskRuns
[NX v21.3.6 Daemon Server] - 2025-12-08T19:17:33.547Z - Done responding to the client handleRecordTaskRuns
[NX v21.3.6 Daemon Server] - 2025-12-08T19:17:33.547Z - Handled RECORD_TASK_RUNS. Handling time: 1. Response time: 0.
[NX v21.3.6 Daemon Server] - 2025-12-08T19:17:33.548Z - [REQUEST]: Responding to the client. handleGetFlakyTasks
[NX v21.3.6 Daemon Server] - 2025-12-08T19:17:33.548Z - Done responding to the client handleGetFlakyTasks
[NX v21.3.6 Daemon Server] - 2025-12-08T19:17:33.548Z - Handled GET_FLAKY_TASKS. Handling time: 0. Response time: 0.
[NX v21.3.6 Daemon Server] - 2025-12-08T19:17:33.555Z - Closed a connection. Number of open connections: 3
[NX v21.3.6 Daemon Server] - 2025-12-08T19:17:33.707Z - [REQUEST]: Responding to the client. handleRunPostTasksExecution
[NX v21.3.6 Daemon Server] - 2025-12-08T19:17:33.707Z - Done responding to the client handleRunPostTasksExecution
[NX v21.3.6 Daemon Server] - 2025-12-08T19:17:33.707Z - Handled POST_TASKS_EXECUTION. Handling time: 0. Response time: 0.
[NX v21.3.6 Daemon Server] - 2025-12-08T19:17:33.708Z - Time taken for 'postTasksExecution' 0.1553330000024289ms
[NX v21.3.6 Daemon Server] - 2025-12-08T19:17:33.715Z - Closed a connection. Number of open connections: 2
[NX v21.3.6 Daemon Server] - 2025-12-08T19:17:50.843Z - [WATCHER]: Processing file changes in outputs
[NX v21.3.6 Daemon Server] - 2025-12-08T19:17:50.844Z - Closed a connection. Number of open connections: 1
[NX v21.3.6 Daemon Server] - 2025-12-08T19:17:50.845Z - Closed a connection. Number of open connections: 0
[NX v21.3.6 Daemon Server] - 2025-12-08T19:17:50.845Z - [WATCHER]: Stopping the watcher for /Users/manfredsteyer/projects/trainings/flight-app (sources)
[NX v21.3.6 Daemon Server] - 2025-12-08T19:17:50.845Z - [WATCHER]: Stopping the watcher for /Users/manfredsteyer/projects/trainings/flight-app (sources)
[NX v21.3.6 Daemon Server] - 2025-12-08T19:17:50.845Z - [WATCHER]: Stopping the watcher for /Users/manfredsteyer/projects/trainings/flight-app (outputs)
[NX v21.3.6 Daemon Server] - 2025-12-08T19:17:50.845Z - Server stopped because: "Stopping the daemon the set of ignored files changed (native)"
[NX v21.3.6 Daemon Server] - 2025-12-08T19:17:57.585Z - Started listening on: /private/var/folders/90/xlgjf5ms3ql9v9y8n8m3vgjh0000gn/T/49183e68a8dacc8c509e/d.sock
[NX v21.3.6 Daemon Server] - 2025-12-08T19:17:57.589Z - [WATCHER]: Subscribed to changes within: /Users/manfredsteyer/projects/trainings/flight-app (native)
[NX v21.3.6 Daemon Server] - 2025-12-08T19:17:57.589Z - Established a connection. Number of open connections: 1
[NX v21.3.6 Daemon Server] - 2025-12-08T19:17:57.590Z - Established a connection. Number of open connections: 2
[NX v21.3.6 Daemon Server] - 2025-12-08T19:17:57.590Z - Closed a connection. Number of open connections: 1
[NX v21.3.6 Daemon Server] - 2025-12-08T19:17:57.591Z - [REQUEST]: Client Request for Project Graph Received
[NX v21.3.6 Daemon Server] - 2025-12-08T19:17:57.593Z - Time taken for 'loadSpecifiedNxPlugins' 0.9533330000000007ms
Time for 'plugin worker 42438 code loading' 1.8036670000000008
Time for 'plugin worker 42439 code loading' 1.799417
Time for 'plugin worker 42437 code loading' 1.7648329999999994
[NX v21.3.6 Daemon Server] - 2025-12-08T19:17:57.648Z - [WATCHER]: Processing file changes in outputs
[NX v21.3.6 Daemon Server] - 2025-12-08T19:17:57.662Z - Time taken for 'Load Nx Plugin: /Users/manfredsteyer/projects/trainings/flight-app/node_modules/nx/src/plugins/project-json/build-nodes/project-json' 70.264875ms
[NX v21.3.6 Daemon Server] - 2025-12-08T19:17:57.662Z - Time taken for 'Load Nx Plugin: /Users/manfredsteyer/projects/trainings/flight-app/node_modules/nx/src/plugins/package-json' 70.75625ms
[NX v21.3.6 Daemon Server] - 2025-12-08T19:17:57.674Z - [REQUEST]: Updated workspace context based on watched changes, recomputing project graph...
[NX v21.3.6 Daemon Server] - 2025-12-08T19:17:57.674Z - [REQUEST]: 
[NX v21.3.6 Daemon Server] - 2025-12-08T19:17:57.674Z - [REQUEST]: 
[NX v21.3.6 Daemon Server] - 2025-12-08T19:17:57.675Z - No files changed, but no in-memory cached project graph found. Recomputing it...
[NX v21.3.6 Daemon Server] - 2025-12-08T19:17:57.677Z - Time taken for 'loadDefaultNxPlugins' 82.750083ms
Time for 'nx/core/package-json:createNodes' 0.39570799999999906
Time for 'nx/core/project-json:createNodes' 0.5061669999999907
Time for 'nx/js/dependencies-and-lockfile:createNodes' 9.396292000000003
[NX v21.3.6 Daemon Server] - 2025-12-08T19:17:57.715Z - Time taken for 'build-project-configs' 24.663125000000008ms
Time for 'build typescript dependencies' 14.393
[NX v21.3.6 Daemon Server] - 2025-12-08T19:17:57.770Z - Wrote project graph cache to /Users/manfredsteyer/projects/trainings/flight-app/.nx/workspace-data/project-graph.json
[NX v21.3.6 Daemon Server] - 2025-12-08T19:17:57.770Z - [SYNC]: collect registered sync generators
[NX v21.3.6 Daemon Server] - 2025-12-08T19:17:57.770Z - [REQUEST]: Responding to the client. project-graph
[NX v21.3.6 Daemon Server] - 2025-12-08T19:17:57.771Z - Time taken for 'total for creating and serializing project graph' 179.71129200000001ms
[NX v21.3.6 Daemon Server] - 2025-12-08T19:17:57.772Z - Done responding to the client project-graph
[NX v21.3.6 Daemon Server] - 2025-12-08T19:17:57.772Z - Handled REQUEST_PROJECT_GRAPH. Handling time: 179. Response time: 2.
[NX v21.3.6 Daemon Server] - 2025-12-08T19:17:57.776Z - [REQUEST]: Responding to the client. handleRunPreTasksExecution
[NX v21.3.6 Daemon Server] - 2025-12-08T19:17:57.776Z - Done responding to the client handleRunPreTasksExecution
[NX v21.3.6 Daemon Server] - 2025-12-08T19:17:57.776Z - Handled PRE_TASKS_EXECUTION. Handling time: 1. Response time: 0.
[NX v21.3.6 Daemon Server] - 2025-12-08T19:17:57.776Z - Time taken for 'preTasksExecution' 0.15033299999998917ms
[NX v21.3.6 Daemon Server] - 2025-12-08T19:17:57.805Z - Reusing in-memory cached project graph because no files changed.
DEBUG nx::native::tasks::task_hasher: plan length: 1
DEBUG nx::native::tasks::hashers::hash_workspace_files: Hashing workspace fileset{cache_key="nx.json,.gitignore,.nxignore"}: Adding "5409149420400058781" (".gitignore") to hash
DEBUG nx::native::tasks::hashers::hash_workspace_files: Hashing workspace fileset{cache_key="nx.json,.gitignore,.nxignore"}: Adding "13822946197563531230" ("nx.json") to hash
DEBUG nx::native::tasks::hashers::hash_workspace_files: Hashing workspace fileset{cache_key="nx.json,.gitignore,.nxignore"}: Hash Value: "2722060145029992501"
[NX v21.3.6 Daemon Server] - 2025-12-08T19:17:57.813Z - [REQUEST]: Responding to the client. handleHashTasks
[NX v21.3.6 Daemon Server] - 2025-12-08T19:17:57.813Z - Done responding to the client handleHashTasks
[NX v21.3.6 Daemon Server] - 2025-12-08T19:17:57.813Z - Handled HASH_TASKS. Handling time: 8. Response time: 0.
[NX v21.3.6 Daemon Server] - 2025-12-08T19:17:57.855Z - [REQUEST]: Responding to the client. handleGetEstimatedTaskTimings
[NX v21.3.6 Daemon Server] - 2025-12-08T19:17:57.856Z - Done responding to the client handleGetEstimatedTaskTimings
[NX v21.3.6 Daemon Server] - 2025-12-08T19:17:57.856Z - Handled GET_ESTIMATED_TASK_TIMINGS. Handling time: 11. Response time: 1.
[NX v21.3.6 Daemon Server] - 2025-12-08T19:17:58.522Z - Established a connection. Number of open connections: 2
[NX v21.3.6 Daemon Server] - 2025-12-08T19:17:58.522Z - Closed a connection. Number of open connections: 1
[NX v21.3.6 Daemon Server] - 2025-12-08T19:17:58.522Z - Established a connection. Number of open connections: 2
[NX v21.3.6 Daemon Server] - 2025-12-08T19:17:58.523Z - [REQUEST]: Client Request for Project Graph Received
[NX v21.3.6 Daemon Server] - 2025-12-08T19:17:58.523Z - Reusing in-memory cached project graph because no files changed.
[NX v21.3.6 Daemon Server] - 2025-12-08T19:17:58.523Z - [REQUEST]: Responding to the client. project-graph
[NX v21.3.6 Daemon Server] - 2025-12-08T19:17:58.523Z - Time taken for 'total for creating and serializing project graph' 0.1407090000000153ms
[NX v21.3.6 Daemon Server] - 2025-12-08T19:17:58.526Z - Done responding to the client project-graph
[NX v21.3.6 Daemon Server] - 2025-12-08T19:17:58.526Z - Handled REQUEST_PROJECT_GRAPH. Handling time: 0. Response time: 3.
[NX v21.3.6 Daemon Server] - 2025-12-08T19:17:59.899Z - [WATCHER]: Processing file changes in outputs
[NX v21.3.6 Daemon Server] - 2025-12-08T19:18:02.625Z - [REQUEST]: Responding to the client. recordOutputsHash
[NX v21.3.6 Daemon Server] - 2025-12-08T19:18:02.625Z - Done responding to the client recordOutputsHash
[NX v21.3.6 Daemon Server] - 2025-12-08T19:18:02.625Z - Handled RECORD_OUTPUTS_HASH. Handling time: 0. Response time: 0.
[NX v21.3.6 Daemon Server] - 2025-12-08T19:18:02.631Z - [REQUEST]: Responding to the client. handleRecordTaskRuns
[NX v21.3.6 Daemon Server] - 2025-12-08T19:18:02.631Z - Done responding to the client handleRecordTaskRuns
[NX v21.3.6 Daemon Server] - 2025-12-08T19:18:02.631Z - Handled RECORD_TASK_RUNS. Handling time: 1. Response time: 0.
[NX v21.3.6 Daemon Server] - 2025-12-08T19:18:02.631Z - [REQUEST]: Responding to the client. handleGetFlakyTasks
[NX v21.3.6 Daemon Server] - 2025-12-08T19:18:02.631Z - Done responding to the client handleGetFlakyTasks
[NX v21.3.6 Daemon Server] - 2025-12-08T19:18:02.631Z - Handled GET_FLAKY_TASKS. Handling time: 0. Response time: 0.
[NX v21.3.6 Daemon Server] - 2025-12-08T19:18:02.639Z - Closed a connection. Number of open connections: 1
[NX v21.3.6 Daemon Server] - 2025-12-08T19:18:02.782Z - [REQUEST]: Responding to the client. handleRunPostTasksExecution
[NX v21.3.6 Daemon Server] - 2025-12-08T19:18:02.782Z - Done responding to the client handleRunPostTasksExecution
[NX v21.3.6 Daemon Server] - 2025-12-08T19:18:02.782Z - Handled POST_TASKS_EXECUTION. Handling time: 1. Response time: 0.
[NX v21.3.6 Daemon Server] - 2025-12-08T19:18:02.782Z - Time taken for 'postTasksExecution' 0.18458400000054098ms
[NX v21.3.6 Daemon Server] - 2025-12-08T19:18:02.791Z - Closed a connection. Number of open connections: 0
[NX v21.3.6 Daemon Server] - 2025-12-08T19:20:08.433Z - [WATCHER]: Processing file changes in outputs
[NX v21.3.6 Daemon Server] - 2025-12-08T19:20:08.433Z - [WATCHER]: Stopping the watcher for /Users/manfredsteyer/projects/trainings/flight-app (sources)
[NX v21.3.6 Daemon Server] - 2025-12-08T19:20:08.433Z - [WATCHER]: Stopping the watcher for /Users/manfredsteyer/projects/trainings/flight-app (outputs)
[NX v21.3.6 Daemon Server] - 2025-12-08T19:20:08.437Z - Server stopped because: "LOCK_FILES_CHANGED"
[NX v21.3.6 Daemon Server] - 2025-12-08T19:20:10.230Z - Started listening on: /private/var/folders/90/xlgjf5ms3ql9v9y8n8m3vgjh0000gn/T/49183e68a8dacc8c509e/d.sock
[NX v21.3.6 Daemon Server] - 2025-12-08T19:20:10.231Z - [WATCHER]: Subscribed to changes within: /Users/manfredsteyer/projects/trainings/flight-app (native)
[NX v21.3.6 Daemon Server] - 2025-12-08T19:20:10.242Z - Established a connection. Number of open connections: 1
[NX v21.3.6 Daemon Server] - 2025-12-08T19:20:10.243Z - Closed a connection. Number of open connections: 0
[NX v21.3.6 Daemon Server] - 2025-12-08T19:20:10.251Z - Established a connection. Number of open connections: 1
[NX v21.3.6 Daemon Server] - 2025-12-08T19:20:10.252Z - Established a connection. Number of open connections: 2
[NX v21.3.6 Daemon Server] - 2025-12-08T19:20:10.252Z - Closed a connection. Number of open connections: 1
[NX v21.3.6 Daemon Server] - 2025-12-08T19:20:10.252Z - [REQUEST]: Client Request for Project Graph Received
[NX v21.3.6 Daemon Server] - 2025-12-08T19:20:10.257Z - Time taken for 'loadSpecifiedNxPlugins' 1.4884589999999918ms
Time for 'plugin worker 42562 code loading' 3.211874999999999
Time for 'plugin worker 42563 code loading' 2.9734169999999995
Time for 'plugin worker 42564 code loading' 3.756333999999999
[NX v21.3.6 Daemon Server] - 2025-12-08T19:20:10.293Z - [WATCHER]: Processing file changes in outputs
[NX v21.3.6 Daemon Server] - 2025-12-08T19:20:10.344Z - Time taken for 'Load Nx Plugin: /Users/manfredsteyer/projects/trainings/flight-app/node_modules/nx/src/plugins/project-json/build-nodes/project-json' 89.60950000000001ms
[NX v21.3.6 Daemon Server] - 2025-12-08T19:20:10.344Z - Time taken for 'Load Nx Plugin: /Users/manfredsteyer/projects/trainings/flight-app/node_modules/nx/src/plugins/package-json' 90.586666ms
[NX v21.3.6 Daemon Server] - 2025-12-08T19:20:10.356Z - [REQUEST]: Updated workspace context based on watched changes, recomputing project graph...
[NX v21.3.6 Daemon Server] - 2025-12-08T19:20:10.356Z - [REQUEST]: 
[NX v21.3.6 Daemon Server] - 2025-12-08T19:20:10.356Z - [REQUEST]: 
[NX v21.3.6 Daemon Server] - 2025-12-08T19:20:10.356Z - No files changed, but no in-memory cached project graph found. Recomputing it...
Time for 'nx/js/dependencies-and-lockfile:createNodes' 0.14674999999999727
[NX v21.3.6 Daemon Server] - 2025-12-08T19:20:10.359Z - Time taken for 'loadDefaultNxPlugins' 102.432208ms
Time for 'nx/core/package-json:createNodes' 0.45104200000000105
Time for 'nx/core/project-json:createNodes' 0.37291700000000105
[NX v21.3.6 Daemon Server] - 2025-12-08T19:20:10.379Z - Time taken for 'build-project-configs' 13.627584000000013ms
Time for 'build typescript dependencies' 108.17529099999999
[NX v21.3.6 Daemon Server] - 2025-12-08T19:20:10.492Z - Wrote project graph cache to /Users/manfredsteyer/projects/trainings/flight-app/.nx/workspace-data/project-graph.json
[NX v21.3.6 Daemon Server] - 2025-12-08T19:20:10.492Z - [SYNC]: collect registered sync generators
[NX v21.3.6 Daemon Server] - 2025-12-08T19:20:10.492Z - [REQUEST]: Responding to the client. project-graph
[NX v21.3.6 Daemon Server] - 2025-12-08T19:20:10.492Z - Time taken for 'total for creating and serializing project graph' 239.884209ms
[NX v21.3.6 Daemon Server] - 2025-12-08T19:20:10.492Z - Done responding to the client project-graph
[NX v21.3.6 Daemon Server] - 2025-12-08T19:20:10.492Z - Handled REQUEST_PROJECT_GRAPH. Handling time: 240. Response time: 0.
[NX v21.3.6 Daemon Server] - 2025-12-08T19:20:10.493Z - [REQUEST]: Responding to the client. handleContextFileData
[NX v21.3.6 Daemon Server] - 2025-12-08T19:20:10.493Z - Done responding to the client handleContextFileData
[NX v21.3.6 Daemon Server] - 2025-12-08T19:20:10.493Z - Handled GET_CONTEXT_FILE_DATA. Handling time: 0. Response time: 0.
[NX v21.3.6 Daemon Server] - 2025-12-08T19:20:10.494Z - Closed a connection. Number of open connections: 0
[NX v21.3.6 Daemon Server] - 2025-12-08T19:20:10.760Z - Established a connection. Number of open connections: 1
[NX v21.3.6 Daemon Server] - 2025-12-08T19:20:10.761Z - Established a connection. Number of open connections: 2
[NX v21.3.6 Daemon Server] - 2025-12-08T19:20:10.761Z - Closed a connection. Number of open connections: 1
[NX v21.3.6 Daemon Server] - 2025-12-08T19:20:10.761Z - Established a connection. Number of open connections: 2
[NX v21.3.6 Daemon Server] - 2025-12-08T19:20:10.761Z - Closed a connection. Number of open connections: 1
[NX v21.3.6 Daemon Server] - 2025-12-08T19:20:10.761Z - [REQUEST]: Client Request for Project Graph Received
[NX v21.3.6 Daemon Server] - 2025-12-08T19:20:10.761Z - Reusing in-memory cached project graph because no files changed.
[NX v21.3.6 Daemon Server] - 2025-12-08T19:20:10.761Z - [REQUEST]: Responding to the client. project-graph
[NX v21.3.6 Daemon Server] - 2025-12-08T19:20:10.761Z - Time taken for 'total for creating and serializing project graph' 0.09795899999994617ms
[NX v21.3.6 Daemon Server] - 2025-12-08T19:20:10.761Z - Done responding to the client project-graph
[NX v21.3.6 Daemon Server] - 2025-12-08T19:20:10.761Z - Handled REQUEST_PROJECT_GRAPH. Handling time: 0. Response time: 0.
[NX v21.3.6 Daemon Server] - 2025-12-08T19:20:10.761Z - [REQUEST]: Client Request for Project Graph Received
[NX v21.3.6 Daemon Server] - 2025-12-08T19:20:10.761Z - Reusing in-memory cached project graph because no files changed.
[NX v21.3.6 Daemon Server] - 2025-12-08T19:20:10.761Z - [REQUEST]: Responding to the client. project-graph
[NX v21.3.6 Daemon Server] - 2025-12-08T19:20:10.761Z - Time taken for 'total for creating and serializing project graph' 0.059082999999986896ms
[NX v21.3.6 Daemon Server] - 2025-12-08T19:20:10.761Z - Done responding to the client project-graph
[NX v21.3.6 Daemon Server] - 2025-12-08T19:20:10.761Z - Handled REQUEST_PROJECT_GRAPH. Handling time: 0. Response time: 0.
[NX v21.3.6 Daemon Server] - 2025-12-08T19:20:10.762Z - Established a connection. Number of open connections: 2
[NX v21.3.6 Daemon Server] - 2025-12-08T19:20:13.082Z - Established a connection. Number of open connections: 3
[NX v21.3.6 Daemon Server] - 2025-12-08T19:20:13.082Z - Established a connection. Number of open connections: 4
[NX v21.3.6 Daemon Server] - 2025-12-08T19:20:13.083Z - Closed a connection. Number of open connections: 3
[NX v21.3.6 Daemon Server] - 2025-12-08T19:20:13.084Z - [REQUEST]: Client Request for Project Graph Received
[NX v21.3.6 Daemon Server] - 2025-12-08T19:20:13.084Z - Reusing in-memory cached project graph because no files changed.
[NX v21.3.6 Daemon Server] - 2025-12-08T19:20:13.085Z - [REQUEST]: Responding to the client. project-graph
[NX v21.3.6 Daemon Server] - 2025-12-08T19:20:13.085Z - Time taken for 'total for creating and serializing project graph' 0.5046250000000327ms
[NX v21.3.6 Daemon Server] - 2025-12-08T19:20:13.085Z - Done responding to the client project-graph
[NX v21.3.6 Daemon Server] - 2025-12-08T19:20:13.085Z - Handled REQUEST_PROJECT_GRAPH. Handling time: 1. Response time: 0.
[NX v21.3.6 Daemon Server] - 2025-12-08T19:20:13.087Z - [REQUEST]: Responding to the client. handleRunPreTasksExecution
[NX v21.3.6 Daemon Server] - 2025-12-08T19:20:13.088Z - Done responding to the client handleRunPreTasksExecution
[NX v21.3.6 Daemon Server] - 2025-12-08T19:20:13.088Z - Handled PRE_TASKS_EXECUTION. Handling time: 1. Response time: 1.
[NX v21.3.6 Daemon Server] - 2025-12-08T19:20:13.088Z - Time taken for 'preTasksExecution' 0.5596669999999904ms
[NX v21.3.6 Daemon Server] - 2025-12-08T19:20:13.115Z - Reusing in-memory cached project graph because no files changed.
DEBUG nx::native::tasks::task_hasher: plan length: 1
DEBUG nx::native::tasks::hashers::hash_workspace_files: Hashing workspace fileset{cache_key="nx.json,.gitignore,.nxignore"}: Adding "5409149420400058781" (".gitignore") to hash
DEBUG nx::native::tasks::hashers::hash_workspace_files: Hashing workspace fileset{cache_key="nx.json,.gitignore,.nxignore"}: Adding "8118580716348273641" ("nx.json") to hash
DEBUG nx::native::tasks::hashers::hash_workspace_files: Hashing workspace fileset{cache_key="nx.json,.gitignore,.nxignore"}: Hash Value: "8836259799246433781"
[NX v21.3.6 Daemon Server] - 2025-12-08T19:20:13.117Z - [REQUEST]: Responding to the client. handleHashTasks
[NX v21.3.6 Daemon Server] - 2025-12-08T19:20:13.117Z - Done responding to the client handleHashTasks
[NX v21.3.6 Daemon Server] - 2025-12-08T19:20:13.117Z - Handled HASH_TASKS. Handling time: 3. Response time: 0.
[NX v21.3.6 Daemon Server] - 2025-12-08T19:20:13.169Z - [REQUEST]: Responding to the client. handleGetEstimatedTaskTimings
[NX v21.3.6 Daemon Server] - 2025-12-08T19:20:13.169Z - Done responding to the client handleGetEstimatedTaskTimings
[NX v21.3.6 Daemon Server] - 2025-12-08T19:20:13.169Z - Handled GET_ESTIMATED_TASK_TIMINGS. Handling time: 24. Response time: 0.
[NX v21.3.6 Daemon Server] - 2025-12-08T19:20:13.806Z - Established a connection. Number of open connections: 4
[NX v21.3.6 Daemon Server] - 2025-12-08T19:20:13.807Z - Established a connection. Number of open connections: 5
[NX v21.3.6 Daemon Server] - 2025-12-08T19:20:13.808Z - Closed a connection. Number of open connections: 4
[NX v21.3.6 Daemon Server] - 2025-12-08T19:20:13.809Z - [REQUEST]: Client Request for Project Graph Received
[NX v21.3.6 Daemon Server] - 2025-12-08T19:20:13.809Z - Reusing in-memory cached project graph because no files changed.
[NX v21.3.6 Daemon Server] - 2025-12-08T19:20:13.809Z - [REQUEST]: Responding to the client. project-graph
[NX v21.3.6 Daemon Server] - 2025-12-08T19:20:13.810Z - Time taken for 'total for creating and serializing project graph' 0.47204099999999016ms
[NX v21.3.6 Daemon Server] - 2025-12-08T19:20:13.810Z - Done responding to the client project-graph
[NX v21.3.6 Daemon Server] - 2025-12-08T19:20:13.810Z - Handled REQUEST_PROJECT_GRAPH. Handling time: 0. Response time: 1.
[NX v21.3.6 Daemon Server] - 2025-12-08T19:20:15.656Z - [WATCHER]: apps/flights/tsconfig.federation.json was modified
[NX v21.3.6 Daemon Server] - 2025-12-08T19:20:15.657Z - [REQUEST]: Responding to the client. File watch changed
[NX v21.3.6 Daemon Server] - 2025-12-08T19:20:15.658Z - Done responding to the client File watch changed
[NX v21.3.6 Daemon Server] - 2025-12-08T19:20:15.658Z - Handled FILE-WATCH-CHANGED. Handling time: 0. Response time: 1.
[NX v21.3.6 Daemon Server] - 2025-12-08T19:20:15.658Z - [WATCHER]: Processing file changes in outputs
[NX v21.3.6 Daemon Server] - 2025-12-08T19:20:15.658Z - Time taken for 'changed-projects' 0.425333999999566ms
[NX v21.3.6 Daemon Server] - 2025-12-08T19:20:15.757Z - [REQUEST]: Updated workspace context based on watched changes, recomputing project graph...
[NX v21.3.6 Daemon Server] - 2025-12-08T19:20:15.757Z - [REQUEST]: apps/flights/tsconfig.federation.json
[NX v21.3.6 Daemon Server] - 2025-12-08T19:20:15.757Z - [REQUEST]: 
Time for 'nx/js/dependencies-and-lockfile:createNodes' 0.24441699999988487
[NX v21.3.6 Daemon Server] - 2025-12-08T19:20:15.760Z - Time taken for 'hash changed files from watcher' 0.2533339999999953ms
Time for 'nx/core/package-json:createNodes' 0.401040999999168
Time for 'nx/core/project-json:createNodes' 0.49474999999983993
[NX v21.3.6 Daemon Server] - 2025-12-08T19:20:15.765Z - Time taken for 'build-project-configs' 3.744999999999891ms
Time for 'build typescript dependencies' 0.3993749999999636
[NX v21.3.6 Daemon Server] - 2025-12-08T19:20:15.771Z - Wrote project graph cache to /Users/manfredsteyer/projects/trainings/flight-app/.nx/workspace-data/project-graph.json
[NX v21.3.6 Daemon Server] - 2025-12-08T19:20:15.771Z - [SYNC]: collect registered sync generators
[NX v21.3.6 Daemon Server] - 2025-12-08T19:20:15.771Z - [SYNC]: project graph hash is the same, not collecting task sync generators
[NX v21.3.6 Daemon Server] - 2025-12-08T19:20:15.771Z - [SYNC]: nx.json hash is the same, not collecting global sync generators
[NX v21.3.6 Daemon Server] - 2025-12-08T19:20:15.772Z - Time taken for 'total execution time for createProjectGraph()' 4.10491600000023ms
[NX v21.3.6 Daemon Server] - 2025-12-08T19:20:17.331Z - [WATCHER]: Processing file changes in outputs
[NX v21.3.6 Daemon Server] - 2025-12-08T19:20:17.811Z - [WATCHER]: apps/flights/tsconfig.federation.json was modified
[NX v21.3.6 Daemon Server] - 2025-12-08T19:20:17.811Z - [REQUEST]: Responding to the client. File watch changed
[NX v21.3.6 Daemon Server] - 2025-12-08T19:20:17.811Z - Done responding to the client File watch changed
[NX v21.3.6 Daemon Server] - 2025-12-08T19:20:17.812Z - Handled FILE-WATCH-CHANGED. Handling time: 0. Response time: 1.
[NX v21.3.6 Daemon Server] - 2025-12-08T19:20:17.812Z - [WATCHER]: Processing file changes in outputs
[NX v21.3.6 Daemon Server] - 2025-12-08T19:20:17.812Z - Time taken for 'changed-projects' 0.0693329999994603ms
[NX v21.3.6 Daemon Server] - 2025-12-08T19:20:18.011Z - [REQUEST]: Updated workspace context based on watched changes, recomputing project graph...
[NX v21.3.6 Daemon Server] - 2025-12-08T19:20:18.011Z - [REQUEST]: apps/flights/tsconfig.federation.json
[NX v21.3.6 Daemon Server] - 2025-12-08T19:20:18.011Z - [REQUEST]: 
Time for 'nx/js/dependencies-and-lockfile:createNodes' 0.06558299999960582
[NX v21.3.6 Daemon Server] - 2025-12-08T19:20:18.014Z - Time taken for 'hash changed files from watcher' 0.245958000000428ms
Time for 'nx/core/package-json:createNodes' 0.4462499999999636
Time for 'nx/core/project-json:createNodes' 0.6152079999992566
[NX v21.3.6 Daemon Server] - 2025-12-08T19:20:18.017Z - Time taken for 'build-project-configs' 2.8343749999994543ms
Time for 'build typescript dependencies' 0.35616599999957543
[NX v21.3.6 Daemon Server] - 2025-12-08T19:20:18.020Z - Wrote project graph cache to /Users/manfredsteyer/projects/trainings/flight-app/.nx/workspace-data/project-graph.json
[NX v21.3.6 Daemon Server] - 2025-12-08T19:20:18.020Z - [SYNC]: collect registered sync generators
[NX v21.3.6 Daemon Server] - 2025-12-08T19:20:18.020Z - [SYNC]: project graph hash is the same, not collecting task sync generators
[NX v21.3.6 Daemon Server] - 2025-12-08T19:20:18.020Z - [SYNC]: nx.json hash is the same, not collecting global sync generators
[NX v21.3.6 Daemon Server] - 2025-12-08T19:20:18.020Z - Time taken for 'total execution time for createProjectGraph()' 2.5186659999999392ms
[NX v21.3.6 Daemon Server] - 2025-12-08T19:20:22.204Z - [WATCHER]: Processing file changes in outputs
[NX v21.3.6 Daemon Server] - 2025-12-08T19:20:22.256Z - [WATCHER]: Processing file changes in outputs
[NX v21.3.6 Daemon Server] - 2025-12-08T19:20:22.307Z - [WATCHER]: Processing file changes in outputs
[NX v21.3.6 Daemon Server] - 2025-12-08T19:20:22.359Z - [WATCHER]: Processing file changes in outputs
[NX v21.3.6 Daemon Server] - 2025-12-08T19:20:22.410Z - [WATCHER]: Processing file changes in outputs
[NX v21.3.6 Daemon Server] - 2025-12-08T19:20:22.463Z - [WATCHER]: Processing file changes in outputs
[NX v21.3.6 Daemon Server] - 2025-12-08T19:20:22.513Z - [WATCHER]: Processing file changes in outputs
[NX v21.3.6 Daemon Server] - 2025-12-08T19:20:22.565Z - [WATCHER]: Processing file changes in outputs
[NX v21.3.6 Daemon Server] - 2025-12-08T19:20:22.617Z - [WATCHER]: Processing file changes in outputs
[NX v21.3.6 Daemon Server] - 2025-12-08T19:20:22.668Z - [WATCHER]: Processing file changes in outputs
[NX v21.3.6 Daemon Server] - 2025-12-08T19:20:22.721Z - [WATCHER]: Processing file changes in outputs
[NX v21.3.6 Daemon Server] - 2025-12-08T19:20:22.772Z - [WATCHER]: Processing file changes in outputs
[NX v21.3.6 Daemon Server] - 2025-12-08T19:20:22.824Z - [WATCHER]: Processing file changes in outputs
[NX v21.3.6 Daemon Server] - 2025-12-08T19:20:22.877Z - [WATCHER]: Processing file changes in outputs
[NX v21.3.6 Daemon Server] - 2025-12-08T19:20:22.930Z - [WATCHER]: Processing file changes in outputs
[NX v21.3.6 Daemon Server] - 2025-12-08T19:20:26.972Z - [WATCHER]: Processing file changes in outputs
[NX v21.3.6 Daemon Server] - 2025-12-08T19:20:27.420Z - [WATCHER]: Processing file changes in outputs
[NX v21.3.6 Daemon Server] - 2025-12-08T19:20:28.471Z - [WATCHER]: Processing file changes in outputs
[NX v21.3.6 Daemon Server] - 2025-12-08T19:20:28.820Z - Established a connection. Number of open connections: 5
[NX v21.3.6 Daemon Server] - 2025-12-08T19:20:28.821Z - [REQUEST]: Client Request for Project Graph Received
[NX v21.3.6 Daemon Server] - 2025-12-08T19:20:28.821Z - Reusing in-memory cached project graph because no files changed.
[NX v21.3.6 Daemon Server] - 2025-12-08T19:20:28.821Z - [REQUEST]: Responding to the client. project-graph
[NX v21.3.6 Daemon Server] - 2025-12-08T19:20:28.822Z - Time taken for 'total for creating and serializing project graph' 0.4167909999996482ms
[NX v21.3.6 Daemon Server] - 2025-12-08T19:20:28.822Z - Closed a connection. Number of open connections: 4
[NX v21.3.6 Daemon Server] - 2025-12-08T19:20:28.822Z - Done responding to the client project-graph
[NX v21.3.6 Daemon Server] - 2025-12-08T19:20:28.822Z - Handled REQUEST_PROJECT_GRAPH. Handling time: 0. Response time: 1.
[NX v21.3.6 Daemon Server] - 2025-12-08T19:20:28.824Z - [REQUEST]: Responding to the client. handleContextFileData
[NX v21.3.6 Daemon Server] - 2025-12-08T19:20:28.824Z - Done responding to the client handleContextFileData
[NX v21.3.6 Daemon Server] - 2025-12-08T19:20:28.824Z - Handled GET_CONTEXT_FILE_DATA. Handling time: 1. Response time: 0.
[NX v21.3.6 Daemon Server] - 2025-12-08T19:20:28.825Z - Closed a connection. Number of open connections: 3
[NX v21.3.6 Daemon Server] - 2025-12-08T19:20:28.930Z - [WATCHER]: Processing file changes in outputs
[NX v21.3.6 Daemon Server] - 2025-12-08T19:20:28.993Z - [WATCHER]: Processing file changes in outputs
[NX v21.3.6 Daemon Server] - 2025-12-08T19:20:29.052Z - Closed a connection. Number of open connections: 2
[NX v21.3.6 Daemon Server] - 2025-12-08T19:20:29.052Z - Established a connection. Number of open connections: 3
[NX v21.3.6 Daemon Server] - 2025-12-08T19:20:29.052Z - Closed a connection. Number of open connections: 2
[NX v21.3.6 Daemon Server] - 2025-12-08T19:20:29.052Z - Established a connection. Number of open connections: 3
[NX v21.3.6 Daemon Server] - 2025-12-08T19:20:29.052Z - Established a connection. Number of open connections: 4
[NX v21.3.6 Daemon Server] - 2025-12-08T19:20:29.052Z - Closed a connection. Number of open connections: 3
[NX v21.3.6 Daemon Server] - 2025-12-08T19:20:29.052Z - [REQUEST]: Client Request for Project Graph Received
[NX v21.3.6 Daemon Server] - 2025-12-08T19:20:29.052Z - Reusing in-memory cached project graph because no files changed.
[NX v21.3.6 Daemon Server] - 2025-12-08T19:20:29.052Z - [REQUEST]: Responding to the client. project-graph
[NX v21.3.6 Daemon Server] - 2025-12-08T19:20:29.052Z - Time taken for 'total for creating and serializing project graph' 0.10191599999961909ms
[NX v21.3.6 Daemon Server] - 2025-12-08T19:20:29.053Z - Done responding to the client project-graph
[NX v21.3.6 Daemon Server] - 2025-12-08T19:20:29.053Z - Handled REQUEST_PROJECT_GRAPH. Handling time: 0. Response time: 1.
[NX v21.3.6 Daemon Server] - 2025-12-08T19:20:29.053Z - [REQUEST]: Client Request for Project Graph Received
[NX v21.3.6 Daemon Server] - 2025-12-08T19:20:29.053Z - Reusing in-memory cached project graph because no files changed.
[NX v21.3.6 Daemon Server] - 2025-12-08T19:20:29.053Z - [REQUEST]: Responding to the client. project-graph
[NX v21.3.6 Daemon Server] - 2025-12-08T19:20:29.053Z - Time taken for 'total for creating and serializing project graph' 0.14699999999720603ms
[NX v21.3.6 Daemon Server] - 2025-12-08T19:20:29.053Z - Done responding to the client project-graph
[NX v21.3.6 Daemon Server] - 2025-12-08T19:20:29.053Z - Handled REQUEST_PROJECT_GRAPH. Handling time: 0. Response time: 0.
[NX v21.3.6 Daemon Server] - 2025-12-08T19:20:29.053Z - Established a connection. Number of open connections: 4
[NX v21.3.6 Daemon Server] - 2025-12-08T19:21:00.975Z - Established a connection. Number of open connections: 5
[NX v21.3.6 Daemon Server] - 2025-12-08T19:21:00.976Z - Established a connection. Number of open connections: 6
[NX v21.3.6 Daemon Server] - 2025-12-08T19:21:00.976Z - Closed a connection. Number of open connections: 5
[NX v21.3.6 Daemon Server] - 2025-12-08T19:21:00.977Z - [REQUEST]: Client Request for Project Graph Received
[NX v21.3.6 Daemon Server] - 2025-12-08T19:21:00.978Z - Reusing in-memory cached project graph because no files changed.
[NX v21.3.6 Daemon Server] - 2025-12-08T19:21:00.978Z - [REQUEST]: Responding to the client. project-graph
[NX v21.3.6 Daemon Server] - 2025-12-08T19:21:00.979Z - Time taken for 'total for creating and serializing project graph' 1.5573750000039581ms
[NX v21.3.6 Daemon Server] - 2025-12-08T19:21:00.979Z - Done responding to the client project-graph
[NX v21.3.6 Daemon Server] - 2025-12-08T19:21:00.979Z - Handled REQUEST_PROJECT_GRAPH. Handling time: 1. Response time: 1.
[NX v21.3.6 Daemon Server] - 2025-12-08T19:21:00.980Z - [REQUEST]: Responding to the client. handleRunPreTasksExecution
[NX v21.3.6 Daemon Server] - 2025-12-08T19:21:00.980Z - Done responding to the client handleRunPreTasksExecution
[NX v21.3.6 Daemon Server] - 2025-12-08T19:21:00.980Z - Handled PRE_TASKS_EXECUTION. Handling time: 0. Response time: 0.
[NX v21.3.6 Daemon Server] - 2025-12-08T19:21:00.980Z - Time taken for 'preTasksExecution' 0.14470900000014808ms
[NX v21.3.6 Daemon Server] - 2025-12-08T19:21:01.015Z - Reusing in-memory cached project graph because no files changed.
DEBUG nx::native::tasks::task_hasher: plan length: 1
DEBUG nx::native::tasks::hashers::hash_workspace_files: Hashing workspace fileset{cache_key="nx.json,.gitignore,.nxignore"}: Adding "5409149420400058781" (".gitignore") to hash
DEBUG nx::native::tasks::hashers::hash_workspace_files: Hashing workspace fileset{cache_key="nx.json,.gitignore,.nxignore"}: Adding "8118580716348273641" ("nx.json") to hash
DEBUG nx::native::tasks::hashers::hash_workspace_files: Hashing workspace fileset{cache_key="nx.json,.gitignore,.nxignore"}: Hash Value: "8836259799246433781"
[NX v21.3.6 Daemon Server] - 2025-12-08T19:21:01.018Z - [REQUEST]: Responding to the client. handleHashTasks
[NX v21.3.6 Daemon Server] - 2025-12-08T19:21:01.019Z - Done responding to the client handleHashTasks
[NX v21.3.6 Daemon Server] - 2025-12-08T19:21:01.019Z - Handled HASH_TASKS. Handling time: 4. Response time: 1.
[NX v21.3.6 Daemon Server] - 2025-12-08T19:21:01.047Z - [REQUEST]: Responding to the client. handleGetEstimatedTaskTimings
[NX v21.3.6 Daemon Server] - 2025-12-08T19:21:01.048Z - Done responding to the client handleGetEstimatedTaskTimings
[NX v21.3.6 Daemon Server] - 2025-12-08T19:21:01.048Z - Handled GET_ESTIMATED_TASK_TIMINGS. Handling time: 0. Response time: 1.
[NX v21.3.6 Daemon Server] - 2025-12-08T19:21:01.708Z - Established a connection. Number of open connections: 6
[NX v21.3.6 Daemon Server] - 2025-12-08T19:21:01.709Z - Established a connection. Number of open connections: 7
[NX v21.3.6 Daemon Server] - 2025-12-08T19:21:01.709Z - Closed a connection. Number of open connections: 6
[NX v21.3.6 Daemon Server] - 2025-12-08T19:21:01.710Z - [REQUEST]: Client Request for Project Graph Received
[NX v21.3.6 Daemon Server] - 2025-12-08T19:21:01.710Z - Reusing in-memory cached project graph because no files changed.
[NX v21.3.6 Daemon Server] - 2025-12-08T19:21:01.710Z - [REQUEST]: Responding to the client. project-graph
[NX v21.3.6 Daemon Server] - 2025-12-08T19:21:01.711Z - Time taken for 'total for creating and serializing project graph' 0.47433299999829615ms
[NX v21.3.6 Daemon Server] - 2025-12-08T19:21:01.711Z - Done responding to the client project-graph
[NX v21.3.6 Daemon Server] - 2025-12-08T19:21:01.711Z - Handled REQUEST_PROJECT_GRAPH. Handling time: 0. Response time: 1.
[NX v21.3.6 Daemon Server] - 2025-12-08T19:21:03.486Z - [WATCHER]: Processing file changes in outputs
[NX v21.3.6 Daemon Server] - 2025-12-08T19:21:03.487Z - [WATCHER]: apps/miles/tsconfig.federation.json was created or restored
[NX v21.3.6 Daemon Server] - 2025-12-08T19:21:03.588Z - [REQUEST]: Updated workspace context based on watched changes, recomputing project graph...
[NX v21.3.6 Daemon Server] - 2025-12-08T19:21:03.589Z - [REQUEST]: apps/miles/tsconfig.federation.json
[NX v21.3.6 Daemon Server] - 2025-12-08T19:21:03.589Z - [REQUEST]: 
[NX v21.3.6 Daemon Server] - 2025-12-08T19:21:03.593Z - Time taken for 'hash changed files from watcher' 0.3421250000028522ms
Time for 'nx/js/dependencies-and-lockfile:createNodes' 0.4454169999953592
Time for 'nx/core/package-json:createNodes' 1.9584580000009737
Time for 'nx/core/project-json:createNodes' 2.35137499999837
[NX v21.3.6 Daemon Server] - 2025-12-08T19:21:03.601Z - Time taken for 'build-project-configs' 7.385000000002037ms
Time for 'build typescript dependencies' 1.1351669999930891
[NX v21.3.6 Daemon Server] - 2025-12-08T19:21:03.607Z - Wrote project graph cache to /Users/manfredsteyer/projects/trainings/flight-app/.nx/workspace-data/project-graph.json
[NX v21.3.6 Daemon Server] - 2025-12-08T19:21:03.607Z - [SYNC]: collect registered sync generators
[NX v21.3.6 Daemon Server] - 2025-12-08T19:21:03.607Z - [SYNC]: project graph hash is the same, not collecting task sync generators
[NX v21.3.6 Daemon Server] - 2025-12-08T19:21:03.607Z - [SYNC]: nx.json hash is the same, not collecting global sync generators
[NX v21.3.6 Daemon Server] - 2025-12-08T19:21:03.607Z - [REQUEST]: Responding to the client. File watch changed
[NX v21.3.6 Daemon Server] - 2025-12-08T19:21:03.607Z - Done responding to the client File watch changed
[NX v21.3.6 Daemon Server] - 2025-12-08T19:21:03.607Z - Handled FILE-WATCH-CHANGED. Handling time: 0. Response time: 0.
[NX v21.3.6 Daemon Server] - 2025-12-08T19:21:03.607Z - Time taken for 'total execution time for createProjectGraph()' 5.308958000001439ms
[NX v21.3.6 Daemon Server] - 2025-12-08T19:21:04.502Z - [WATCHER]: Processing file changes in outputs
[NX v21.3.6 Daemon Server] - 2025-12-08T19:21:05.001Z - [WATCHER]: apps/miles/tsconfig.federation.json was modified
[NX v21.3.6 Daemon Server] - 2025-12-08T19:21:05.002Z - [REQUEST]: Responding to the client. File watch changed
[NX v21.3.6 Daemon Server] - 2025-12-08T19:21:05.002Z - Done responding to the client File watch changed
[NX v21.3.6 Daemon Server] - 2025-12-08T19:21:05.002Z - Handled FILE-WATCH-CHANGED. Handling time: 0. Response time: 0.
[NX v21.3.6 Daemon Server] - 2025-12-08T19:21:05.002Z - [WATCHER]: Processing file changes in outputs
[NX v21.3.6 Daemon Server] - 2025-12-08T19:21:05.002Z - Time taken for 'changed-projects' 0.18758399999933317ms
[NX v21.3.6 Daemon Server] - 2025-12-08T19:21:05.202Z - [REQUEST]: Updated workspace context based on watched changes, recomputing project graph...
[NX v21.3.6 Daemon Server] - 2025-12-08T19:21:05.202Z - [REQUEST]: apps/miles/tsconfig.federation.json
[NX v21.3.6 Daemon Server] - 2025-12-08T19:21:05.202Z - [REQUEST]: 
Time for 'nx/js/dependencies-and-lockfile:createNodes' 0.061458000003767665
Time for 'nx/core/package-json:createNodes' 0.3039169999974547
[NX v21.3.6 Daemon Server] - 2025-12-08T19:21:05.205Z - Time taken for 'hash changed files from watcher' 0.7519580000007409ms
Time for 'nx/core/project-json:createNodes' 0.5055419999989681
[NX v21.3.6 Daemon Server] - 2025-12-08T19:21:05.209Z - Time taken for 'build-project-configs' 3.06541599999764ms
Time for 'build typescript dependencies' 0.2879160000011325
[NX v21.3.6 Daemon Server] - 2025-12-08T19:21:05.213Z - Wrote project graph cache to /Users/manfredsteyer/projects/trainings/flight-app/.nx/workspace-data/project-graph.json
[NX v21.3.6 Daemon Server] - 2025-12-08T19:21:05.213Z - [SYNC]: collect registered sync generators
[NX v21.3.6 Daemon Server] - 2025-12-08T19:21:05.213Z - [SYNC]: project graph hash is the same, not collecting task sync generators
[NX v21.3.6 Daemon Server] - 2025-12-08T19:21:05.213Z - [SYNC]: nx.json hash is the same, not collecting global sync generators
[NX v21.3.6 Daemon Server] - 2025-12-08T19:21:05.214Z - Time taken for 'total execution time for createProjectGraph()' 2.4316669999971054ms
[NX v21.3.6 Daemon Server] - 2025-12-08T19:21:08.753Z - [WATCHER]: Processing file changes in outputs
[NX v21.3.6 Daemon Server] - 2025-12-08T19:21:08.806Z - [WATCHER]: Processing file changes in outputs
[NX v21.3.6 Daemon Server] - 2025-12-08T19:21:08.859Z - [WATCHER]: Processing file changes in outputs
[NX v21.3.6 Daemon Server] - 2025-12-08T19:21:08.911Z - [WATCHER]: Processing file changes in outputs
[NX v21.3.6 Daemon Server] - 2025-12-08T19:21:08.970Z - [WATCHER]: Processing file changes in outputs
[NX v21.3.6 Daemon Server] - 2025-12-08T19:21:09.022Z - [WATCHER]: Processing file changes in outputs
[NX v21.3.6 Daemon Server] - 2025-12-08T19:21:09.073Z - [WATCHER]: Processing file changes in outputs
[NX v21.3.6 Daemon Server] - 2025-12-08T19:21:09.125Z - [WATCHER]: Processing file changes in outputs
[NX v21.3.6 Daemon Server] - 2025-12-08T19:21:09.176Z - [WATCHER]: Processing file changes in outputs
[NX v21.3.6 Daemon Server] - 2025-12-08T19:21:09.228Z - [WATCHER]: Processing file changes in outputs
[NX v21.3.6 Daemon Server] - 2025-12-08T19:21:09.279Z - [WATCHER]: Processing file changes in outputs
[NX v21.3.6 Daemon Server] - 2025-12-08T19:21:09.329Z - [WATCHER]: Processing file changes in outputs
[NX v21.3.6 Daemon Server] - 2025-12-08T19:21:09.381Z - [WATCHER]: Processing file changes in outputs
[NX v21.3.6 Daemon Server] - 2025-12-08T19:21:09.432Z - [WATCHER]: Processing file changes in outputs
[NX v21.3.6 Daemon Server] - 2025-12-08T19:21:12.993Z - [WATCHER]: Processing file changes in outputs
[NX v21.3.6 Daemon Server] - 2025-12-08T19:21:13.373Z - [WATCHER]: Processing file changes in outputs
[NX v21.3.6 Daemon Server] - 2025-12-08T19:21:14.215Z - [WATCHER]: Processing file changes in outputs
[NX v21.3.6 Daemon Server] - 2025-12-08T19:21:14.481Z - [WATCHER]: Processing file changes in outputs
[NX v21.3.6 Daemon Server] - 2025-12-08T19:21:14.535Z - [WATCHER]: Processing file changes in outputs
[NX v21.3.6 Daemon Server] - 2025-12-08T19:21:16.021Z - Established a connection. Number of open connections: 7
[NX v21.3.6 Daemon Server] - 2025-12-08T19:21:16.022Z - [REQUEST]: Client Request for Project Graph Received
[NX v21.3.6 Daemon Server] - 2025-12-08T19:21:16.022Z - Reusing in-memory cached project graph because no files changed.
[NX v21.3.6 Daemon Server] - 2025-12-08T19:21:16.022Z - [REQUEST]: Responding to the client. project-graph
[NX v21.3.6 Daemon Server] - 2025-12-08T19:21:16.022Z - Time taken for 'total for creating and serializing project graph' 0.21983299999556039ms
[NX v21.3.6 Daemon Server] - 2025-12-08T19:21:16.023Z - Closed a connection. Number of open connections: 6
[NX v21.3.6 Daemon Server] - 2025-12-08T19:21:16.023Z - Done responding to the client project-graph
[NX v21.3.6 Daemon Server] - 2025-12-08T19:21:16.023Z - Handled REQUEST_PROJECT_GRAPH. Handling time: 0. Response time: 1.
[NX v21.3.6 Daemon Server] - 2025-12-08T19:21:16.025Z - [REQUEST]: Responding to the client. handleContextFileData
[NX v21.3.6 Daemon Server] - 2025-12-08T19:21:16.025Z - Done responding to the client handleContextFileData
[NX v21.3.6 Daemon Server] - 2025-12-08T19:21:16.025Z - Handled GET_CONTEXT_FILE_DATA. Handling time: 1. Response time: 0.
[NX v21.3.6 Daemon Server] - 2025-12-08T19:21:16.026Z - Closed a connection. Number of open connections: 5
[NX v21.3.6 Daemon Server] - 2025-12-08T19:21:16.337Z - Closed a connection. Number of open connections: 4
[NX v21.3.6 Daemon Server] - 2025-12-08T19:21:16.338Z - Established a connection. Number of open connections: 5
[NX v21.3.6 Daemon Server] - 2025-12-08T19:21:16.338Z - Established a connection. Number of open connections: 6
[NX v21.3.6 Daemon Server] - 2025-12-08T19:21:16.338Z - Closed a connection. Number of open connections: 5
[NX v21.3.6 Daemon Server] - 2025-12-08T19:21:16.338Z - Established a connection. Number of open connections: 6
[NX v21.3.6 Daemon Server] - 2025-12-08T19:21:16.338Z - Closed a connection. Number of open connections: 5
[NX v21.3.6 Daemon Server] - 2025-12-08T19:21:16.338Z - [REQUEST]: Client Request for Project Graph Received
[NX v21.3.6 Daemon Server] - 2025-12-08T19:21:16.338Z - Reusing in-memory cached project graph because no files changed.
[NX v21.3.6 Daemon Server] - 2025-12-08T19:21:16.338Z - [REQUEST]: Responding to the client. project-graph
[NX v21.3.6 Daemon Server] - 2025-12-08T19:21:16.338Z - Time taken for 'total for creating and serializing project graph' 0.09616699999605771ms
[NX v21.3.6 Daemon Server] - 2025-12-08T19:21:16.338Z - Done responding to the client project-graph
[NX v21.3.6 Daemon Server] - 2025-12-08T19:21:16.338Z - Handled REQUEST_PROJECT_GRAPH. Handling time: 0. Response time: 0.
[NX v21.3.6 Daemon Server] - 2025-12-08T19:21:16.338Z - [REQUEST]: Client Request for Project Graph Received
[NX v21.3.6 Daemon Server] - 2025-12-08T19:21:16.338Z - Reusing in-memory cached project graph because no files changed.
[NX v21.3.6 Daemon Server] - 2025-12-08T19:21:16.338Z - [REQUEST]: Responding to the client. project-graph
[NX v21.3.6 Daemon Server] - 2025-12-08T19:21:16.338Z - Time taken for 'total for creating and serializing project graph' 0.05458300000464078ms
[NX v21.3.6 Daemon Server] - 2025-12-08T19:21:16.338Z - Done responding to the client project-graph
[NX v21.3.6 Daemon Server] - 2025-12-08T19:21:16.338Z - Handled REQUEST_PROJECT_GRAPH. Handling time: 0. Response time: 0.
[NX v21.3.6 Daemon Server] - 2025-12-08T19:21:16.338Z - Established a connection. Number of open connections: 6
[NX v21.3.6 Daemon Server] - 2025-12-08T19:21:22.580Z - [REQUEST]: Responding to the client. recordOutputsHash
[NX v21.3.6 Daemon Server] - 2025-12-08T19:21:22.581Z - Done responding to the client recordOutputsHash
[NX v21.3.6 Daemon Server] - 2025-12-08T19:21:22.581Z - Handled RECORD_OUTPUTS_HASH. Handling time: 0. Response time: 1.
[NX v21.3.6 Daemon Server] - 2025-12-08T19:21:22.585Z - [REQUEST]: Responding to the client. handleRecordTaskRuns
[NX v21.3.6 Daemon Server] - 2025-12-08T19:21:22.585Z - Done responding to the client handleRecordTaskRuns
[NX v21.3.6 Daemon Server] - 2025-12-08T19:21:22.585Z - Handled RECORD_TASK_RUNS. Handling time: 1. Response time: 0.
[NX v21.3.6 Daemon Server] - 2025-12-08T19:21:22.586Z - [REQUEST]: Responding to the client. handleGetFlakyTasks
[NX v21.3.6 Daemon Server] - 2025-12-08T19:21:22.586Z - Done responding to the client handleGetFlakyTasks
[NX v21.3.6 Daemon Server] - 2025-12-08T19:21:22.586Z - Handled GET_FLAKY_TASKS. Handling time: 1. Response time: 0.
[NX v21.3.6 Daemon Server] - 2025-12-08T19:21:22.620Z - Closed a connection. Number of open connections: 5
[NX v21.3.6 Daemon Server] - 2025-12-08T19:21:22.733Z - [REQUEST]: Responding to the client. handleRunPostTasksExecution
[NX v21.3.6 Daemon Server] - 2025-12-08T19:21:22.733Z - Done responding to the client handleRunPostTasksExecution
[NX v21.3.6 Daemon Server] - 2025-12-08T19:21:22.733Z - Handled POST_TASKS_EXECUTION. Handling time: 1. Response time: 0.
[NX v21.3.6 Daemon Server] - 2025-12-08T19:21:22.733Z - Time taken for 'postTasksExecution' 0.34958299998834264ms
[NX v21.3.6 Daemon Server] - 2025-12-08T19:21:22.738Z - Closed a connection. Number of open connections: 4
[NX v21.3.6 Daemon Server] - 2025-12-08T19:21:24.514Z - [REQUEST]: Responding to the client. recordOutputsHash
[NX v21.3.6 Daemon Server] - 2025-12-08T19:21:24.515Z - Done responding to the client recordOutputsHash
[NX v21.3.6 Daemon Server] - 2025-12-08T19:21:24.515Z - Handled RECORD_OUTPUTS_HASH. Handling time: 0. Response time: 1.
[NX v21.3.6 Daemon Server] - 2025-12-08T19:21:24.518Z - [REQUEST]: Responding to the client. handleRecordTaskRuns
[NX v21.3.6 Daemon Server] - 2025-12-08T19:21:24.519Z - Done responding to the client handleRecordTaskRuns
[NX v21.3.6 Daemon Server] - 2025-12-08T19:21:24.519Z - Handled RECORD_TASK_RUNS. Handling time: 0. Response time: 1.
[NX v21.3.6 Daemon Server] - 2025-12-08T19:21:24.519Z - [REQUEST]: Responding to the client. handleGetFlakyTasks
[NX v21.3.6 Daemon Server] - 2025-12-08T19:21:24.519Z - Done responding to the client handleGetFlakyTasks
[NX v21.3.6 Daemon Server] - 2025-12-08T19:21:24.519Z - Handled GET_FLAKY_TASKS. Handling time: 0. Response time: 0.
[NX v21.3.6 Daemon Server] - 2025-12-08T19:21:24.569Z - Closed a connection. Number of open connections: 3
[NX v21.3.6 Daemon Server] - 2025-12-08T19:21:24.673Z - [REQUEST]: Responding to the client. handleRunPostTasksExecution
[NX v21.3.6 Daemon Server] - 2025-12-08T19:21:24.673Z - Done responding to the client handleRunPostTasksExecution
[NX v21.3.6 Daemon Server] - 2025-12-08T19:21:24.673Z - Handled POST_TASKS_EXECUTION. Handling time: 1. Response time: 0.
[NX v21.3.6 Daemon Server] - 2025-12-08T19:21:24.673Z - Time taken for 'postTasksExecution' 0.3361659999936819ms
[NX v21.3.6 Daemon Server] - 2025-12-08T19:21:24.677Z - Closed a connection. Number of open connections: 2
[NX v21.3.6 Daemon Server] - 2025-12-08T19:21:54.446Z - [WATCHER]: apps/flights/tsconfig.federation.json was created or restored
[NX v21.3.6 Daemon Server] - 2025-12-08T19:21:54.446Z - [WATCHER]: Processing file changes in outputs
[NX v21.3.6 Daemon Server] - 2025-12-08T19:21:54.546Z - [REQUEST]: Updated workspace context based on watched changes, recomputing project graph...
[NX v21.3.6 Daemon Server] - 2025-12-08T19:21:54.547Z - [REQUEST]: apps/flights/tsconfig.federation.json
[NX v21.3.6 Daemon Server] - 2025-12-08T19:21:54.547Z - [REQUEST]: 
[NX v21.3.6 Daemon Server] - 2025-12-08T19:21:54.550Z - Time taken for 'hash changed files from watcher' 0.3927499999990687ms
Time for 'nx/js/dependencies-and-lockfile:createNodes' 0.4699170000094455
Time for 'nx/core/package-json:createNodes' 2.3809590000018943
Time for 'nx/core/project-json:createNodes' 2.556624999997439
[NX v21.3.6 Daemon Server] - 2025-12-08T19:21:54.559Z - Time taken for 'build-project-configs' 7.851415999990422ms
Time for 'build typescript dependencies' 1.8774999999877764
[NX v21.3.6 Daemon Server] - 2025-12-08T19:21:54.568Z - Wrote project graph cache to /Users/manfredsteyer/projects/trainings/flight-app/.nx/workspace-data/project-graph.json
[NX v21.3.6 Daemon Server] - 2025-12-08T19:21:54.568Z - [SYNC]: collect registered sync generators
[NX v21.3.6 Daemon Server] - 2025-12-08T19:21:54.568Z - [SYNC]: project graph hash is the same, not collecting task sync generators
[NX v21.3.6 Daemon Server] - 2025-12-08T19:21:54.568Z - [SYNC]: nx.json hash is the same, not collecting global sync generators
[NX v21.3.6 Daemon Server] - 2025-12-08T19:21:54.568Z - [REQUEST]: Responding to the client. File watch changed
[NX v21.3.6 Daemon Server] - 2025-12-08T19:21:54.568Z - Done responding to the client File watch changed
[NX v21.3.6 Daemon Server] - 2025-12-08T19:21:54.568Z - Handled FILE-WATCH-CHANGED. Handling time: 0. Response time: 0.
[NX v21.3.6 Daemon Server] - 2025-12-08T19:21:54.568Z - Time taken for 'total execution time for createProjectGraph()' 5.872625000003609ms
[NX v21.3.6 Daemon Server] - 2025-12-08T19:22:05.575Z - Established a connection. Number of open connections: 3
[NX v21.3.6 Daemon Server] - 2025-12-08T19:22:05.576Z - [REQUEST]: Client Request for Project Graph Received
[NX v21.3.6 Daemon Server] - 2025-12-08T19:22:05.576Z - Reusing in-memory cached project graph because no files changed.
[NX v21.3.6 Daemon Server] - 2025-12-08T19:22:05.576Z - [REQUEST]: Responding to the client. project-graph
[NX v21.3.6 Daemon Server] - 2025-12-08T19:22:05.576Z - Time taken for 'total for creating and serializing project graph' 0.31379200000083074ms
[NX v21.3.6 Daemon Server] - 2025-12-08T19:22:05.576Z - Closed a connection. Number of open connections: 2
[NX v21.3.6 Daemon Server] - 2025-12-08T19:22:05.577Z - Done responding to the client project-graph
[NX v21.3.6 Daemon Server] - 2025-12-08T19:22:05.577Z - Handled REQUEST_PROJECT_GRAPH. Handling time: 0. Response time: 1.
[NX v21.3.6 Daemon Server] - 2025-12-08T19:22:05.578Z - [REQUEST]: Responding to the client. handleContextFileData
[NX v21.3.6 Daemon Server] - 2025-12-08T19:22:05.578Z - Done responding to the client handleContextFileData
[NX v21.3.6 Daemon Server] - 2025-12-08T19:22:05.578Z - Handled GET_CONTEXT_FILE_DATA. Handling time: 1. Response time: 0.
[NX v21.3.6 Daemon Server] - 2025-12-08T19:22:05.579Z - Closed a connection. Number of open connections: 1
[NX v21.3.6 Daemon Server] - 2025-12-08T19:22:05.888Z - Closed a connection. Number of open connections: 0
[NX v21.3.6 Daemon Server] - 2025-12-08T19:22:05.889Z - Established a connection. Number of open connections: 1
[NX v21.3.6 Daemon Server] - 2025-12-08T19:22:05.890Z - Established a connection. Number of open connections: 2
[NX v21.3.6 Daemon Server] - 2025-12-08T19:22:05.890Z - Closed a connection. Number of open connections: 1
[NX v21.3.6 Daemon Server] - 2025-12-08T19:22:05.890Z - Established a connection. Number of open connections: 2
[NX v21.3.6 Daemon Server] - 2025-12-08T19:22:05.890Z - Closed a connection. Number of open connections: 1
[NX v21.3.6 Daemon Server] - 2025-12-08T19:22:05.890Z - [REQUEST]: Client Request for Project Graph Received
[NX v21.3.6 Daemon Server] - 2025-12-08T19:22:05.891Z - Reusing in-memory cached project graph because no files changed.
[NX v21.3.6 Daemon Server] - 2025-12-08T19:22:05.891Z - [REQUEST]: Responding to the client. project-graph
[NX v21.3.6 Daemon Server] - 2025-12-08T19:22:05.891Z - Time taken for 'total for creating and serializing project graph' 0.1037919999944279ms
[NX v21.3.6 Daemon Server] - 2025-12-08T19:22:05.891Z - Done responding to the client project-graph
[NX v21.3.6 Daemon Server] - 2025-12-08T19:22:05.891Z - Handled REQUEST_PROJECT_GRAPH. Handling time: 1. Response time: 0.
[NX v21.3.6 Daemon Server] - 2025-12-08T19:22:05.891Z - [REQUEST]: Client Request for Project Graph Received
[NX v21.3.6 Daemon Server] - 2025-12-08T19:22:05.892Z - Reusing in-memory cached project graph because no files changed.
[NX v21.3.6 Daemon Server] - 2025-12-08T19:22:05.892Z - [REQUEST]: Responding to the client. project-graph
[NX v21.3.6 Daemon Server] - 2025-12-08T19:22:05.892Z - Time taken for 'total for creating and serializing project graph' 0.2217920000111917ms
[NX v21.3.6 Daemon Server] - 2025-12-08T19:22:05.892Z - Done responding to the client project-graph
[NX v21.3.6 Daemon Server] - 2025-12-08T19:22:05.892Z - Handled REQUEST_PROJECT_GRAPH. Handling time: 1. Response time: 0.
[NX v21.3.6 Daemon Server] - 2025-12-08T19:22:05.892Z - Established a connection. Number of open connections: 2
[NX v21.3.6 Daemon Server] - 2025-12-08T19:22:05.920Z - Closed a connection. Number of open connections: 1
[NX v21.3.6 Daemon Server] - 2025-12-08T19:22:08.544Z - Closed a connection. Number of open connections: 0
[NX v21.3.6 Daemon Server] - 2025-12-08T19:22:20.758Z - [WATCHER]: apps/miles/tsconfig.federation.json was deleted
[NX v21.3.6 Daemon Server] - 2025-12-08T19:22:20.759Z - [WATCHER]: Processing file changes in outputs
[NX v21.3.6 Daemon Server] - 2025-12-08T19:22:20.859Z - [REQUEST]: Updated workspace context based on watched changes, recomputing project graph...
[NX v21.3.6 Daemon Server] - 2025-12-08T19:22:20.859Z - [REQUEST]: 
[NX v21.3.6 Daemon Server] - 2025-12-08T19:22:20.859Z - [REQUEST]: apps/miles/tsconfig.federation.json
Time for 'nx/js/dependencies-and-lockfile:createNodes' 0.09512500000710133
[NX v21.3.6 Daemon Server] - 2025-12-08T19:22:20.862Z - Time taken for 'hash changed files from watcher' 0.37462499999674037ms
Time for 'nx/core/package-json:createNodes' 0.9722499999916181
Time for 'nx/core/project-json:createNodes' 1.8564169999881415
[NX v21.3.6 Daemon Server] - 2025-12-08T19:22:20.868Z - Time taken for 'build-project-configs' 4.88458399999945ms
Time for 'build typescript dependencies' 0.012291999999433756
[NX v21.3.6 Daemon Server] - 2025-12-08T19:22:20.874Z - Wrote project graph cache to /Users/manfredsteyer/projects/trainings/flight-app/.nx/workspace-data/project-graph.json
[NX v21.3.6 Daemon Server] - 2025-12-08T19:22:20.875Z - [SYNC]: collect registered sync generators
[NX v21.3.6 Daemon Server] - 2025-12-08T19:22:20.875Z - [SYNC]: project graph hash is the same, not collecting task sync generators
[NX v21.3.6 Daemon Server] - 2025-12-08T19:22:20.875Z - [SYNC]: nx.json hash is the same, not collecting global sync generators
[NX v21.3.6 Daemon Server] - 2025-12-08T19:22:20.875Z - Time taken for 'total execution time for createProjectGraph()' 3.185250000009546ms
[NX v21.3.6 Daemon Server] - 2025-12-08T19:22:57.628Z - Established a connection. Number of open connections: 1
[NX v21.3.6 Daemon Server] - 2025-12-08T19:22:57.629Z - Closed a connection. Number of open connections: 0
[NX v21.3.6 Daemon Server] - 2025-12-08T19:22:57.629Z - Established a connection. Number of open connections: 1
[NX v21.3.6 Daemon Server] - 2025-12-08T19:22:57.629Z - Closed a connection. Number of open connections: 0
[NX v21.3.6 Daemon Server] - 2025-12-08T19:22:57.629Z - Established a connection. Number of open connections: 1
[NX v21.3.6 Daemon Server] - 2025-12-08T19:22:57.630Z - [REQUEST]: Client Request for Project Graph Received
[NX v21.3.6 Daemon Server] - 2025-12-08T19:22:57.630Z - Reusing in-memory cached project graph because no files changed.
[NX v21.3.6 Daemon Server] - 2025-12-08T19:22:57.630Z - [REQUEST]: Responding to the client. project-graph
[NX v21.3.6 Daemon Server] - 2025-12-08T19:22:57.630Z - Time taken for 'total for creating and serializing project graph' 0.11162500001955777ms
[NX v21.3.6 Daemon Server] - 2025-12-08T19:22:57.630Z - Done responding to the client project-graph
[NX v21.3.6 Daemon Server] - 2025-12-08T19:22:57.630Z - Handled REQUEST_PROJECT_GRAPH. Handling time: 0. Response time: 0.
[NX v21.3.6 Daemon Server] - 2025-12-08T19:22:57.631Z - [REQUEST]: Responding to the client. handleContextFileData
[NX v21.3.6 Daemon Server] - 2025-12-08T19:22:57.631Z - Done responding to the client handleContextFileData
[NX v21.3.6 Daemon Server] - 2025-12-08T19:22:57.631Z - Handled GET_CONTEXT_FILE_DATA. Handling time: 0. Response time: 0.
[NX v21.3.6 Daemon Server] - 2025-12-08T19:22:57.632Z - Closed a connection. Number of open connections: 0
[NX v21.3.6 Daemon Server] - 2025-12-08T19:22:57.947Z - Established a connection. Number of open connections: 1
[NX v21.3.6 Daemon Server] - 2025-12-08T19:22:57.949Z - Established a connection. Number of open connections: 2
[NX v21.3.6 Daemon Server] - 2025-12-08T19:22:57.949Z - Closed a connection. Number of open connections: 1
[NX v21.3.6 Daemon Server] - 2025-12-08T19:22:57.949Z - Established a connection. Number of open connections: 2
[NX v21.3.6 Daemon Server] - 2025-12-08T19:22:57.949Z - Closed a connection. Number of open connections: 1
[NX v21.3.6 Daemon Server] - 2025-12-08T19:22:57.949Z - [REQUEST]: Client Request for Project Graph Received
[NX v21.3.6 Daemon Server] - 2025-12-08T19:22:57.949Z - Reusing in-memory cached project graph because no files changed.
[NX v21.3.6 Daemon Server] - 2025-12-08T19:22:57.949Z - [REQUEST]: Responding to the client. project-graph
[NX v21.3.6 Daemon Server] - 2025-12-08T19:22:57.949Z - Time taken for 'total for creating and serializing project graph' 0.10804099999950267ms
[NX v21.3.6 Daemon Server] - 2025-12-08T19:22:57.949Z - Done responding to the client project-graph
[NX v21.3.6 Daemon Server] - 2025-12-08T19:22:57.949Z - Handled REQUEST_PROJECT_GRAPH. Handling time: 0. Response time: 0.
[NX v21.3.6 Daemon Server] - 2025-12-08T19:22:57.950Z - [REQUEST]: Client Request for Project Graph Received
[NX v21.3.6 Daemon Server] - 2025-12-08T19:22:57.950Z - Reusing in-memory cached project graph because no files changed.
[NX v21.3.6 Daemon Server] - 2025-12-08T19:22:57.950Z - [REQUEST]: Responding to the client. project-graph
[NX v21.3.6 Daemon Server] - 2025-12-08T19:22:57.950Z - Time taken for 'total for creating and serializing project graph' 0.05362500000046566ms
[NX v21.3.6 Daemon Server] - 2025-12-08T19:22:57.950Z - Done responding to the client project-graph
[NX v21.3.6 Daemon Server] - 2025-12-08T19:22:57.950Z - Handled REQUEST_PROJECT_GRAPH. Handling time: 0. Response time: 0.
[NX v21.3.6 Daemon Server] - 2025-12-08T19:22:57.950Z - Established a connection. Number of open connections: 2
[NX v21.3.6 Daemon Server] - 2025-12-08T19:23:04.896Z - [WATCHER]: Processing file changes in outputs
[NX v21.3.6 Daemon Server] - 2025-12-08T19:23:04.897Z - Closed a connection. Number of open connections: 1
[NX v21.3.6 Daemon Server] - 2025-12-08T19:23:04.897Z - Closed a connection. Number of open connections: 0
[NX v21.3.6 Daemon Server] - 2025-12-08T19:23:04.897Z - [WATCHER]: Stopping the watcher for /Users/manfredsteyer/projects/trainings/flight-app (sources)
[NX v21.3.6 Daemon Server] - 2025-12-08T19:23:04.897Z - [WATCHER]: Stopping the watcher for /Users/manfredsteyer/projects/trainings/flight-app (outputs)
[NX v21.3.6 Daemon Server] - 2025-12-08T19:23:04.898Z - Server stopped because: "LOCK_FILES_CHANGED"
[NX v21.3.6 Daemon Server] - 2025-12-08T19:23:10.057Z - Started listening on: /private/var/folders/90/xlgjf5ms3ql9v9y8n8m3vgjh0000gn/T/49183e68a8dacc8c509e/d.sock
[NX v21.3.6 Daemon Server] - 2025-12-08T19:23:10.058Z - [WATCHER]: Subscribed to changes within: /Users/manfredsteyer/projects/trainings/flight-app (native)
[NX v21.3.6 Daemon Server] - 2025-12-08T19:23:10.061Z - Established a connection. Number of open connections: 1
[NX v21.3.6 Daemon Server] - 2025-12-08T19:23:10.061Z - Established a connection. Number of open connections: 2
[NX v21.3.6 Daemon Server] - 2025-12-08T19:23:10.061Z - Closed a connection. Number of open connections: 1
[NX v21.3.6 Daemon Server] - 2025-12-08T19:23:10.062Z - [REQUEST]: Client Request for Project Graph Received
[NX v21.3.6 Daemon Server] - 2025-12-08T19:23:10.064Z - Time taken for 'loadSpecifiedNxPlugins' 0.5387500000000074ms
Time for 'plugin worker 43450 code loading' 1.8228329999999993
Time for 'plugin worker 43449 code loading' 1.7377500000000001
Time for 'plugin worker 43451 code loading' 1.8136670000000006
[NX v21.3.6 Daemon Server] - 2025-12-08T19:23:10.120Z - [WATCHER]: Processing file changes in outputs
[NX v21.3.6 Daemon Server] - 2025-12-08T19:23:10.133Z - Time taken for 'Load Nx Plugin: /Users/manfredsteyer/projects/trainings/flight-app/node_modules/nx/src/plugins/project-json/build-nodes/project-json' 70.59504100000001ms
[NX v21.3.6 Daemon Server] - 2025-12-08T19:23:10.133Z - Time taken for 'Load Nx Plugin: /Users/manfredsteyer/projects/trainings/flight-app/node_modules/nx/src/plugins/package-json' 70.863042ms
[NX v21.3.6 Daemon Server] - 2025-12-08T19:23:10.145Z - [REQUEST]: Updated workspace context based on watched changes, recomputing project graph...
[NX v21.3.6 Daemon Server] - 2025-12-08T19:23:10.145Z - [REQUEST]: 
[NX v21.3.6 Daemon Server] - 2025-12-08T19:23:10.145Z - [REQUEST]: 
[NX v21.3.6 Daemon Server] - 2025-12-08T19:23:10.145Z - No files changed, but no in-memory cached project graph found. Recomputing it...
[NX v21.3.6 Daemon Server] - 2025-12-08T19:23:10.148Z - Time taken for 'loadDefaultNxPlugins' 82.570083ms
Time for 'nx/core/package-json:createNodes' 0.44683299999999804
Time for 'nx/core/project-json:createNodes' 0.9008329999999916
Time for 'nx/js/dependencies-and-lockfile:createNodes' 7.589999999999989
[NX v21.3.6 Daemon Server] - 2025-12-08T19:23:10.178Z - Time taken for 'build-project-configs' 20.91316599999999ms
Time for 'build typescript dependencies' 7.40816700000002
[NX v21.3.6 Daemon Server] - 2025-12-08T19:23:10.220Z - Wrote project graph cache to /Users/manfredsteyer/projects/trainings/flight-app/.nx/workspace-data/project-graph.json
[NX v21.3.6 Daemon Server] - 2025-12-08T19:23:10.220Z - [SYNC]: collect registered sync generators
[NX v21.3.6 Daemon Server] - 2025-12-08T19:23:10.220Z - [REQUEST]: Responding to the client. project-graph
[NX v21.3.6 Daemon Server] - 2025-12-08T19:23:10.221Z - Time taken for 'total for creating and serializing project graph' 158.479958ms
[NX v21.3.6 Daemon Server] - 2025-12-08T19:23:10.222Z - Done responding to the client project-graph
[NX v21.3.6 Daemon Server] - 2025-12-08T19:23:10.222Z - Handled REQUEST_PROJECT_GRAPH. Handling time: 158. Response time: 2.
[NX v21.3.6 Daemon Server] - 2025-12-08T19:23:10.225Z - [REQUEST]: Responding to the client. handleRunPreTasksExecution
[NX v21.3.6 Daemon Server] - 2025-12-08T19:23:10.225Z - Done responding to the client handleRunPreTasksExecution
[NX v21.3.6 Daemon Server] - 2025-12-08T19:23:10.225Z - Handled PRE_TASKS_EXECUTION. Handling time: 0. Response time: 0.
[NX v21.3.6 Daemon Server] - 2025-12-08T19:23:10.225Z - Time taken for 'preTasksExecution' 0.17291700000001242ms
[NX v21.3.6 Daemon Server] - 2025-12-08T19:23:10.247Z - Reusing in-memory cached project graph because no files changed.
DEBUG nx::native::tasks::task_hasher: plan length: 1
DEBUG nx::native::tasks::hashers::hash_workspace_files: Hashing workspace fileset{cache_key="nx.json,.gitignore,.nxignore"}: Adding "5409149420400058781" (".gitignore") to hash
DEBUG nx::native::tasks::hashers::hash_workspace_files: Hashing workspace fileset{cache_key="nx.json,.gitignore,.nxignore"}: Adding "12797169426189441415" ("nx.json") to hash
DEBUG nx::native::tasks::hashers::hash_workspace_files: Hashing workspace fileset{cache_key="nx.json,.gitignore,.nxignore"}: Hash Value: "15943364904326140788"
[NX v21.3.6 Daemon Server] - 2025-12-08T19:23:10.254Z - [REQUEST]: Responding to the client. handleHashTasks
[NX v21.3.6 Daemon Server] - 2025-12-08T19:23:10.255Z - Done responding to the client handleHashTasks
[NX v21.3.6 Daemon Server] - 2025-12-08T19:23:10.255Z - Handled HASH_TASKS. Handling time: 7. Response time: 1.
[NX v21.3.6 Daemon Server] - 2025-12-08T19:23:10.297Z - [REQUEST]: Responding to the client. handleGetEstimatedTaskTimings
[NX v21.3.6 Daemon Server] - 2025-12-08T19:23:10.297Z - Done responding to the client handleGetEstimatedTaskTimings
[NX v21.3.6 Daemon Server] - 2025-12-08T19:23:10.297Z - Handled GET_ESTIMATED_TASK_TIMINGS. Handling time: 12. Response time: 0.
[NX v21.3.6 Daemon Server] - 2025-12-08T19:23:10.986Z - Established a connection. Number of open connections: 2
[NX v21.3.6 Daemon Server] - 2025-12-08T19:23:10.986Z - Closed a connection. Number of open connections: 1
[NX v21.3.6 Daemon Server] - 2025-12-08T19:23:10.986Z - Established a connection. Number of open connections: 2
[NX v21.3.6 Daemon Server] - 2025-12-08T19:23:10.987Z - [REQUEST]: Client Request for Project Graph Received
[NX v21.3.6 Daemon Server] - 2025-12-08T19:23:10.987Z - Reusing in-memory cached project graph because no files changed.
[NX v21.3.6 Daemon Server] - 2025-12-08T19:23:10.987Z - [REQUEST]: Responding to the client. project-graph
[NX v21.3.6 Daemon Server] - 2025-12-08T19:23:10.987Z - Time taken for 'total for creating and serializing project graph' 0.10266599999999926ms
[NX v21.3.6 Daemon Server] - 2025-12-08T19:23:10.990Z - Done responding to the client project-graph
[NX v21.3.6 Daemon Server] - 2025-12-08T19:23:10.990Z - Handled REQUEST_PROJECT_GRAPH. Handling time: 0. Response time: 3.
[NX v21.3.6 Daemon Server] - 2025-12-08T19:23:12.887Z - [WATCHER]: Processing file changes in outputs
[NX v21.3.6 Daemon Server] - 2025-12-08T19:23:12.939Z - [WATCHER]: Processing file changes in outputs
[NX v21.3.6 Daemon Server] - 2025-12-08T19:23:12.992Z - [WATCHER]: Processing file changes in outputs
[NX v21.3.6 Daemon Server] - 2025-12-08T19:23:13.044Z - [WATCHER]: Processing file changes in outputs
[NX v21.3.6 Daemon Server] - 2025-12-08T19:23:13.095Z - [WATCHER]: Processing file changes in outputs
[NX v21.3.6 Daemon Server] - 2025-12-08T19:23:13.148Z - [WATCHER]: Processing file changes in outputs
[NX v21.3.6 Daemon Server] - 2025-12-08T19:23:13.213Z - [WATCHER]: apps/flights/tsconfig.federation.json was modified
[NX v21.3.6 Daemon Server] - 2025-12-08T19:23:13.213Z - [WATCHER]: Processing file changes in outputs
[NX v21.3.6 Daemon Server] - 2025-12-08T19:23:13.313Z - [REQUEST]: Updated workspace context based on watched changes, recomputing project graph...
[NX v21.3.6 Daemon Server] - 2025-12-08T19:23:13.313Z - [REQUEST]: apps/flights/tsconfig.federation.json
[NX v21.3.6 Daemon Server] - 2025-12-08T19:23:13.313Z - [REQUEST]: 
[NX v21.3.6 Daemon Server] - 2025-12-08T19:23:13.315Z - Time taken for 'hash changed files from watcher' 0.19916599999987739ms
Time for 'nx/core/package-json:createNodes' 0.18916600000011385
Time for 'nx/core/project-json:createNodes' 0.27329199999985576
Time for 'nx/js/dependencies-and-lockfile:createNodes' 3.3022500000001855
[NX v21.3.6 Daemon Server] - 2025-12-08T19:23:13.324Z - Time taken for 'build-project-configs' 7.325041999999939ms
Time for 'build typescript dependencies' 0.9857919999999467
[NX v21.3.6 Daemon Server] - 2025-12-08T19:23:13.338Z - Wrote project graph cache to /Users/manfredsteyer/projects/trainings/flight-app/.nx/workspace-data/project-graph.json
[NX v21.3.6 Daemon Server] - 2025-12-08T19:23:13.338Z - [SYNC]: collect registered sync generators
[NX v21.3.6 Daemon Server] - 2025-12-08T19:23:13.338Z - [SYNC]: project graph hash is the same, not collecting task sync generators
[NX v21.3.6 Daemon Server] - 2025-12-08T19:23:13.338Z - [SYNC]: nx.json hash is the same, not collecting global sync generators
[NX v21.3.6 Daemon Server] - 2025-12-08T19:23:13.338Z - Time taken for 'total execution time for createProjectGraph()' 11.302875000000313ms
[NX v21.3.6 Daemon Server] - 2025-12-08T19:23:14.715Z - [WATCHER]: Processing file changes in outputs
[NX v21.3.6 Daemon Server] - 2025-12-08T19:23:14.940Z - Established a connection. Number of open connections: 3
[NX v21.3.6 Daemon Server] - 2025-12-08T19:23:14.940Z - Closed a connection. Number of open connections: 2
[NX v21.3.6 Daemon Server] - 2025-12-08T19:23:14.940Z - Established a connection. Number of open connections: 3
[NX v21.3.6 Daemon Server] - 2025-12-08T19:23:14.941Z - [REQUEST]: Client Request for Project Graph Received
[NX v21.3.6 Daemon Server] - 2025-12-08T19:23:14.941Z - Reusing in-memory cached project graph because no files changed.
[NX v21.3.6 Daemon Server] - 2025-12-08T19:23:14.941Z - [REQUEST]: Responding to the client. project-graph
[NX v21.3.6 Daemon Server] - 2025-12-08T19:23:14.942Z - Time taken for 'total for creating and serializing project graph' 0.12304199999925913ms
[NX v21.3.6 Daemon Server] - 2025-12-08T19:23:14.943Z - Done responding to the client project-graph
[NX v21.3.6 Daemon Server] - 2025-12-08T19:23:14.943Z - Handled REQUEST_PROJECT_GRAPH. Handling time: 0. Response time: 2.
[NX v21.3.6 Daemon Server] - 2025-12-08T19:23:14.946Z - [REQUEST]: Responding to the client. handleRunPreTasksExecution
[NX v21.3.6 Daemon Server] - 2025-12-08T19:23:14.946Z - Done responding to the client handleRunPreTasksExecution
[NX v21.3.6 Daemon Server] - 2025-12-08T19:23:14.946Z - Handled PRE_TASKS_EXECUTION. Handling time: 0. Response time: 0.
[NX v21.3.6 Daemon Server] - 2025-12-08T19:23:14.946Z - Time taken for 'preTasksExecution' 0.062458000000333413ms
[NX v21.3.6 Daemon Server] - 2025-12-08T19:23:14.965Z - Reusing in-memory cached project graph because no files changed.
DEBUG nx::native::tasks::task_hasher: plan length: 1
DEBUG nx::native::tasks::hashers::hash_workspace_files: Hashing workspace fileset{cache_key="nx.json,.gitignore,.nxignore"}: Adding "5409149420400058781" (".gitignore") to hash
DEBUG nx::native::tasks::hashers::hash_workspace_files: Hashing workspace fileset{cache_key="nx.json,.gitignore,.nxignore"}: Adding "12797169426189441415" ("nx.json") to hash
DEBUG nx::native::tasks::hashers::hash_workspace_files: Hashing workspace fileset{cache_key="nx.json,.gitignore,.nxignore"}: Hash Value: "15943364904326140788"
[NX v21.3.6 Daemon Server] - 2025-12-08T19:23:14.972Z - [REQUEST]: Responding to the client. handleHashTasks
[NX v21.3.6 Daemon Server] - 2025-12-08T19:23:14.973Z - Done responding to the client handleHashTasks
[NX v21.3.6 Daemon Server] - 2025-12-08T19:23:14.973Z - Handled HASH_TASKS. Handling time: 7. Response time: 1.
[NX v21.3.6 Daemon Server] - 2025-12-08T19:23:15.004Z - [REQUEST]: Responding to the client. handleGetEstimatedTaskTimings
[NX v21.3.6 Daemon Server] - 2025-12-08T19:23:15.004Z - Done responding to the client handleGetEstimatedTaskTimings
[NX v21.3.6 Daemon Server] - 2025-12-08T19:23:15.004Z - Handled GET_ESTIMATED_TASK_TIMINGS. Handling time: 0. Response time: 0.
[NX v21.3.6 Daemon Server] - 2025-12-08T19:23:15.249Z - [WATCHER]: apps/flights/tsconfig.federation.json was modified
[NX v21.3.6 Daemon Server] - 2025-12-08T19:23:15.249Z - [WATCHER]: Processing file changes in outputs
[NX v21.3.6 Daemon Server] - 2025-12-08T19:23:15.349Z - [REQUEST]: Updated workspace context based on watched changes, recomputing project graph...
[NX v21.3.6 Daemon Server] - 2025-12-08T19:23:15.349Z - [REQUEST]: apps/flights/tsconfig.federation.json
[NX v21.3.6 Daemon Server] - 2025-12-08T19:23:15.349Z - [REQUEST]: 
[NX v21.3.6 Daemon Server] - 2025-12-08T19:23:15.351Z - Time taken for 'hash changed files from watcher' 0.1592080000000351ms
Time for 'nx/core/package-json:createNodes' 0.17966699999942648
Time for 'nx/core/project-json:createNodes' 0.27104200000030687
Time for 'nx/js/dependencies-and-lockfile:createNodes' 3.1803329999993366
[NX v21.3.6 Daemon Server] - 2025-12-08T19:23:15.362Z - Time taken for 'build-project-configs' 9.795666999999412ms
[NX v21.3.6 Daemon Server] - 2025-12-08T19:23:15.362Z - Established a connection. Number of open connections: 4
[NX v21.3.6 Daemon Server] - 2025-12-08T19:23:15.362Z - Established a connection. Number of open connections: 5
[NX v21.3.6 Daemon Server] - 2025-12-08T19:23:15.362Z - Closed a connection. Number of open connections: 4
[NX v21.3.6 Daemon Server] - 2025-12-08T19:23:15.363Z - [REQUEST]: Client Request for Project Graph Received
[NX v21.3.6 Daemon Server] - 2025-12-08T19:23:15.363Z - Reusing in-memory cached project graph because no files changed.
Time for 'build typescript dependencies' 1.2770419999997102
[NX v21.3.6 Daemon Server] - 2025-12-08T19:23:15.377Z - Wrote project graph cache to /Users/manfredsteyer/projects/trainings/flight-app/.nx/workspace-data/project-graph.json
[NX v21.3.6 Daemon Server] - 2025-12-08T19:23:15.377Z - [SYNC]: collect registered sync generators
[NX v21.3.6 Daemon Server] - 2025-12-08T19:23:15.377Z - [SYNC]: project graph hash is the same, not collecting task sync generators
[NX v21.3.6 Daemon Server] - 2025-12-08T19:23:15.377Z - [SYNC]: nx.json hash is the same, not collecting global sync generators
[NX v21.3.6 Daemon Server] - 2025-12-08T19:23:15.377Z - [REQUEST]: Responding to the client. project-graph
[NX v21.3.6 Daemon Server] - 2025-12-08T19:23:15.377Z - Time taken for 'total execution time for createProjectGraph()' 11.565416000000369ms
[NX v21.3.6 Daemon Server] - 2025-12-08T19:23:15.378Z - Done responding to the client project-graph
[NX v21.3.6 Daemon Server] - 2025-12-08T19:23:15.378Z - Handled REQUEST_PROJECT_GRAPH. Handling time: 14. Response time: 1.
[NX v21.3.6 Daemon Server] - 2025-12-08T19:23:16.969Z - [WATCHER]: Processing file changes in outputs
[NX v21.3.6 Daemon Server] - 2025-12-08T19:23:17.030Z - [WATCHER]: Processing file changes in outputs
[NX v21.3.6 Daemon Server] - 2025-12-08T19:23:17.089Z - [WATCHER]: Processing file changes in outputs
[NX v21.3.6 Daemon Server] - 2025-12-08T19:23:17.156Z - [WATCHER]: Processing file changes in outputs
[NX v21.3.6 Daemon Server] - 2025-12-08T19:23:17.221Z - [WATCHER]: Processing file changes in outputs
[NX v21.3.6 Daemon Server] - 2025-12-08T19:23:17.273Z - [WATCHER]: Processing file changes in outputs
[NX v21.3.6 Daemon Server] - 2025-12-08T19:23:17.282Z - [WATCHER]: apps/miles/tsconfig.federation.json was modified
[NX v21.3.6 Daemon Server] - 2025-12-08T19:23:17.383Z - [REQUEST]: Updated workspace context based on watched changes, recomputing project graph...
[NX v21.3.6 Daemon Server] - 2025-12-08T19:23:17.384Z - [REQUEST]: apps/miles/tsconfig.federation.json
[NX v21.3.6 Daemon Server] - 2025-12-08T19:23:17.384Z - [REQUEST]: 
[NX v21.3.6 Daemon Server] - 2025-12-08T19:23:17.385Z - Time taken for 'hash changed files from watcher' 0.3907500000004802ms
Time for 'nx/core/package-json:createNodes' 0.4672920000002705
Time for 'nx/core/project-json:createNodes' 0.6525839999994787
Time for 'nx/js/dependencies-and-lockfile:createNodes' 7.319040999999743
[NX v21.3.6 Daemon Server] - 2025-12-08T19:23:17.405Z - Time taken for 'build-project-configs' 17.882834000000003ms
Time for 'build typescript dependencies' 1.1483330000000933
[NX v21.3.6 Daemon Server] - 2025-12-08T19:23:17.432Z - Wrote project graph cache to /Users/manfredsteyer/projects/trainings/flight-app/.nx/workspace-data/project-graph.json
[NX v21.3.6 Daemon Server] - 2025-12-08T19:23:17.432Z - [SYNC]: collect registered sync generators
[NX v21.3.6 Daemon Server] - 2025-12-08T19:23:17.432Z - [SYNC]: project graph hash is the same, not collecting task sync generators
[NX v21.3.6 Daemon Server] - 2025-12-08T19:23:17.432Z - [SYNC]: nx.json hash is the same, not collecting global sync generators
[NX v21.3.6 Daemon Server] - 2025-12-08T19:23:17.433Z - Time taken for 'total execution time for createProjectGraph()' 23.106832999999824ms
[NX v21.3.6 Daemon Server] - 2025-12-08T19:23:18.528Z - [WATCHER]: Processing file changes in outputs
[NX v21.3.6 Daemon Server] - 2025-12-08T19:23:19.039Z - [WATCHER]: apps/miles/tsconfig.federation.json was modified
[NX v21.3.6 Daemon Server] - 2025-12-08T19:23:19.039Z - [WATCHER]: Processing file changes in outputs
[NX v21.3.6 Daemon Server] - 2025-12-08T19:23:19.240Z - [REQUEST]: Updated workspace context based on watched changes, recomputing project graph...
[NX v21.3.6 Daemon Server] - 2025-12-08T19:23:19.240Z - [REQUEST]: apps/miles/tsconfig.federation.json
[NX v21.3.6 Daemon Server] - 2025-12-08T19:23:19.240Z - [REQUEST]: 
[NX v21.3.6 Daemon Server] - 2025-12-08T19:23:19.241Z - Time taken for 'hash changed files from watcher' 0.1694580000003043ms
Time for 'nx/core/package-json:createNodes' 0.16383400000086112
Time for 'nx/core/project-json:createNodes' 0.24420899999859103
Time for 'nx/js/dependencies-and-lockfile:createNodes' 3.383583999999246
[NX v21.3.6 Daemon Server] - 2025-12-08T19:23:19.249Z - Time taken for 'build-project-configs' 6.70745800000077ms
Time for 'build typescript dependencies' 1.2960409999996045
[NX v21.3.6 Daemon Server] - 2025-12-08T19:23:19.263Z - Wrote project graph cache to /Users/manfredsteyer/projects/trainings/flight-app/.nx/workspace-data/project-graph.json
[NX v21.3.6 Daemon Server] - 2025-12-08T19:23:19.264Z - [SYNC]: collect registered sync generators
[NX v21.3.6 Daemon Server] - 2025-12-08T19:23:19.264Z - [SYNC]: project graph hash is the same, not collecting task sync generators
[NX v21.3.6 Daemon Server] - 2025-12-08T19:23:19.264Z - [SYNC]: nx.json hash is the same, not collecting global sync generators
[NX v21.3.6 Daemon Server] - 2025-12-08T19:23:19.264Z - Time taken for 'total execution time for createProjectGraph()' 11.972999999999956ms
[NX v21.3.6 Daemon Server] - 2025-12-08T19:23:19.960Z - [WATCHER]: Processing file changes in outputs
[NX v21.3.6 Daemon Server] - 2025-12-08T19:23:20.012Z - [WATCHER]: Processing file changes in outputs
[NX v21.3.6 Daemon Server] - 2025-12-08T19:23:20.065Z - [WATCHER]: Processing file changes in outputs
[NX v21.3.6 Daemon Server] - 2025-12-08T19:23:20.118Z - [WATCHER]: Processing file changes in outputs
[NX v21.3.6 Daemon Server] - 2025-12-08T19:23:20.171Z - [WATCHER]: Processing file changes in outputs
[NX v21.3.6 Daemon Server] - 2025-12-08T19:23:20.226Z - [WATCHER]: Processing file changes in outputs
[NX v21.3.6 Daemon Server] - 2025-12-08T19:23:20.278Z - [WATCHER]: Processing file changes in outputs
[NX v21.3.6 Daemon Server] - 2025-12-08T19:23:20.335Z - [WATCHER]: Processing file changes in outputs
[NX v21.3.6 Daemon Server] - 2025-12-08T19:23:20.386Z - [WATCHER]: Processing file changes in outputs
[NX v21.3.6 Daemon Server] - 2025-12-08T19:23:20.446Z - [WATCHER]: Processing file changes in outputs
[NX v21.3.6 Daemon Server] - 2025-12-08T19:23:20.507Z - [WATCHER]: Processing file changes in outputs
[NX v21.3.6 Daemon Server] - 2025-12-08T19:23:20.559Z - [WATCHER]: Processing file changes in outputs
[NX v21.3.6 Daemon Server] - 2025-12-08T19:23:20.614Z - [WATCHER]: Processing file changes in outputs
[NX v21.3.6 Daemon Server] - 2025-12-08T19:23:20.672Z - [WATCHER]: Processing file changes in outputs
[NX v21.3.6 Daemon Server] - 2025-12-08T19:23:20.723Z - [WATCHER]: Processing file changes in outputs
[NX v21.3.6 Daemon Server] - 2025-12-08T19:23:20.776Z - [WATCHER]: Processing file changes in outputs
[NX v21.3.6 Daemon Server] - 2025-12-08T19:23:20.830Z - [WATCHER]: Processing file changes in outputs
[NX v21.3.6 Daemon Server] - 2025-12-08T19:23:20.880Z - [WATCHER]: Processing file changes in outputs
[NX v21.3.6 Daemon Server] - 2025-12-08T19:23:20.936Z - [WATCHER]: Processing file changes in outputs
[NX v21.3.6 Daemon Server] - 2025-12-08T19:23:23.243Z - [WATCHER]: Processing file changes in outputs
[NX v21.3.6 Daemon Server] - 2025-12-08T19:23:23.295Z - [WATCHER]: Processing file changes in outputs
[NX v21.3.6 Daemon Server] - 2025-12-08T19:23:23.346Z - [WATCHER]: Processing file changes in outputs
[NX v21.3.6 Daemon Server] - 2025-12-08T19:23:23.398Z - [WATCHER]: Processing file changes in outputs
[NX v21.3.6 Daemon Server] - 2025-12-08T19:23:23.449Z - [WATCHER]: Processing file changes in outputs
[NX v21.3.6 Daemon Server] - 2025-12-08T19:23:23.502Z - [WATCHER]: Processing file changes in outputs
[NX v21.3.6 Daemon Server] - 2025-12-08T19:23:23.554Z - [WATCHER]: Processing file changes in outputs
[NX v21.3.6 Daemon Server] - 2025-12-08T19:23:23.606Z - [WATCHER]: Processing file changes in outputs
[NX v21.3.6 Daemon Server] - 2025-12-08T19:23:23.657Z - [WATCHER]: Processing file changes in outputs
[NX v21.3.6 Daemon Server] - 2025-12-08T19:23:23.709Z - [WATCHER]: Processing file changes in outputs
[NX v21.3.6 Daemon Server] - 2025-12-08T19:23:23.761Z - [WATCHER]: Processing file changes in outputs
[NX v21.3.6 Daemon Server] - 2025-12-08T19:23:23.811Z - [WATCHER]: Processing file changes in outputs
[NX v21.3.6 Daemon Server] - 2025-12-08T19:23:23.863Z - [WATCHER]: Processing file changes in outputs
[NX v21.3.6 Daemon Server] - 2025-12-08T19:23:23.914Z - [WATCHER]: Processing file changes in outputs
[NX v21.3.6 Daemon Server] - 2025-12-08T19:23:23.966Z - [WATCHER]: Processing file changes in outputs
[NX v21.3.6 Daemon Server] - 2025-12-08T19:23:24.017Z - [WATCHER]: Processing file changes in outputs
[NX v21.3.6 Daemon Server] - 2025-12-08T19:23:25.944Z - [WATCHER]: Processing file changes in outputs
[NX v21.3.6 Daemon Server] - 2025-12-08T19:23:26.673Z - [WATCHER]: Processing file changes in outputs
[NX v21.3.6 Daemon Server] - 2025-12-08T19:23:28.193Z - [WATCHER]: Processing file changes in outputs
[NX v21.3.6 Daemon Server] - 2025-12-08T19:23:28.532Z - [WATCHER]: Processing file changes in outputs
[NX v21.3.6 Daemon Server] - 2025-12-08T19:23:28.690Z - [WATCHER]: Processing file changes in outputs
[NX v21.3.6 Daemon Server] - 2025-12-08T19:23:28.748Z - [WATCHER]: Processing file changes in outputs
[NX v21.3.6 Daemon Server] - 2025-12-08T19:23:29.016Z - [WATCHER]: Processing file changes in outputs
[NX v21.3.6 Daemon Server] - 2025-12-08T19:23:29.693Z - [WATCHER]: Processing file changes in outputs
[NX v21.3.6 Daemon Server] - 2025-12-08T19:23:29.977Z - [WATCHER]: Processing file changes in outputs
[NX v21.3.6 Daemon Server] - 2025-12-08T19:23:30.033Z - [WATCHER]: Processing file changes in outputs
[NX v21.3.6 Daemon Server] - 2025-12-08T19:23:30.045Z - Established a connection. Number of open connections: 5
[NX v21.3.6 Daemon Server] - 2025-12-08T19:23:30.045Z - Established a connection. Number of open connections: 6
[NX v21.3.6 Daemon Server] - 2025-12-08T19:23:30.046Z - Closed a connection. Number of open connections: 5
[NX v21.3.6 Daemon Server] - 2025-12-08T19:23:30.046Z - Established a connection. Number of open connections: 6
[NX v21.3.6 Daemon Server] - 2025-12-08T19:23:30.047Z - Closed a connection. Number of open connections: 5
[NX v21.3.6 Daemon Server] - 2025-12-08T19:23:30.047Z - [REQUEST]: Client Request for Project Graph Received
[NX v21.3.6 Daemon Server] - 2025-12-08T19:23:30.047Z - Reusing in-memory cached project graph because no files changed.
[NX v21.3.6 Daemon Server] - 2025-12-08T19:23:30.047Z - [REQUEST]: Responding to the client. project-graph
[NX v21.3.6 Daemon Server] - 2025-12-08T19:23:30.048Z - Time taken for 'total for creating and serializing project graph' 0.16516699999920093ms
[NX v21.3.6 Daemon Server] - 2025-12-08T19:23:30.051Z - Done responding to the client project-graph
[NX v21.3.6 Daemon Server] - 2025-12-08T19:23:30.051Z - Handled REQUEST_PROJECT_GRAPH. Handling time: 0. Response time: 4.
[NX v21.3.6 Daemon Server] - 2025-12-08T19:23:30.054Z - [REQUEST]: Responding to the client. handleContextFileData
[NX v21.3.6 Daemon Server] - 2025-12-08T19:23:30.054Z - Done responding to the client handleContextFileData
[NX v21.3.6 Daemon Server] - 2025-12-08T19:23:30.054Z - Handled GET_CONTEXT_FILE_DATA. Handling time: 1. Response time: 0.
[NX v21.3.6 Daemon Server] - 2025-12-08T19:23:30.054Z - Closed a connection. Number of open connections: 4
[NX v21.3.6 Daemon Server] - 2025-12-08T19:23:30.320Z - Established a connection. Number of open connections: 5
[NX v21.3.6 Daemon Server] - 2025-12-08T19:23:30.321Z - Established a connection. Number of open connections: 6
[NX v21.3.6 Daemon Server] - 2025-12-08T19:23:30.321Z - Closed a connection. Number of open connections: 5
[NX v21.3.6 Daemon Server] - 2025-12-08T19:23:30.321Z - Established a connection. Number of open connections: 6
[NX v21.3.6 Daemon Server] - 2025-12-08T19:23:30.322Z - Closed a connection. Number of open connections: 5
[NX v21.3.6 Daemon Server] - 2025-12-08T19:23:30.324Z - [REQUEST]: Client Request for Project Graph Received
[NX v21.3.6 Daemon Server] - 2025-12-08T19:23:30.324Z - Reusing in-memory cached project graph because no files changed.
[NX v21.3.6 Daemon Server] - 2025-12-08T19:23:30.324Z - [REQUEST]: Responding to the client. project-graph
[NX v21.3.6 Daemon Server] - 2025-12-08T19:23:30.328Z - Time taken for 'total for creating and serializing project graph' 0.7796669999988808ms
[NX v21.3.6 Daemon Server] - 2025-12-08T19:23:30.332Z - Done responding to the client project-graph
[NX v21.3.6 Daemon Server] - 2025-12-08T19:23:30.332Z - Handled REQUEST_PROJECT_GRAPH. Handling time: 1. Response time: 8.
[NX v21.3.6 Daemon Server] - 2025-12-08T19:23:30.335Z - [REQUEST]: Client Request for Project Graph Received
[NX v21.3.6 Daemon Server] - 2025-12-08T19:23:30.336Z - Reusing in-memory cached project graph because no files changed.
[NX v21.3.6 Daemon Server] - 2025-12-08T19:23:30.336Z - [REQUEST]: Responding to the client. project-graph
[NX v21.3.6 Daemon Server] - 2025-12-08T19:23:30.340Z - Time taken for 'total for creating and serializing project graph' 0.5617500000007567ms
[NX v21.3.6 Daemon Server] - 2025-12-08T19:23:30.344Z - Done responding to the client project-graph
[NX v21.3.6 Daemon Server] - 2025-12-08T19:23:30.344Z - Handled REQUEST_PROJECT_GRAPH. Handling time: 1. Response time: 8.
[NX v21.3.6 Daemon Server] - 2025-12-08T19:23:30.346Z - Established a connection. Number of open connections: 6
[NX v21.3.6 Daemon Server] - 2025-12-08T19:24:15.640Z - [REQUEST]: Responding to the client. recordOutputsHash
[NX v21.3.6 Daemon Server] - 2025-12-08T19:24:15.640Z - Done responding to the client recordOutputsHash
[NX v21.3.6 Daemon Server] - 2025-12-08T19:24:15.641Z - Handled RECORD_OUTPUTS_HASH. Handling time: 1. Response time: 1.
[NX v21.3.6 Daemon Server] - 2025-12-08T19:24:15.646Z - [REQUEST]: Responding to the client. handleRecordTaskRuns
[NX v21.3.6 Daemon Server] - 2025-12-08T19:24:15.646Z - Done responding to the client handleRecordTaskRuns
[NX v21.3.6 Daemon Server] - 2025-12-08T19:24:15.646Z - Handled RECORD_TASK_RUNS. Handling time: 1. Response time: 0.
[NX v21.3.6 Daemon Server] - 2025-12-08T19:24:15.647Z - [REQUEST]: Responding to the client. handleGetFlakyTasks
[NX v21.3.6 Daemon Server] - 2025-12-08T19:24:15.647Z - Done responding to the client handleGetFlakyTasks
[NX v21.3.6 Daemon Server] - 2025-12-08T19:24:15.647Z - Handled GET_FLAKY_TASKS. Handling time: 1. Response time: 0.
[NX v21.3.6 Daemon Server] - 2025-12-08T19:24:15.718Z - Closed a connection. Number of open connections: 5
[NX v21.3.6 Daemon Server] - 2025-12-08T19:24:15.794Z - [REQUEST]: Responding to the client. handleRunPostTasksExecution
[NX v21.3.6 Daemon Server] - 2025-12-08T19:24:15.794Z - Done responding to the client handleRunPostTasksExecution
[NX v21.3.6 Daemon Server] - 2025-12-08T19:24:15.794Z - Handled POST_TASKS_EXECUTION. Handling time: 0. Response time: 0.
[NX v21.3.6 Daemon Server] - 2025-12-08T19:24:15.794Z - Time taken for 'postTasksExecution' 0.07129200000781566ms
[NX v21.3.6 Daemon Server] - 2025-12-08T19:24:15.799Z - Closed a connection. Number of open connections: 4
[NX v21.3.6 Daemon Server] - 2025-12-08T19:24:18.826Z - [REQUEST]: Responding to the client. recordOutputsHash
[NX v21.3.6 Daemon Server] - 2025-12-08T19:24:18.827Z - Done responding to the client recordOutputsHash
[NX v21.3.6 Daemon Server] - 2025-12-08T19:24:18.827Z - Handled RECORD_OUTPUTS_HASH. Handling time: 0. Response time: 1.
[NX v21.3.6 Daemon Server] - 2025-12-08T19:24:18.831Z - [REQUEST]: Responding to the client. handleRecordTaskRuns
[NX v21.3.6 Daemon Server] - 2025-12-08T19:24:18.831Z - Done responding to the client handleRecordTaskRuns
[NX v21.3.6 Daemon Server] - 2025-12-08T19:24:18.831Z - Handled RECORD_TASK_RUNS. Handling time: 0. Response time: 0.
[NX v21.3.6 Daemon Server] - 2025-12-08T19:24:18.832Z - [REQUEST]: Responding to the client. handleGetFlakyTasks
[NX v21.3.6 Daemon Server] - 2025-12-08T19:24:18.833Z - Done responding to the client handleGetFlakyTasks
[NX v21.3.6 Daemon Server] - 2025-12-08T19:24:18.833Z - Handled GET_FLAKY_TASKS. Handling time: 0. Response time: 1.
[NX v21.3.6 Daemon Server] - 2025-12-08T19:24:18.923Z - Closed a connection. Number of open connections: 3
[NX v21.3.6 Daemon Server] - 2025-12-08T19:24:18.980Z - [REQUEST]: Responding to the client. handleRunPostTasksExecution
[NX v21.3.6 Daemon Server] - 2025-12-08T19:24:18.980Z - Done responding to the client handleRunPostTasksExecution
[NX v21.3.6 Daemon Server] - 2025-12-08T19:24:18.980Z - Handled POST_TASKS_EXECUTION. Handling time: 0. Response time: 0.
[NX v21.3.6 Daemon Server] - 2025-12-08T19:24:18.980Z - Time taken for 'postTasksExecution' 0.0599169999914011ms
[NX v21.3.6 Daemon Server] - 2025-12-08T19:24:18.986Z - Closed a connection. Number of open connections: 2
[NX v21.3.6 Daemon Server] - 2025-12-08T19:25:03.201Z - [WATCHER]: 2 file(s) created or restored, 0 file(s) modified, 0 file(s) deleted
[NX v21.3.6 Daemon Server] - 2025-12-08T19:25:03.202Z - [WATCHER]: Processing file changes in outputs
[NX v21.3.6 Daemon Server] - 2025-12-08T19:25:03.262Z - [WATCHER]: Processing file changes in outputs
[NX v21.3.6 Daemon Server] - 2025-12-08T19:25:03.262Z - Closed a connection. Number of open connections: 1
[NX v21.3.6 Daemon Server] - 2025-12-08T19:25:03.262Z - Closed a connection. Number of open connections: 0
[NX v21.3.6 Daemon Server] - 2025-12-08T19:25:03.262Z - [WATCHER]: Stopping the watcher for /Users/manfredsteyer/projects/trainings/flight-app (sources)
[NX v21.3.6 Daemon Server] - 2025-12-08T19:25:03.263Z - [WATCHER]: Stopping the watcher for /Users/manfredsteyer/projects/trainings/flight-app (outputs)
[NX v21.3.6 Daemon Server] - 2025-12-08T19:25:03.266Z - Server stopped because: "LOCK_FILES_CHANGED"
[NX v21.3.6 Daemon Server] - 2025-12-08T19:25:07.496Z - Started listening on: /private/var/folders/90/xlgjf5ms3ql9v9y8n8m3vgjh0000gn/T/49183e68a8dacc8c509e/d.sock
[NX v21.3.6 Daemon Server] - 2025-12-08T19:25:07.496Z - [WATCHER]: Subscribed to changes within: /Users/manfredsteyer/projects/trainings/flight-app (native)
[NX v21.3.6 Daemon Server] - 2025-12-08T19:25:07.498Z - Established a connection. Number of open connections: 1
[NX v21.3.6 Daemon Server] - 2025-12-08T19:25:07.498Z - Established a connection. Number of open connections: 2
[NX v21.3.6 Daemon Server] - 2025-12-08T19:25:07.499Z - Closed a connection. Number of open connections: 1
[NX v21.3.6 Daemon Server] - 2025-12-08T19:25:07.499Z - [REQUEST]: Client Request for Project Graph Received
[NX v21.3.6 Daemon Server] - 2025-12-08T19:25:07.502Z - Time taken for 'loadSpecifiedNxPlugins' 1.161875000000009ms
Time for 'plugin worker 43605 code loading' 1.8181250000000002
Time for 'plugin worker 43607 code loading' 1.8263750000000005
Time for 'plugin worker 43606 code loading' 1.8297920000000012
[NX v21.3.6 Daemon Server] - 2025-12-08T19:25:07.558Z - [WATCHER]: Processing file changes in outputs
[NX v21.3.6 Daemon Server] - 2025-12-08T19:25:07.570Z - Time taken for 'Load Nx Plugin: /Users/manfredsteyer/projects/trainings/flight-app/node_modules/nx/src/plugins/project-json/build-nodes/project-json' 69.522709ms
[NX v21.3.6 Daemon Server] - 2025-12-08T19:25:07.571Z - Time taken for 'Load Nx Plugin: /Users/manfredsteyer/projects/trainings/flight-app/node_modules/nx/src/plugins/package-json' 70.16866699999999ms
[NX v21.3.6 Daemon Server] - 2025-12-08T19:25:07.580Z - [REQUEST]: Updated workspace context based on watched changes, recomputing project graph...
[NX v21.3.6 Daemon Server] - 2025-12-08T19:25:07.580Z - [REQUEST]: 
[NX v21.3.6 Daemon Server] - 2025-12-08T19:25:07.580Z - [REQUEST]: 
[NX v21.3.6 Daemon Server] - 2025-12-08T19:25:07.580Z - No files changed, but no in-memory cached project graph found. Recomputing it...
Time for 'nx/js/dependencies-and-lockfile:createNodes' 0.06850000000000023
[NX v21.3.6 Daemon Server] - 2025-12-08T19:25:07.582Z - Time taken for 'loadDefaultNxPlugins' 79.57187499999999ms
Time for 'nx/core/package-json:createNodes' 0.5368749999999949
Time for 'nx/core/project-json:createNodes' 0.9558339999999959
[NX v21.3.6 Daemon Server] - 2025-12-08T19:25:07.603Z - Time taken for 'build-project-configs' 13.399624999999986ms
Time for 'build typescript dependencies' 100.013333
[NX v21.3.6 Daemon Server] - 2025-12-08T19:25:07.708Z - Wrote project graph cache to /Users/manfredsteyer/projects/trainings/flight-app/.nx/workspace-data/project-graph.json
[NX v21.3.6 Daemon Server] - 2025-12-08T19:25:07.708Z - [SYNC]: collect registered sync generators
[NX v21.3.6 Daemon Server] - 2025-12-08T19:25:07.708Z - [REQUEST]: Responding to the client. project-graph
[NX v21.3.6 Daemon Server] - 2025-12-08T19:25:07.708Z - Time taken for 'total for creating and serializing project graph' 209.07299999999998ms
[NX v21.3.6 Daemon Server] - 2025-12-08T19:25:07.709Z - Done responding to the client project-graph
[NX v21.3.6 Daemon Server] - 2025-12-08T19:25:07.709Z - Handled REQUEST_PROJECT_GRAPH. Handling time: 209. Response time: 1.
[NX v21.3.6 Daemon Server] - 2025-12-08T19:25:07.710Z - [REQUEST]: Responding to the client. handleRunPreTasksExecution
[NX v21.3.6 Daemon Server] - 2025-12-08T19:25:07.710Z - Done responding to the client handleRunPreTasksExecution
[NX v21.3.6 Daemon Server] - 2025-12-08T19:25:07.710Z - Handled PRE_TASKS_EXECUTION. Handling time: 0. Response time: 0.
[NX v21.3.6 Daemon Server] - 2025-12-08T19:25:07.710Z - Time taken for 'preTasksExecution' 0.15550000000001774ms
[NX v21.3.6 Daemon Server] - 2025-12-08T19:25:07.740Z - Reusing in-memory cached project graph because no files changed.
DEBUG nx::native::tasks::task_hasher: plan length: 1
DEBUG nx::native::tasks::hashers::hash_workspace_files: Hashing workspace fileset{cache_key="nx.json,.gitignore,.nxignore"}: Adding "5409149420400058781" (".gitignore") to hash
DEBUG nx::native::tasks::hashers::hash_workspace_files: Hashing workspace fileset{cache_key="nx.json,.gitignore,.nxignore"}: Adding "12797169426189441415" ("nx.json") to hash
DEBUG nx::native::tasks::hashers::hash_workspace_files: Hashing workspace fileset{cache_key="nx.json,.gitignore,.nxignore"}: Hash Value: "15943364904326140788"
[NX v21.3.6 Daemon Server] - 2025-12-08T19:25:07.741Z - [REQUEST]: Responding to the client. handleHashTasks
[NX v21.3.6 Daemon Server] - 2025-12-08T19:25:07.741Z - Done responding to the client handleHashTasks
[NX v21.3.6 Daemon Server] - 2025-12-08T19:25:07.741Z - Handled HASH_TASKS. Handling time: 1. Response time: 0.
[NX v21.3.6 Daemon Server] - 2025-12-08T19:25:07.781Z - [REQUEST]: Responding to the client. handleGetEstimatedTaskTimings
[NX v21.3.6 Daemon Server] - 2025-12-08T19:25:07.781Z - Done responding to the client handleGetEstimatedTaskTimings
[NX v21.3.6 Daemon Server] - 2025-12-08T19:25:07.781Z - Handled GET_ESTIMATED_TASK_TIMINGS. Handling time: 12. Response time: 0.
[NX v21.3.6 Daemon Server] - 2025-12-08T19:25:08.446Z - Established a connection. Number of open connections: 2
[NX v21.3.6 Daemon Server] - 2025-12-08T19:25:08.446Z - Closed a connection. Number of open connections: 1
[NX v21.3.6 Daemon Server] - 2025-12-08T19:25:08.447Z - Established a connection. Number of open connections: 2
[NX v21.3.6 Daemon Server] - 2025-12-08T19:25:08.447Z - [REQUEST]: Client Request for Project Graph Received
[NX v21.3.6 Daemon Server] - 2025-12-08T19:25:08.447Z - Reusing in-memory cached project graph because no files changed.
[NX v21.3.6 Daemon Server] - 2025-12-08T19:25:08.447Z - [REQUEST]: Responding to the client. project-graph
[NX v21.3.6 Daemon Server] - 2025-12-08T19:25:08.447Z - Time taken for 'total for creating and serializing project graph' 0.10083299999996598ms
[NX v21.3.6 Daemon Server] - 2025-12-08T19:25:08.447Z - Done responding to the client project-graph
[NX v21.3.6 Daemon Server] - 2025-12-08T19:25:08.447Z - Handled REQUEST_PROJECT_GRAPH. Handling time: 0. Response time: 0.
[NX v21.3.6 Daemon Server] - 2025-12-08T19:25:10.293Z - [WATCHER]: Processing file changes in outputs
[NX v21.3.6 Daemon Server] - 2025-12-08T19:25:10.345Z - [WATCHER]: Processing file changes in outputs
[NX v21.3.6 Daemon Server] - 2025-12-08T19:25:10.397Z - [WATCHER]: Processing file changes in outputs
[NX v21.3.6 Daemon Server] - 2025-12-08T19:25:10.451Z - [WATCHER]: Processing file changes in outputs
[NX v21.3.6 Daemon Server] - 2025-12-08T19:25:10.502Z - [WATCHER]: Processing file changes in outputs
[NX v21.3.6 Daemon Server] - 2025-12-08T19:25:10.554Z - [WATCHER]: Processing file changes in outputs
[NX v21.3.6 Daemon Server] - 2025-12-08T19:25:10.588Z - [WATCHER]: apps/flights/tsconfig.federation.json was modified
[NX v21.3.6 Daemon Server] - 2025-12-08T19:25:10.688Z - [REQUEST]: Updated workspace context based on watched changes, recomputing project graph...
[NX v21.3.6 Daemon Server] - 2025-12-08T19:25:10.689Z - [REQUEST]: apps/flights/tsconfig.federation.json
[NX v21.3.6 Daemon Server] - 2025-12-08T19:25:10.689Z - [REQUEST]: 
Time for 'nx/js/dependencies-and-lockfile:createNodes' 0.07187500000009095
[NX v21.3.6 Daemon Server] - 2025-12-08T19:25:10.690Z - Time taken for 'hash changed files from watcher' 0.16737499999999272ms
Time for 'nx/core/package-json:createNodes' 0.1895409999997355
Time for 'nx/core/project-json:createNodes' 0.9186249999997926
[NX v21.3.6 Daemon Server] - 2025-12-08T19:25:10.692Z - Time taken for 'build-project-configs' 2.2294580000002497ms
Time for 'build typescript dependencies' 0.21849999999994907
[NX v21.3.6 Daemon Server] - 2025-12-08T19:25:10.695Z - Wrote project graph cache to /Users/manfredsteyer/projects/trainings/flight-app/.nx/workspace-data/project-graph.json
[NX v21.3.6 Daemon Server] - 2025-12-08T19:25:10.695Z - [SYNC]: collect registered sync generators
[NX v21.3.6 Daemon Server] - 2025-12-08T19:25:10.695Z - [SYNC]: project graph hash is the same, not collecting task sync generators
[NX v21.3.6 Daemon Server] - 2025-12-08T19:25:10.695Z - [SYNC]: nx.json hash is the same, not collecting global sync generators
[NX v21.3.6 Daemon Server] - 2025-12-08T19:25:10.695Z - Time taken for 'total execution time for createProjectGraph()' 1.4820420000000922ms
[NX v21.3.6 Daemon Server] - 2025-12-08T19:25:12.119Z - [WATCHER]: Processing file changes in outputs
[NX v21.3.6 Daemon Server] - 2025-12-08T19:25:12.687Z - [WATCHER]: apps/flights/tsconfig.federation.json was modified
[NX v21.3.6 Daemon Server] - 2025-12-08T19:25:12.687Z - [WATCHER]: Processing file changes in outputs
[NX v21.3.6 Daemon Server] - 2025-12-08T19:25:12.887Z - [REQUEST]: Updated workspace context based on watched changes, recomputing project graph...
[NX v21.3.6 Daemon Server] - 2025-12-08T19:25:12.887Z - [REQUEST]: apps/flights/tsconfig.federation.json
[NX v21.3.6 Daemon Server] - 2025-12-08T19:25:12.887Z - [REQUEST]: 
Time for 'nx/js/dependencies-and-lockfile:createNodes' 0.03537499999947613
[NX v21.3.6 Daemon Server] - 2025-12-08T19:25:12.888Z - Time taken for 'hash changed files from watcher' 0.160291999999572ms
Time for 'nx/core/package-json:createNodes' 0.18770800000038435
Time for 'nx/core/project-json:createNodes' 0.26045799999974406
[NX v21.3.6 Daemon Server] - 2025-12-08T19:25:12.890Z - Time taken for 'build-project-configs' 1.246249999999236ms
Time for 'build typescript dependencies' 0.20266700000047422
[NX v21.3.6 Daemon Server] - 2025-12-08T19:25:12.892Z - Wrote project graph cache to /Users/manfredsteyer/projects/trainings/flight-app/.nx/workspace-data/project-graph.json
[NX v21.3.6 Daemon Server] - 2025-12-08T19:25:12.893Z - [SYNC]: collect registered sync generators
[NX v21.3.6 Daemon Server] - 2025-12-08T19:25:12.893Z - [SYNC]: project graph hash is the same, not collecting task sync generators
[NX v21.3.6 Daemon Server] - 2025-12-08T19:25:12.893Z - [SYNC]: nx.json hash is the same, not collecting global sync generators
[NX v21.3.6 Daemon Server] - 2025-12-08T19:25:12.893Z - Time taken for 'total execution time for createProjectGraph()' 1.2965409999997064ms
[NX v21.3.6 Daemon Server] - 2025-12-08T19:25:14.043Z - [WATCHER]: Processing file changes in outputs
[NX v21.3.6 Daemon Server] - 2025-12-08T19:25:15.581Z - [WATCHER]: Processing file changes in outputs
[NX v21.3.6 Daemon Server] - 2025-12-08T19:25:15.632Z - [WATCHER]: Processing file changes in outputs
[NX v21.3.6 Daemon Server] - 2025-12-08T19:25:15.683Z - [WATCHER]: Processing file changes in outputs
[NX v21.3.6 Daemon Server] - 2025-12-08T19:25:15.734Z - [WATCHER]: Processing file changes in outputs
[NX v21.3.6 Daemon Server] - 2025-12-08T19:25:15.785Z - [WATCHER]: Processing file changes in outputs
[NX v21.3.6 Daemon Server] - 2025-12-08T19:25:15.837Z - [WATCHER]: Processing file changes in outputs
[NX v21.3.6 Daemon Server] - 2025-12-08T19:25:15.888Z - [WATCHER]: Processing file changes in outputs
[NX v21.3.6 Daemon Server] - 2025-12-08T19:25:15.939Z - [WATCHER]: Processing file changes in outputs
[NX v21.3.6 Daemon Server] - 2025-12-08T19:25:15.990Z - [WATCHER]: Processing file changes in outputs
[NX v21.3.6 Daemon Server] - 2025-12-08T19:25:16.042Z - [WATCHER]: Processing file changes in outputs
[NX v21.3.6 Daemon Server] - 2025-12-08T19:25:16.094Z - [WATCHER]: Processing file changes in outputs
[NX v21.3.6 Daemon Server] - 2025-12-08T19:25:16.145Z - [WATCHER]: Processing file changes in outputs
[NX v21.3.6 Daemon Server] - 2025-12-08T19:25:16.197Z - [WATCHER]: Processing file changes in outputs
[NX v21.3.6 Daemon Server] - 2025-12-08T19:25:17.564Z - [WATCHER]: Processing file changes in outputs
[NX v21.3.6 Daemon Server] - 2025-12-08T19:25:17.947Z - [WATCHER]: Processing file changes in outputs
[NX v21.3.6 Daemon Server] - 2025-12-08T19:25:18.985Z - [WATCHER]: Processing file changes in outputs
[NX v21.3.6 Daemon Server] - 2025-12-08T19:25:19.006Z - Established a connection. Number of open connections: 3
[NX v21.3.6 Daemon Server] - 2025-12-08T19:25:19.006Z - Closed a connection. Number of open connections: 2
[NX v21.3.6 Daemon Server] - 2025-12-08T19:25:19.006Z - Established a connection. Number of open connections: 3
[NX v21.3.6 Daemon Server] - 2025-12-08T19:25:19.007Z - [REQUEST]: Client Request for Project Graph Received
[NX v21.3.6 Daemon Server] - 2025-12-08T19:25:19.007Z - Reusing in-memory cached project graph because no files changed.
[NX v21.3.6 Daemon Server] - 2025-12-08T19:25:19.007Z - [REQUEST]: Responding to the client. project-graph
[NX v21.3.6 Daemon Server] - 2025-12-08T19:25:19.007Z - Time taken for 'total for creating and serializing project graph' 0.10816700000032142ms
[NX v21.3.6 Daemon Server] - 2025-12-08T19:25:19.007Z - Done responding to the client project-graph
[NX v21.3.6 Daemon Server] - 2025-12-08T19:25:19.007Z - Handled REQUEST_PROJECT_GRAPH. Handling time: 0. Response time: 0.
[NX v21.3.6 Daemon Server] - 2025-12-08T19:25:19.008Z - [REQUEST]: Responding to the client. handleRunPreTasksExecution
[NX v21.3.6 Daemon Server] - 2025-12-08T19:25:19.008Z - Done responding to the client handleRunPreTasksExecution
[NX v21.3.6 Daemon Server] - 2025-12-08T19:25:19.008Z - Handled PRE_TASKS_EXECUTION. Handling time: 0. Response time: 0.
[NX v21.3.6 Daemon Server] - 2025-12-08T19:25:19.008Z - Time taken for 'preTasksExecution' 0.047958000001017353ms
[NX v21.3.6 Daemon Server] - 2025-12-08T19:25:19.029Z - Reusing in-memory cached project graph because no files changed.
DEBUG nx::native::tasks::task_hasher: plan length: 1
DEBUG nx::native::tasks::hashers::hash_workspace_files: Hashing workspace fileset{cache_key="nx.json,.gitignore,.nxignore"}: Adding "5409149420400058781" (".gitignore") to hash
DEBUG nx::native::tasks::hashers::hash_workspace_files: Hashing workspace fileset{cache_key="nx.json,.gitignore,.nxignore"}: Adding "12797169426189441415" ("nx.json") to hash
DEBUG nx::native::tasks::hashers::hash_workspace_files: Hashing workspace fileset{cache_key="nx.json,.gitignore,.nxignore"}: Hash Value: "15943364904326140788"
[NX v21.3.6 Daemon Server] - 2025-12-08T19:25:19.030Z - [REQUEST]: Responding to the client. handleHashTasks
[NX v21.3.6 Daemon Server] - 2025-12-08T19:25:19.030Z - Done responding to the client handleHashTasks
[NX v21.3.6 Daemon Server] - 2025-12-08T19:25:19.030Z - Handled HASH_TASKS. Handling time: 1. Response time: 0.
[NX v21.3.6 Daemon Server] - 2025-12-08T19:25:19.058Z - [REQUEST]: Responding to the client. handleGetEstimatedTaskTimings
[NX v21.3.6 Daemon Server] - 2025-12-08T19:25:19.058Z - Done responding to the client handleGetEstimatedTaskTimings
[NX v21.3.6 Daemon Server] - 2025-12-08T19:25:19.058Z - Handled GET_ESTIMATED_TASK_TIMINGS. Handling time: 0. Response time: 0.
[NX v21.3.6 Daemon Server] - 2025-12-08T19:25:19.418Z - [WATCHER]: Processing file changes in outputs
[NX v21.3.6 Daemon Server] - 2025-12-08T19:25:19.423Z - Established a connection. Number of open connections: 4
[NX v21.3.6 Daemon Server] - 2025-12-08T19:25:19.424Z - Closed a connection. Number of open connections: 3
[NX v21.3.6 Daemon Server] - 2025-12-08T19:25:19.424Z - Established a connection. Number of open connections: 4
[NX v21.3.6 Daemon Server] - 2025-12-08T19:25:19.424Z - [REQUEST]: Client Request for Project Graph Received
[NX v21.3.6 Daemon Server] - 2025-12-08T19:25:19.424Z - Reusing in-memory cached project graph because no files changed.
[NX v21.3.6 Daemon Server] - 2025-12-08T19:25:19.424Z - [REQUEST]: Responding to the client. project-graph
[NX v21.3.6 Daemon Server] - 2025-12-08T19:25:19.424Z - Time taken for 'total for creating and serializing project graph' 0.10250000000087311ms
[NX v21.3.6 Daemon Server] - 2025-12-08T19:25:19.425Z - Done responding to the client project-graph
[NX v21.3.6 Daemon Server] - 2025-12-08T19:25:19.425Z - Handled REQUEST_PROJECT_GRAPH. Handling time: 0. Response time: 1.
[NX v21.3.6 Daemon Server] - 2025-12-08T19:25:19.488Z - [WATCHER]: Processing file changes in outputs
[NX v21.3.6 Daemon Server] - 2025-12-08T19:25:20.927Z - [WATCHER]: Processing file changes in outputs
[NX v21.3.6 Daemon Server] - 2025-12-08T19:25:20.985Z - [WATCHER]: Processing file changes in outputs
[NX v21.3.6 Daemon Server] - 2025-12-08T19:25:21.044Z - [WATCHER]: Processing file changes in outputs
[NX v21.3.6 Daemon Server] - 2025-12-08T19:25:21.098Z - [WATCHER]: Processing file changes in outputs
[NX v21.3.6 Daemon Server] - 2025-12-08T19:25:21.151Z - [WATCHER]: Processing file changes in outputs
[NX v21.3.6 Daemon Server] - 2025-12-08T19:25:21.190Z - [WATCHER]: apps/miles/tsconfig.federation.json was created or restored
[NX v21.3.6 Daemon Server] - 2025-12-08T19:25:21.291Z - [REQUEST]: Updated workspace context based on watched changes, recomputing project graph...
[NX v21.3.6 Daemon Server] - 2025-12-08T19:25:21.291Z - [REQUEST]: apps/miles/tsconfig.federation.json
[NX v21.3.6 Daemon Server] - 2025-12-08T19:25:21.291Z - [REQUEST]: 
Time for 'nx/js/dependencies-and-lockfile:createNodes' 0.033792000000175904
[NX v21.3.6 Daemon Server] - 2025-12-08T19:25:21.292Z - Time taken for 'hash changed files from watcher' 0.16479100000105973ms
Time for 'nx/core/package-json:createNodes' 0.16600000000107684
Time for 'nx/core/project-json:createNodes' 0.23479200000110723
[NX v21.3.6 Daemon Server] - 2025-12-08T19:25:21.293Z - Time taken for 'build-project-configs' 1.142707999999402ms
Time for 'build typescript dependencies' 0.1961249999985739
[NX v21.3.6 Daemon Server] - 2025-12-08T19:25:21.295Z - Wrote project graph cache to /Users/manfredsteyer/projects/trainings/flight-app/.nx/workspace-data/project-graph.json
[NX v21.3.6 Daemon Server] - 2025-12-08T19:25:21.295Z - [SYNC]: collect registered sync generators
[NX v21.3.6 Daemon Server] - 2025-12-08T19:25:21.295Z - [SYNC]: project graph hash is the same, not collecting task sync generators
[NX v21.3.6 Daemon Server] - 2025-12-08T19:25:21.295Z - [SYNC]: nx.json hash is the same, not collecting global sync generators
[NX v21.3.6 Daemon Server] - 2025-12-08T19:25:21.295Z - Time taken for 'total execution time for createProjectGraph()' 1.3130830000009155ms
[NX v21.3.6 Daemon Server] - 2025-12-08T19:25:22.185Z - [WATCHER]: Processing file changes in outputs
[NX v21.3.6 Daemon Server] - 2025-12-08T19:25:22.682Z - [WATCHER]: apps/miles/tsconfig.federation.json was modified
[NX v21.3.6 Daemon Server] - 2025-12-08T19:25:22.682Z - [WATCHER]: Processing file changes in outputs
[NX v21.3.6 Daemon Server] - 2025-12-08T19:25:22.883Z - [REQUEST]: Updated workspace context based on watched changes, recomputing project graph...
[NX v21.3.6 Daemon Server] - 2025-12-08T19:25:22.883Z - [REQUEST]: apps/miles/tsconfig.federation.json
[NX v21.3.6 Daemon Server] - 2025-12-08T19:25:22.883Z - [REQUEST]: 
Time for 'nx/js/dependencies-and-lockfile:createNodes' 0.03499999999985448
[NX v21.3.6 Daemon Server] - 2025-12-08T19:25:22.884Z - Time taken for 'hash changed files from watcher' 0.160874999999578ms
Time for 'nx/core/project-json:createNodes' 0.3878339999992022
Time for 'nx/core/package-json:createNodes' 0.540791999999783
[NX v21.3.6 Daemon Server] - 2025-12-08T19:25:22.886Z - Time taken for 'build-project-configs' 1.4146249999994325ms
Time for 'build typescript dependencies' 0.2078750000000582
[NX v21.3.6 Daemon Server] - 2025-12-08T19:25:22.888Z - Wrote project graph cache to /Users/manfredsteyer/projects/trainings/flight-app/.nx/workspace-data/project-graph.json
[NX v21.3.6 Daemon Server] - 2025-12-08T19:25:22.888Z - [SYNC]: collect registered sync generators
[NX v21.3.6 Daemon Server] - 2025-12-08T19:25:22.888Z - [SYNC]: project graph hash is the same, not collecting task sync generators
[NX v21.3.6 Daemon Server] - 2025-12-08T19:25:22.888Z - [SYNC]: nx.json hash is the same, not collecting global sync generators
[NX v21.3.6 Daemon Server] - 2025-12-08T19:25:22.888Z - Time taken for 'total execution time for createProjectGraph()' 1.4189580000002024ms
[NX v21.3.6 Daemon Server] - 2025-12-08T19:25:26.860Z - [WATCHER]: Processing file changes in outputs
[NX v21.3.6 Daemon Server] - 2025-12-08T19:25:26.912Z - [WATCHER]: Processing file changes in outputs
[NX v21.3.6 Daemon Server] - 2025-12-08T19:25:26.968Z - [WATCHER]: Processing file changes in outputs
[NX v21.3.6 Daemon Server] - 2025-12-08T19:25:27.019Z - [WATCHER]: Processing file changes in outputs
[NX v21.3.6 Daemon Server] - 2025-12-08T19:25:27.076Z - [WATCHER]: Processing file changes in outputs
[NX v21.3.6 Daemon Server] - 2025-12-08T19:25:27.127Z - [WATCHER]: Processing file changes in outputs
[NX v21.3.6 Daemon Server] - 2025-12-08T19:25:27.178Z - [WATCHER]: Processing file changes in outputs
[NX v21.3.6 Daemon Server] - 2025-12-08T19:25:27.230Z - [WATCHER]: Processing file changes in outputs
[NX v21.3.6 Daemon Server] - 2025-12-08T19:25:27.281Z - [WATCHER]: Processing file changes in outputs
[NX v21.3.6 Daemon Server] - 2025-12-08T19:25:27.332Z - [WATCHER]: Processing file changes in outputs
[NX v21.3.6 Daemon Server] - 2025-12-08T19:25:27.384Z - [WATCHER]: Processing file changes in outputs
[NX v21.3.6 Daemon Server] - 2025-12-08T19:25:27.434Z - [WATCHER]: Processing file changes in outputs
[NX v21.3.6 Daemon Server] - 2025-12-08T19:25:27.485Z - [WATCHER]: Processing file changes in outputs
[NX v21.3.6 Daemon Server] - 2025-12-08T19:25:27.536Z - [WATCHER]: Processing file changes in outputs
[NX v21.3.6 Daemon Server] - 2025-12-08T19:25:31.056Z - [WATCHER]: Processing file changes in outputs
[NX v21.3.6 Daemon Server] - 2025-12-08T19:25:31.413Z - [WATCHER]: Processing file changes in outputs
[NX v21.3.6 Daemon Server] - 2025-12-08T19:25:32.096Z - [WATCHER]: Processing file changes in outputs
[NX v21.3.6 Daemon Server] - 2025-12-08T19:25:33.696Z - Established a connection. Number of open connections: 5
[NX v21.3.6 Daemon Server] - 2025-12-08T19:25:33.697Z - Established a connection. Number of open connections: 6
[NX v21.3.6 Daemon Server] - 2025-12-08T19:25:33.697Z - Closed a connection. Number of open connections: 5
[NX v21.3.6 Daemon Server] - 2025-12-08T19:25:33.697Z - Established a connection. Number of open connections: 6
[NX v21.3.6 Daemon Server] - 2025-12-08T19:25:33.698Z - Closed a connection. Number of open connections: 5
[NX v21.3.6 Daemon Server] - 2025-12-08T19:25:33.698Z - [REQUEST]: Client Request for Project Graph Received
[NX v21.3.6 Daemon Server] - 2025-12-08T19:25:33.699Z - Reusing in-memory cached project graph because no files changed.
[NX v21.3.6 Daemon Server] - 2025-12-08T19:25:33.699Z - [REQUEST]: Responding to the client. project-graph
[NX v21.3.6 Daemon Server] - 2025-12-08T19:25:33.699Z - Time taken for 'total for creating and serializing project graph' 0.5973750000011933ms
[NX v21.3.6 Daemon Server] - 2025-12-08T19:25:33.700Z - Done responding to the client project-graph
[NX v21.3.6 Daemon Server] - 2025-12-08T19:25:33.700Z - Handled REQUEST_PROJECT_GRAPH. Handling time: 1. Response time: 1.
[NX v21.3.6 Daemon Server] - 2025-12-08T19:25:33.701Z - [REQUEST]: Responding to the client. handleContextFileData
[NX v21.3.6 Daemon Server] - 2025-12-08T19:25:33.702Z - Done responding to the client handleContextFileData
[NX v21.3.6 Daemon Server] - 2025-12-08T19:25:33.702Z - Handled GET_CONTEXT_FILE_DATA. Handling time: 0. Response time: 1.
[NX v21.3.6 Daemon Server] - 2025-12-08T19:25:33.703Z - Closed a connection. Number of open connections: 4
[NX v21.3.6 Daemon Server] - 2025-12-08T19:25:34.002Z - Established a connection. Number of open connections: 5
[NX v21.3.6 Daemon Server] - 2025-12-08T19:25:34.003Z - Established a connection. Number of open connections: 6
[NX v21.3.6 Daemon Server] - 2025-12-08T19:25:34.003Z - Closed a connection. Number of open connections: 5
[NX v21.3.6 Daemon Server] - 2025-12-08T19:25:34.004Z - Established a connection. Number of open connections: 6
[NX v21.3.6 Daemon Server] - 2025-12-08T19:25:34.004Z - Closed a connection. Number of open connections: 5
[NX v21.3.6 Daemon Server] - 2025-12-08T19:25:34.009Z - [REQUEST]: Client Request for Project Graph Received
[NX v21.3.6 Daemon Server] - 2025-12-08T19:25:34.010Z - Reusing in-memory cached project graph because no files changed.
[NX v21.3.6 Daemon Server] - 2025-12-08T19:25:34.010Z - [REQUEST]: Responding to the client. project-graph
[NX v21.3.6 Daemon Server] - 2025-12-08T19:25:34.010Z - Time taken for 'total for creating and serializing project graph' 1.3249999999970896ms
[NX v21.3.6 Daemon Server] - 2025-12-08T19:25:34.012Z - Done responding to the client project-graph
[NX v21.3.6 Daemon Server] - 2025-12-08T19:25:34.012Z - Handled REQUEST_PROJECT_GRAPH. Handling time: 1. Response time: 2.
[NX v21.3.6 Daemon Server] - 2025-12-08T19:25:34.013Z - [REQUEST]: Client Request for Project Graph Received
[NX v21.3.6 Daemon Server] - 2025-12-08T19:25:34.013Z - Reusing in-memory cached project graph because no files changed.
[NX v21.3.6 Daemon Server] - 2025-12-08T19:25:34.013Z - [REQUEST]: Responding to the client. project-graph
[NX v21.3.6 Daemon Server] - 2025-12-08T19:25:34.013Z - Time taken for 'total for creating and serializing project graph' 0.4914580000004207ms
[NX v21.3.6 Daemon Server] - 2025-12-08T19:25:34.014Z - Done responding to the client project-graph
[NX v21.3.6 Daemon Server] - 2025-12-08T19:25:34.014Z - Handled REQUEST_PROJECT_GRAPH. Handling time: 0. Response time: 1.
[NX v21.3.6 Daemon Server] - 2025-12-08T19:25:34.014Z - Established a connection. Number of open connections: 6
[NX v21.3.6 Daemon Server] - 2025-12-08T19:25:53.527Z - [REQUEST]: Responding to the client. recordOutputsHash
[NX v21.3.6 Daemon Server] - 2025-12-08T19:25:53.527Z - Done responding to the client recordOutputsHash
[NX v21.3.6 Daemon Server] - 2025-12-08T19:25:53.527Z - Handled RECORD_OUTPUTS_HASH. Handling time: 1. Response time: 0.
[NX v21.3.6 Daemon Server] - 2025-12-08T19:25:53.532Z - [REQUEST]: Responding to the client. handleRecordTaskRuns
[NX v21.3.6 Daemon Server] - 2025-12-08T19:25:53.532Z - Done responding to the client handleRecordTaskRuns
[NX v21.3.6 Daemon Server] - 2025-12-08T19:25:53.532Z - Handled RECORD_TASK_RUNS. Handling time: 1. Response time: 0.
[NX v21.3.6 Daemon Server] - 2025-12-08T19:25:53.532Z - [REQUEST]: Responding to the client. handleGetFlakyTasks
[NX v21.3.6 Daemon Server] - 2025-12-08T19:25:53.532Z - Done responding to the client handleGetFlakyTasks
[NX v21.3.6 Daemon Server] - 2025-12-08T19:25:53.532Z - Handled GET_FLAKY_TASKS. Handling time: 0. Response time: 0.
[NX v21.3.6 Daemon Server] - 2025-12-08T19:25:53.552Z - Closed a connection. Number of open connections: 5
[NX v21.3.6 Daemon Server] - 2025-12-08T19:25:53.695Z - [REQUEST]: Responding to the client. handleRunPostTasksExecution
[NX v21.3.6 Daemon Server] - 2025-12-08T19:25:53.695Z - Done responding to the client handleRunPostTasksExecution
[NX v21.3.6 Daemon Server] - 2025-12-08T19:25:53.695Z - Handled POST_TASKS_EXECUTION. Handling time: 0. Response time: 0.
[NX v21.3.6 Daemon Server] - 2025-12-08T19:25:53.695Z - Time taken for 'postTasksExecution' 0.15662500000325963ms
[NX v21.3.6 Daemon Server] - 2025-12-08T19:25:53.700Z - Closed a connection. Number of open connections: 4
[NX v21.3.6 Daemon Server] - 2025-12-08T19:25:55.141Z - [REQUEST]: Responding to the client. recordOutputsHash
[NX v21.3.6 Daemon Server] - 2025-12-08T19:25:55.141Z - Done responding to the client recordOutputsHash
[NX v21.3.6 Daemon Server] - 2025-12-08T19:25:55.141Z - Handled RECORD_OUTPUTS_HASH. Handling time: 0. Response time: 0.
[NX v21.3.6 Daemon Server] - 2025-12-08T19:25:55.145Z - [REQUEST]: Responding to the client. handleRecordTaskRuns
[NX v21.3.6 Daemon Server] - 2025-12-08T19:25:55.145Z - Done responding to the client handleRecordTaskRuns
[NX v21.3.6 Daemon Server] - 2025-12-08T19:25:55.145Z - Handled RECORD_TASK_RUNS. Handling time: 1. Response time: 0.
[NX v21.3.6 Daemon Server] - 2025-12-08T19:25:55.145Z - [REQUEST]: Responding to the client. handleGetFlakyTasks
[NX v21.3.6 Daemon Server] - 2025-12-08T19:25:55.145Z - Done responding to the client handleGetFlakyTasks
[NX v21.3.6 Daemon Server] - 2025-12-08T19:25:55.145Z - Handled GET_FLAKY_TASKS. Handling time: 0. Response time: 0.
[NX v21.3.6 Daemon Server] - 2025-12-08T19:25:55.164Z - Closed a connection. Number of open connections: 3
[NX v21.3.6 Daemon Server] - 2025-12-08T19:25:55.299Z - [REQUEST]: Responding to the client. handleRunPostTasksExecution
[NX v21.3.6 Daemon Server] - 2025-12-08T19:25:55.299Z - Done responding to the client handleRunPostTasksExecution
[NX v21.3.6 Daemon Server] - 2025-12-08T19:25:55.299Z - Handled POST_TASKS_EXECUTION. Handling time: 0. Response time: 0.
[NX v21.3.6 Daemon Server] - 2025-12-08T19:25:55.299Z - Time taken for 'postTasksExecution' 0.12012500000128057ms
[NX v21.3.6 Daemon Server] - 2025-12-08T19:25:55.307Z - Closed a connection. Number of open connections: 2
[NX v21.3.6 Daemon Server] - 2025-12-08T19:26:10.892Z - [WATCHER]: 1 file(s) created or restored, 0 file(s) modified, 1 file(s) deleted
[NX v21.3.6 Daemon Server] - 2025-12-08T19:26:10.894Z - [REQUEST]: Responding to the client. File watch changed
[NX v21.3.6 Daemon Server] - 2025-12-08T19:26:10.894Z - Done responding to the client File watch changed
[NX v21.3.6 Daemon Server] - 2025-12-08T19:26:10.894Z - Handled FILE-WATCH-CHANGED. Handling time: 0. Response time: 0.
[NX v21.3.6 Daemon Server] - 2025-12-08T19:26:10.894Z - [WATCHER]: Processing file changes in outputs
[NX v21.3.6 Daemon Server] - 2025-12-08T19:26:10.895Z - Time taken for 'changed-projects' 0.29545800000050804ms
[NX v21.3.6 Daemon Server] - 2025-12-08T19:26:10.967Z - [WATCHER]: 231 file(s) created or restored, 0 file(s) modified, 216 file(s) deleted
[NX v21.3.6 Daemon Server] - 2025-12-08T19:26:10.969Z - [REQUEST]: Responding to the client. File watch changed
Error [ERR_STREAM_DESTROYED]: Cannot call write after a stream was destroyed
    at _write (node:internal/streams/writable:489:11)
    at Writable.write (node:internal/streams/writable:508:10)
    at /Users/manfredsteyer/projects/trainings/flight-app/node_modules/nx/src/daemon/server/shutdown-utils.js:73:16
    at new Promise (<anonymous>)
    at respondToClient (/Users/manfredsteyer/projects/trainings/flight-app/node_modules/nx/src/daemon/server/shutdown-utils.js:69:12)
    at handleResult (/Users/manfredsteyer/projects/trainings/flight-app/node_modules/nx/src/daemon/server/server.js:198:52)
    at process.processTicksAndRejections (node:internal/process/task_queues:103:5)
    at async Promise.all (index 0)
    at async /Users/manfredsteyer/projects/trainings/flight-app/node_modules/nx/src/daemon/server/file-watching/file-watcher-sockets.js:27:9
    at async /Users/manfredsteyer/projects/trainings/flight-app/node_modules/nx/src/utils/promised-based-queue.js:19:21 {
  code: 'ERR_STREAM_DESTROYED'
}
[NX v21.3.6 Daemon Server] - 2025-12-08T19:26:10.969Z - Done responding to the client File watch changed
[NX v21.3.6 Daemon Server] - 2025-12-08T19:26:10.969Z - Handled FILE-WATCH-CHANGED. Handling time: 0. Response time: 0.
[NX v21.3.6 Daemon Server] - 2025-12-08T19:26:10.970Z - [WATCHER]: Processing file changes in outputs
[NX v21.3.6 Daemon Server] - 2025-12-08T19:26:10.970Z - Time taken for 'changed-projects' 0.1047919999982696ms
[NX v21.3.6 Daemon Server] - 2025-12-08T19:26:10.970Z - Closed a connection. Number of open connections: 1
[NX v21.3.6 Daemon Server] - 2025-12-08T19:26:10.970Z - Closed a connection. Number of open connections: 0
[NX v21.3.6 Daemon Server] - 2025-12-08T19:26:10.970Z - [WATCHER]: Stopping the watcher for /Users/manfredsteyer/projects/trainings/flight-app (sources)
[NX v21.3.6 Daemon Server] - 2025-12-08T19:26:10.970Z - [WATCHER]: Stopping the watcher for /Users/manfredsteyer/projects/trainings/flight-app (outputs)
[NX v21.3.6 Daemon Server] - 2025-12-08T19:26:10.972Z - Server stopped because: "Stopping the daemon the set of ignored files changed (native)"
[NX v21.3.6 Daemon Server] - 2025-12-08T19:26:22.529Z - Started listening on: /private/var/folders/90/xlgjf5ms3ql9v9y8n8m3vgjh0000gn/T/49183e68a8dacc8c509e/d.sock
[NX v21.3.6 Daemon Server] - 2025-12-08T19:26:22.530Z - [WATCHER]: Subscribed to changes within: /Users/manfredsteyer/projects/trainings/flight-app (native)
[NX v21.3.6 Daemon Server] - 2025-12-08T19:26:22.538Z - Established a connection. Number of open connections: 1
[NX v21.3.6 Daemon Server] - 2025-12-08T19:26:22.539Z - Closed a connection. Number of open connections: 0
[NX v21.3.6 Daemon Server] - 2025-12-08T19:26:22.545Z - Established a connection. Number of open connections: 1
[NX v21.3.6 Daemon Server] - 2025-12-08T19:26:22.545Z - Established a connection. Number of open connections: 2
[NX v21.3.6 Daemon Server] - 2025-12-08T19:26:22.545Z - Closed a connection. Number of open connections: 1
[NX v21.3.6 Daemon Server] - 2025-12-08T19:26:22.546Z - [REQUEST]: Client Request for Project Graph Received
[NX v21.3.6 Daemon Server] - 2025-12-08T19:26:22.549Z - Time taken for 'loadSpecifiedNxPlugins' 1.2874999999999943ms
Time for 'plugin worker 43765 code loading' 1.7831670000000006
Time for 'plugin worker 43763 code loading' 1.7754999999999992
Time for 'plugin worker 43764 code loading' 1.7696660000000008
[NX v21.3.6 Daemon Server] - 2025-12-08T19:26:22.592Z - [WATCHER]: Processing file changes in outputs
[NX v21.3.6 Daemon Server] - 2025-12-08T19:26:22.618Z - Time taken for 'Load Nx Plugin: /Users/manfredsteyer/projects/trainings/flight-app/node_modules/nx/src/plugins/project-json/build-nodes/project-json' 71.29374999999999ms
[NX v21.3.6 Daemon Server] - 2025-12-08T19:26:22.620Z - Time taken for 'Load Nx Plugin: /Users/manfredsteyer/projects/trainings/flight-app/node_modules/nx/src/plugins/package-json' 72.99987499999999ms
[NX v21.3.6 Daemon Server] - 2025-12-08T19:26:22.631Z - [REQUEST]: Updated workspace context based on watched changes, recomputing project graph...
[NX v21.3.6 Daemon Server] - 2025-12-08T19:26:22.631Z - [REQUEST]: 
[NX v21.3.6 Daemon Server] - 2025-12-08T19:26:22.631Z - [REQUEST]: 
[NX v21.3.6 Daemon Server] - 2025-12-08T19:26:22.632Z - No files changed, but no in-memory cached project graph found. Recomputing it...
Time for 'nx/js/dependencies-and-lockfile:createNodes' 0.08075000000000898
[NX v21.3.6 Daemon Server] - 2025-12-08T19:26:22.635Z - Time taken for 'loadDefaultNxPlugins' 85.00904200000001ms
Time for 'nx/core/package-json:createNodes' 0.41712499999999864
Time for 'nx/core/project-json:createNodes' 0.5245000000000033
[NX v21.3.6 Daemon Server] - 2025-12-08T19:26:22.654Z - Time taken for 'build-project-configs' 12.952957999999995ms
Time for 'build typescript dependencies' 127.16512499999999
[NX v21.3.6 Daemon Server] - 2025-12-08T19:26:22.786Z - Wrote project graph cache to /Users/manfredsteyer/projects/trainings/flight-app/.nx/workspace-data/project-graph.json
[NX v21.3.6 Daemon Server] - 2025-12-08T19:26:22.786Z - [SYNC]: collect registered sync generators
[NX v21.3.6 Daemon Server] - 2025-12-08T19:26:22.786Z - [REQUEST]: Responding to the client. project-graph
[NX v21.3.6 Daemon Server] - 2025-12-08T19:26:22.787Z - Time taken for 'total for creating and serializing project graph' 240.566666ms
[NX v21.3.6 Daemon Server] - 2025-12-08T19:26:22.787Z - Done responding to the client project-graph
[NX v21.3.6 Daemon Server] - 2025-12-08T19:26:22.787Z - Handled REQUEST_PROJECT_GRAPH. Handling time: 241. Response time: 1.
[NX v21.3.6 Daemon Server] - 2025-12-08T19:26:22.788Z - [REQUEST]: Responding to the client. handleContextFileData
[NX v21.3.6 Daemon Server] - 2025-12-08T19:26:22.788Z - Done responding to the client handleContextFileData
[NX v21.3.6 Daemon Server] - 2025-12-08T19:26:22.788Z - Handled GET_CONTEXT_FILE_DATA. Handling time: 0. Response time: 0.
[NX v21.3.6 Daemon Server] - 2025-12-08T19:26:22.789Z - Closed a connection. Number of open connections: 0
[NX v21.3.6 Daemon Server] - 2025-12-08T19:26:23.076Z - Established a connection. Number of open connections: 1
[NX v21.3.6 Daemon Server] - 2025-12-08T19:26:23.076Z - Established a connection. Number of open connections: 2
[NX v21.3.6 Daemon Server] - 2025-12-08T19:26:23.076Z - Closed a connection. Number of open connections: 1
[NX v21.3.6 Daemon Server] - 2025-12-08T19:26:23.076Z - Established a connection. Number of open connections: 2
[NX v21.3.6 Daemon Server] - 2025-12-08T19:26:23.076Z - Closed a connection. Number of open connections: 1
[NX v21.3.6 Daemon Server] - 2025-12-08T19:26:23.076Z - [REQUEST]: Client Request for Project Graph Received
[NX v21.3.6 Daemon Server] - 2025-12-08T19:26:23.076Z - Reusing in-memory cached project graph because no files changed.
[NX v21.3.6 Daemon Server] - 2025-12-08T19:26:23.076Z - [REQUEST]: Responding to the client. project-graph
[NX v21.3.6 Daemon Server] - 2025-12-08T19:26:23.076Z - Time taken for 'total for creating and serializing project graph' 0.09708299999999781ms
[NX v21.3.6 Daemon Server] - 2025-12-08T19:26:23.076Z - Done responding to the client project-graph
[NX v21.3.6 Daemon Server] - 2025-12-08T19:26:23.076Z - Handled REQUEST_PROJECT_GRAPH. Handling time: 0. Response time: 0.
[NX v21.3.6 Daemon Server] - 2025-12-08T19:26:23.077Z - [REQUEST]: Client Request for Project Graph Received
[NX v21.3.6 Daemon Server] - 2025-12-08T19:26:23.077Z - Reusing in-memory cached project graph because no files changed.
[NX v21.3.6 Daemon Server] - 2025-12-08T19:26:23.077Z - [REQUEST]: Responding to the client. project-graph
[NX v21.3.6 Daemon Server] - 2025-12-08T19:26:23.077Z - Time taken for 'total for creating and serializing project graph' 0.059082999999986896ms
[NX v21.3.6 Daemon Server] - 2025-12-08T19:26:23.077Z - Done responding to the client project-graph
[NX v21.3.6 Daemon Server] - 2025-12-08T19:26:23.077Z - Handled REQUEST_PROJECT_GRAPH. Handling time: 0. Response time: 0.
[NX v21.3.6 Daemon Server] - 2025-12-08T19:26:23.077Z - Established a connection. Number of open connections: 2
[NX v21.3.6 Daemon Server] - 2025-12-08T19:27:36.082Z - [WATCHER]: apps/checkin/src/main.ts was modified
[NX v21.3.6 Daemon Server] - 2025-12-08T19:27:36.084Z - [REQUEST]: Responding to the client. File watch changed
[NX v21.3.6 Daemon Server] - 2025-12-08T19:27:36.084Z - Done responding to the client File watch changed
[NX v21.3.6 Daemon Server] - 2025-12-08T19:27:36.084Z - Handled FILE-WATCH-CHANGED. Handling time: 0. Response time: 0.
[NX v21.3.6 Daemon Server] - 2025-12-08T19:27:36.084Z - [WATCHER]: Processing file changes in outputs
[NX v21.3.6 Daemon Server] - 2025-12-08T19:27:36.084Z - Time taken for 'changed-projects' 0.28399999999965075ms
[NX v21.3.6 Daemon Server] - 2025-12-08T19:27:36.183Z - [REQUEST]: Updated workspace context based on watched changes, recomputing project graph...
[NX v21.3.6 Daemon Server] - 2025-12-08T19:27:36.184Z - [REQUEST]: apps/checkin/src/main.ts
[NX v21.3.6 Daemon Server] - 2025-12-08T19:27:36.184Z - [REQUEST]: 
[NX v21.3.6 Daemon Server] - 2025-12-08T19:27:36.185Z - Time taken for 'hash changed files from watcher' 0.15099999999802094ms
Time for 'nx/js/dependencies-and-lockfile:createNodes' 0.14883299999928568
Time for 'nx/core/package-json:createNodes' 0.4726670000090962
Time for 'nx/core/project-json:createNodes' 4.17433299998811
[NX v21.3.6 Daemon Server] - 2025-12-08T19:27:36.192Z - Time taken for 'build-project-configs' 6.65274999999383ms
Time for 'build typescript dependencies' 0.9045840000035241
[NX v21.3.6 Daemon Server] - 2025-12-08T19:27:36.196Z - Wrote project graph cache to /Users/manfredsteyer/projects/trainings/flight-app/.nx/workspace-data/project-graph.json
[NX v21.3.6 Daemon Server] - 2025-12-08T19:27:36.197Z - [SYNC]: collect registered sync generators
[NX v21.3.6 Daemon Server] - 2025-12-08T19:27:36.197Z - [SYNC]: project graph hash is the same, not collecting task sync generators
[NX v21.3.6 Daemon Server] - 2025-12-08T19:27:36.197Z - [SYNC]: nx.json hash is the same, not collecting global sync generators
[NX v21.3.6 Daemon Server] - 2025-12-08T19:27:36.197Z - Time taken for 'total execution time for createProjectGraph()' 3.1048330000048736ms
[NX v21.3.6 Daemon Server] - 2025-12-08T19:27:40.575Z - [WATCHER]: apps/checkin/src/main.ts was modified
[NX v21.3.6 Daemon Server] - 2025-12-08T19:27:40.576Z - [REQUEST]: Responding to the client. File watch changed
[NX v21.3.6 Daemon Server] - 2025-12-08T19:27:40.576Z - Done responding to the client File watch changed
[NX v21.3.6 Daemon Server] - 2025-12-08T19:27:40.576Z - Handled FILE-WATCH-CHANGED. Handling time: 0. Response time: 0.
[NX v21.3.6 Daemon Server] - 2025-12-08T19:27:40.576Z - [WATCHER]: Processing file changes in outputs
[NX v21.3.6 Daemon Server] - 2025-12-08T19:27:40.576Z - Time taken for 'changed-projects' 0.12758299999404699ms
[NX v21.3.6 Daemon Server] - 2025-12-08T19:27:40.775Z - [REQUEST]: Updated workspace context based on watched changes, recomputing project graph...
[NX v21.3.6 Daemon Server] - 2025-12-08T19:27:40.775Z - [REQUEST]: apps/checkin/src/main.ts
[NX v21.3.6 Daemon Server] - 2025-12-08T19:27:40.775Z - [REQUEST]: 
Time for 'nx/js/dependencies-and-lockfile:createNodes' 0.04200000000128057
[NX v21.3.6 Daemon Server] - 2025-12-08T19:27:40.777Z - Time taken for 'hash changed files from watcher' 0.16012499999487773ms
Time for 'nx/core/package-json:createNodes' 0.20954199999687262
Time for 'nx/core/project-json:createNodes' 0.3240829999995185
[NX v21.3.6 Daemon Server] - 2025-12-08T19:27:40.779Z - Time taken for 'build-project-configs' 2.026125000003958ms
Time for 'build typescript dependencies' 0.6927080000023125
[NX v21.3.6 Daemon Server] - 2025-12-08T19:27:40.783Z - Wrote project graph cache to /Users/manfredsteyer/projects/trainings/flight-app/.nx/workspace-data/project-graph.json
[NX v21.3.6 Daemon Server] - 2025-12-08T19:27:40.783Z - [SYNC]: collect registered sync generators
[NX v21.3.6 Daemon Server] - 2025-12-08T19:27:40.783Z - [SYNC]: project graph hash is the same, not collecting task sync generators
[NX v21.3.6 Daemon Server] - 2025-12-08T19:27:40.783Z - [SYNC]: nx.json hash is the same, not collecting global sync generators
[NX v21.3.6 Daemon Server] - 2025-12-08T19:27:40.783Z - Time taken for 'total execution time for createProjectGraph()' 2.142166999998153ms
[NX v21.3.6 Daemon Server] - 2025-12-08T19:27:43.350Z - [WATCHER]: apps/checkin/src/main.ts was modified
[NX v21.3.6 Daemon Server] - 2025-12-08T19:27:43.351Z - [REQUEST]: Responding to the client. File watch changed
[NX v21.3.6 Daemon Server] - 2025-12-08T19:27:43.351Z - Done responding to the client File watch changed
[NX v21.3.6 Daemon Server] - 2025-12-08T19:27:43.351Z - Handled FILE-WATCH-CHANGED. Handling time: 0. Response time: 0.
[NX v21.3.6 Daemon Server] - 2025-12-08T19:27:43.351Z - [WATCHER]: Processing file changes in outputs
[NX v21.3.6 Daemon Server] - 2025-12-08T19:27:43.351Z - Time taken for 'changed-projects' 0.2207079999934649ms
[NX v21.3.6 Daemon Server] - 2025-12-08T19:27:43.751Z - [REQUEST]: Updated workspace context based on watched changes, recomputing project graph...
[NX v21.3.6 Daemon Server] - 2025-12-08T19:27:43.752Z - [REQUEST]: apps/checkin/src/main.ts
[NX v21.3.6 Daemon Server] - 2025-12-08T19:27:43.752Z - [REQUEST]: 
Time for 'nx/js/dependencies-and-lockfile:createNodes' 0.08137499999429565
Time for 'nx/core/package-json:createNodes' 0.45129199999792036
[NX v21.3.6 Daemon Server] - 2025-12-08T19:27:43.756Z - Time taken for 'hash changed files from watcher' 0.7799169999925653ms
Time for 'nx/core/project-json:createNodes' 1.1298329999990528
[NX v21.3.6 Daemon Server] - 2025-12-08T19:27:43.762Z - Time taken for 'build-project-configs' 6.754000000000815ms
Time for 'build typescript dependencies' 0.013291999988723546
[NX v21.3.6 Daemon Server] - 2025-12-08T19:27:43.766Z - Wrote project graph cache to /Users/manfredsteyer/projects/trainings/flight-app/.nx/workspace-data/project-graph.json
[NX v21.3.6 Daemon Server] - 2025-12-08T19:27:43.766Z - [SYNC]: collect registered sync generators
[NX v21.3.6 Daemon Server] - 2025-12-08T19:27:43.766Z - [SYNC]: project graph hash is the same, not collecting task sync generators
[NX v21.3.6 Daemon Server] - 2025-12-08T19:27:43.766Z - [SYNC]: nx.json hash is the same, not collecting global sync generators
[NX v21.3.6 Daemon Server] - 2025-12-08T19:27:43.767Z - Time taken for 'total execution time for createProjectGraph()' 2.6848750000062864ms
[NX v21.3.6 Daemon Server] - 2025-12-08T19:27:52.956Z - [WATCHER]: apps/checkin/src/main.ts was modified
[NX v21.3.6 Daemon Server] - 2025-12-08T19:27:52.956Z - [REQUEST]: Responding to the client. File watch changed
[NX v21.3.6 Daemon Server] - 2025-12-08T19:27:52.956Z - Done responding to the client File watch changed
[NX v21.3.6 Daemon Server] - 2025-12-08T19:27:52.956Z - Handled FILE-WATCH-CHANGED. Handling time: 0. Response time: 0.
[NX v21.3.6 Daemon Server] - 2025-12-08T19:27:52.956Z - [WATCHER]: Processing file changes in outputs
[NX v21.3.6 Daemon Server] - 2025-12-08T19:27:52.957Z - Time taken for 'changed-projects' 0.11366700001235586ms
[NX v21.3.6 Daemon Server] - 2025-12-08T19:27:53.756Z - [REQUEST]: Updated workspace context based on watched changes, recomputing project graph...
[NX v21.3.6 Daemon Server] - 2025-12-08T19:27:53.756Z - [REQUEST]: apps/checkin/src/main.ts
[NX v21.3.6 Daemon Server] - 2025-12-08T19:27:53.756Z - [REQUEST]: 
Time for 'nx/js/dependencies-and-lockfile:createNodes' 0.0338330000085989
[NX v21.3.6 Daemon Server] - 2025-12-08T19:27:53.758Z - Time taken for 'hash changed files from watcher' 0.15441600000485778ms
Time for 'nx/core/package-json:createNodes' 0.18783300000359304
Time for 'nx/core/project-json:createNodes' 0.4021659999998519
[NX v21.3.6 Daemon Server] - 2025-12-08T19:27:53.760Z - Time taken for 'build-project-configs' 1.795165999996243ms
Time for 'build typescript dependencies' 0.006500000003143214
[NX v21.3.6 Daemon Server] - 2025-12-08T19:27:53.761Z - Wrote project graph cache to /Users/manfredsteyer/projects/trainings/flight-app/.nx/workspace-data/project-graph.json
[NX v21.3.6 Daemon Server] - 2025-12-08T19:27:53.761Z - [SYNC]: collect registered sync generators
[NX v21.3.6 Daemon Server] - 2025-12-08T19:27:53.761Z - [SYNC]: project graph hash is the same, not collecting task sync generators
[NX v21.3.6 Daemon Server] - 2025-12-08T19:27:53.761Z - [SYNC]: nx.json hash is the same, not collecting global sync generators
[NX v21.3.6 Daemon Server] - 2025-12-08T19:27:53.761Z - Time taken for 'total execution time for createProjectGraph()' 1.0300419999985024ms
[NX v21.3.6 Daemon Server] - 2025-12-08T19:28:03.963Z - Established a connection. Number of open connections: 3
[NX v21.3.6 Daemon Server] - 2025-12-08T19:28:03.964Z - [REQUEST]: Client Request for Project Graph Received
[NX v21.3.6 Daemon Server] - 2025-12-08T19:28:03.965Z - Reusing in-memory cached project graph because no files changed.
[NX v21.3.6 Daemon Server] - 2025-12-08T19:28:03.965Z - [REQUEST]: Responding to the client. project-graph
[NX v21.3.6 Daemon Server] - 2025-12-08T19:28:03.965Z - Time taken for 'total for creating and serializing project graph' 0.5230000000010477ms
[NX v21.3.6 Daemon Server] - 2025-12-08T19:28:03.965Z - Closed a connection. Number of open connections: 2
[NX v21.3.6 Daemon Server] - 2025-12-08T19:28:03.966Z - Done responding to the client project-graph
[NX v21.3.6 Daemon Server] - 2025-12-08T19:28:03.966Z - Handled REQUEST_PROJECT_GRAPH. Handling time: 1. Response time: 1.
[NX v21.3.6 Daemon Server] - 2025-12-08T19:28:03.968Z - [REQUEST]: Responding to the client. handleContextFileData
[NX v21.3.6 Daemon Server] - 2025-12-08T19:28:03.968Z - Done responding to the client handleContextFileData
[NX v21.3.6 Daemon Server] - 2025-12-08T19:28:03.968Z - Handled GET_CONTEXT_FILE_DATA. Handling time: 1. Response time: 0.
[NX v21.3.6 Daemon Server] - 2025-12-08T19:28:03.969Z - Closed a connection. Number of open connections: 1
[NX v21.3.6 Daemon Server] - 2025-12-08T19:28:04.174Z - Closed a connection. Number of open connections: 0
[NX v21.3.6 Daemon Server] - 2025-12-08T19:28:04.174Z - Established a connection. Number of open connections: 1
[NX v21.3.6 Daemon Server] - 2025-12-08T19:28:04.174Z - Established a connection. Number of open connections: 2
[NX v21.3.6 Daemon Server] - 2025-12-08T19:28:04.175Z - Closed a connection. Number of open connections: 1
[NX v21.3.6 Daemon Server] - 2025-12-08T19:28:04.175Z - Established a connection. Number of open connections: 2
[NX v21.3.6 Daemon Server] - 2025-12-08T19:28:04.175Z - Closed a connection. Number of open connections: 1
[NX v21.3.6 Daemon Server] - 2025-12-08T19:28:04.175Z - [REQUEST]: Client Request for Project Graph Received
[NX v21.3.6 Daemon Server] - 2025-12-08T19:28:04.175Z - Reusing in-memory cached project graph because no files changed.
[NX v21.3.6 Daemon Server] - 2025-12-08T19:28:04.175Z - [REQUEST]: Responding to the client. project-graph
[NX v21.3.6 Daemon Server] - 2025-12-08T19:28:04.175Z - Time taken for 'total for creating and serializing project graph' 0.10966699999698903ms
[NX v21.3.6 Daemon Server] - 2025-12-08T19:28:04.175Z - Done responding to the client project-graph
[NX v21.3.6 Daemon Server] - 2025-12-08T19:28:04.175Z - Handled REQUEST_PROJECT_GRAPH. Handling time: 0. Response time: 0.
[NX v21.3.6 Daemon Server] - 2025-12-08T19:28:04.175Z - [REQUEST]: Client Request for Project Graph Received
[NX v21.3.6 Daemon Server] - 2025-12-08T19:28:04.175Z - Reusing in-memory cached project graph because no files changed.
[NX v21.3.6 Daemon Server] - 2025-12-08T19:28:04.175Z - [REQUEST]: Responding to the client. project-graph
[NX v21.3.6 Daemon Server] - 2025-12-08T19:28:04.175Z - Time taken for 'total for creating and serializing project graph' 0.10120800000731833ms
[NX v21.3.6 Daemon Server] - 2025-12-08T19:28:04.176Z - Done responding to the client project-graph
[NX v21.3.6 Daemon Server] - 2025-12-08T19:28:04.176Z - Handled REQUEST_PROJECT_GRAPH. Handling time: 0. Response time: 1.
[NX v21.3.6 Daemon Server] - 2025-12-08T19:28:04.176Z - Established a connection. Number of open connections: 2
[NX v21.3.6 Daemon Server] - 2025-12-08T19:28:18.626Z - Established a connection. Number of open connections: 3
[NX v21.3.6 Daemon Server] - 2025-12-08T19:28:18.627Z - Closed a connection. Number of open connections: 2
[NX v21.3.6 Daemon Server] - 2025-12-08T19:28:18.627Z - Established a connection. Number of open connections: 3
[NX v21.3.6 Daemon Server] - 2025-12-08T19:28:18.627Z - [REQUEST]: Client Request for Project Graph Received
[NX v21.3.6 Daemon Server] - 2025-12-08T19:28:18.628Z - Reusing in-memory cached project graph because no files changed.
[NX v21.3.6 Daemon Server] - 2025-12-08T19:28:18.628Z - [REQUEST]: Responding to the client. project-graph
[NX v21.3.6 Daemon Server] - 2025-12-08T19:28:18.628Z - Time taken for 'total for creating and serializing project graph' 0.22400000000197906ms
[NX v21.3.6 Daemon Server] - 2025-12-08T19:28:18.629Z - Done responding to the client project-graph
[NX v21.3.6 Daemon Server] - 2025-12-08T19:28:18.629Z - Handled REQUEST_PROJECT_GRAPH. Handling time: 1. Response time: 1.
[NX v21.3.6 Daemon Server] - 2025-12-08T19:28:18.695Z - [WATCHER]: tsconfig.base.json was modified
[NX v21.3.6 Daemon Server] - 2025-12-08T19:28:18.696Z - [REQUEST]: Responding to the client. File watch changed
[NX v21.3.6 Daemon Server] - 2025-12-08T19:28:18.696Z - Done responding to the client File watch changed
[NX v21.3.6 Daemon Server] - 2025-12-08T19:28:18.696Z - Handled FILE-WATCH-CHANGED. Handling time: 0. Response time: 0.
[NX v21.3.6 Daemon Server] - 2025-12-08T19:28:18.696Z - [WATCHER]: Processing file changes in outputs
[NX v21.3.6 Daemon Server] - 2025-12-08T19:28:18.696Z - Time taken for 'changed-projects' 0.3108749999955762ms
[NX v21.3.6 Daemon Server] - 2025-12-08T19:28:18.797Z - [REQUEST]: Updated workspace context based on watched changes, recomputing project graph...
[NX v21.3.6 Daemon Server] - 2025-12-08T19:28:18.797Z - [REQUEST]: tsconfig.base.json
[NX v21.3.6 Daemon Server] - 2025-12-08T19:28:18.797Z - [REQUEST]: 
Time for 'nx/js/dependencies-and-lockfile:createNodes' 0.09091599998646416
Time for 'nx/core/package-json:createNodes' 0.44779199999175034
[NX v21.3.6 Daemon Server] - 2025-12-08T19:28:18.801Z - Time taken for 'hash changed files from watcher' 0.39587500000197906ms
Time for 'nx/core/project-json:createNodes' 1.1585420000046724
[NX v21.3.6 Daemon Server] - 2025-12-08T19:28:18.808Z - Time taken for 'build-project-configs' 6.480292000007466ms
Time for 'build typescript dependencies' 0.0195839999942109
[NX v21.3.6 Daemon Server] - 2025-12-08T19:28:18.812Z - Wrote project graph cache to /Users/manfredsteyer/projects/trainings/flight-app/.nx/workspace-data/project-graph.json
[NX v21.3.6 Daemon Server] - 2025-12-08T19:28:18.813Z - [SYNC]: collect registered sync generators
[NX v21.3.6 Daemon Server] - 2025-12-08T19:28:18.813Z - [SYNC]: project graph hash is the same, not collecting task sync generators
[NX v21.3.6 Daemon Server] - 2025-12-08T19:28:18.813Z - [SYNC]: nx.json hash is the same, not collecting global sync generators
[NX v21.3.6 Daemon Server] - 2025-12-08T19:28:18.813Z - Time taken for 'total execution time for createProjectGraph()' 3.661500000001979ms
[NX v21.3.6 Daemon Server] - 2025-12-08T19:28:19.533Z - Closed a connection. Number of open connections: 2
[NX v21.3.6 Daemon Server] - 2025-12-08T19:28:19.585Z - [WATCHER]: tsconfig.base.json was modified
[NX v21.3.6 Daemon Server] - 2025-12-08T19:28:19.586Z - [REQUEST]: Responding to the client. File watch changed
[NX v21.3.6 Daemon Server] - 2025-12-08T19:28:19.586Z - Done responding to the client File watch changed
[NX v21.3.6 Daemon Server] - 2025-12-08T19:28:19.586Z - Handled FILE-WATCH-CHANGED. Handling time: 0. Response time: 0.
[NX v21.3.6 Daemon Server] - 2025-12-08T19:28:19.586Z - [WATCHER]: Processing file changes in outputs
[NX v21.3.6 Daemon Server] - 2025-12-08T19:28:19.586Z - Time taken for 'changed-projects' 0.12779199999931734ms
[NX v21.3.6 Daemon Server] - 2025-12-08T19:28:19.785Z - [REQUEST]: Updated workspace context based on watched changes, recomputing project graph...
[NX v21.3.6 Daemon Server] - 2025-12-08T19:28:19.786Z - [REQUEST]: tsconfig.base.json
[NX v21.3.6 Daemon Server] - 2025-12-08T19:28:19.786Z - [REQUEST]: 
Time for 'nx/js/dependencies-and-lockfile:createNodes' 0.0846670000028098
[NX v21.3.6 Daemon Server] - 2025-12-08T19:28:19.789Z - Time taken for 'hash changed files from watcher' 0.24204199999803677ms
Time for 'nx/core/package-json:createNodes' 0.5513749999954598
Time for 'nx/core/project-json:createNodes' 0.78125
[NX v21.3.6 Daemon Server] - 2025-12-08T19:28:19.793Z - Time taken for 'build-project-configs' 4.539957999993931ms
Time for 'build typescript dependencies' 0.00841700000455603
[NX v21.3.6 Daemon Server] - 2025-12-08T19:28:19.796Z - Wrote project graph cache to /Users/manfredsteyer/projects/trainings/flight-app/.nx/workspace-data/project-graph.json
[NX v21.3.6 Daemon Server] - 2025-12-08T19:28:19.796Z - [SYNC]: collect registered sync generators
[NX v21.3.6 Daemon Server] - 2025-12-08T19:28:19.797Z - [SYNC]: project graph hash is the same, not collecting task sync generators
[NX v21.3.6 Daemon Server] - 2025-12-08T19:28:19.797Z - [SYNC]: nx.json hash is the same, not collecting global sync generators
[NX v21.3.6 Daemon Server] - 2025-12-08T19:28:19.797Z - Time taken for 'total execution time for createProjectGraph()' 1.5344590000022436ms
[NX v21.3.6 Daemon Server] - 2025-12-08T19:28:30.591Z - Established a connection. Number of open connections: 3
[NX v21.3.6 Daemon Server] - 2025-12-08T19:28:30.592Z - [REQUEST]: Client Request for Project Graph Received
[NX v21.3.6 Daemon Server] - 2025-12-08T19:28:30.592Z - Reusing in-memory cached project graph because no files changed.
[NX v21.3.6 Daemon Server] - 2025-12-08T19:28:30.592Z - [REQUEST]: Responding to the client. project-graph
[NX v21.3.6 Daemon Server] - 2025-12-08T19:28:30.592Z - Time taken for 'total for creating and serializing project graph' 0.4383749999979045ms
[NX v21.3.6 Daemon Server] - 2025-12-08T19:28:30.593Z - Closed a connection. Number of open connections: 2
[NX v21.3.6 Daemon Server] - 2025-12-08T19:28:30.593Z - Done responding to the client project-graph
[NX v21.3.6 Daemon Server] - 2025-12-08T19:28:30.593Z - Handled REQUEST_PROJECT_GRAPH. Handling time: 0. Response time: 1.
[NX v21.3.6 Daemon Server] - 2025-12-08T19:28:30.595Z - [REQUEST]: Responding to the client. handleContextFileData
[NX v21.3.6 Daemon Server] - 2025-12-08T19:28:30.595Z - Done responding to the client handleContextFileData
[NX v21.3.6 Daemon Server] - 2025-12-08T19:28:30.595Z - Handled GET_CONTEXT_FILE_DATA. Handling time: 1. Response time: 0.
[NX v21.3.6 Daemon Server] - 2025-12-08T19:28:30.596Z - Closed a connection. Number of open connections: 1
[NX v21.3.6 Daemon Server] - 2025-12-08T19:28:30.898Z - Closed a connection. Number of open connections: 0
[NX v21.3.6 Daemon Server] - 2025-12-08T19:28:30.899Z - Established a connection. Number of open connections: 1
[NX v21.3.6 Daemon Server] - 2025-12-08T19:28:30.899Z - Established a connection. Number of open connections: 2
[NX v21.3.6 Daemon Server] - 2025-12-08T19:28:30.899Z - Closed a connection. Number of open connections: 1
[NX v21.3.6 Daemon Server] - 2025-12-08T19:28:30.899Z - Established a connection. Number of open connections: 2
[NX v21.3.6 Daemon Server] - 2025-12-08T19:28:30.899Z - Closed a connection. Number of open connections: 1
[NX v21.3.6 Daemon Server] - 2025-12-08T19:28:30.900Z - [REQUEST]: Client Request for Project Graph Received
[NX v21.3.6 Daemon Server] - 2025-12-08T19:28:30.900Z - Reusing in-memory cached project graph because no files changed.
[NX v21.3.6 Daemon Server] - 2025-12-08T19:28:30.900Z - [REQUEST]: Responding to the client. project-graph
[NX v21.3.6 Daemon Server] - 2025-12-08T19:28:30.900Z - Time taken for 'total for creating and serializing project graph' 0.10866699999314733ms
[NX v21.3.6 Daemon Server] - 2025-12-08T19:28:30.900Z - Done responding to the client project-graph
[NX v21.3.6 Daemon Server] - 2025-12-08T19:28:30.900Z - Handled REQUEST_PROJECT_GRAPH. Handling time: 0. Response time: 0.
[NX v21.3.6 Daemon Server] - 2025-12-08T19:28:30.901Z - [REQUEST]: Client Request for Project Graph Received
[NX v21.3.6 Daemon Server] - 2025-12-08T19:28:30.901Z - Reusing in-memory cached project graph because no files changed.
[NX v21.3.6 Daemon Server] - 2025-12-08T19:28:30.901Z - [REQUEST]: Responding to the client. project-graph
[NX v21.3.6 Daemon Server] - 2025-12-08T19:28:30.901Z - Time taken for 'total for creating and serializing project graph' 0.12520900000527035ms
[NX v21.3.6 Daemon Server] - 2025-12-08T19:28:30.901Z - Done responding to the client project-graph
[NX v21.3.6 Daemon Server] - 2025-12-08T19:28:30.901Z - Handled REQUEST_PROJECT_GRAPH. Handling time: 0. Response time: 0.
[NX v21.3.6 Daemon Server] - 2025-12-08T19:28:30.902Z - Established a connection. Number of open connections: 2
[NX v21.3.6 Daemon Server] - 2025-12-08T19:59:57.420Z - Closed a connection. Number of open connections: 1
[NX v21.3.6 Daemon Server] - 2025-12-08T19:59:58.084Z - Closed a connection. Number of open connections: 0
[NX v21.3.6 Daemon Server] - 2025-12-08T22:45:00.964Z - [WATCHER]: Stopping the watcher for /Users/manfredsteyer/projects/trainings/flight-app (sources)
[NX v21.3.6 Daemon Server] - 2025-12-08T22:45:00.965Z - [WATCHER]: Stopping the watcher for /Users/manfredsteyer/projects/trainings/flight-app (outputs)
[NX v21.3.6 Daemon Server] - 2025-12-08T22:45:00.967Z - Server stopped because: "10800000ms of inactivity"
[NX v21.3.6 Daemon Server] - 2025-12-31T10:39:01.900Z - Started listening on: /private/var/folders/90/xlgjf5ms3ql9v9y8n8m3vgjh0000gn/T/49183e68a8dacc8c509e/d.sock
[NX v21.3.6 Daemon Server] - 2025-12-31T10:39:01.901Z - [WATCHER]: Subscribed to changes within: /Users/manfredsteyer/projects/trainings/flight-app (native)
[NX v21.3.6 Daemon Server] - 2025-12-31T10:39:01.908Z - Established a connection. Number of open connections: 1
[NX v21.3.6 Daemon Server] - 2025-12-31T10:39:01.909Z - Closed a connection. Number of open connections: 0
[NX v21.3.6 Daemon Server] - 2025-12-31T10:39:01.918Z - Established a connection. Number of open connections: 1
[NX v21.3.6 Daemon Server] - 2025-12-31T10:39:01.918Z - Closed a connection. Number of open connections: 0
[NX v21.3.6 Daemon Server] - 2025-12-31T10:39:01.919Z - Established a connection. Number of open connections: 1
[NX v21.3.6 Daemon Server] - 2025-12-31T10:39:01.919Z - [REQUEST]: Client Request for Project Graph Received
[NX v21.3.6 Daemon Server] - 2025-12-31T10:39:01.923Z - Time taken for 'loadSpecifiedNxPlugins' 0.7680000000000007ms
Time for 'plugin worker 2711 code loading' 2.2995829999999984
Time for 'plugin worker 2712 code loading' 2.3262079999999994
Time for 'plugin worker 2713 code loading' 2.26675
[NX v21.3.6 Daemon Server] - 2025-12-31T10:39:01.962Z - [WATCHER]: Processing file changes in outputs
[NX v21.3.6 Daemon Server] - 2025-12-31T10:39:02.034Z - Time taken for 'Load Nx Plugin: /Users/manfredsteyer/projects/trainings/flight-app/node_modules/nx/src/plugins/package-json' 113.82937499999998ms
[NX v21.3.6 Daemon Server] - 2025-12-31T10:39:02.034Z - Time taken for 'Load Nx Plugin: /Users/manfredsteyer/projects/trainings/flight-app/node_modules/nx/src/plugins/project-json/build-nodes/project-json' 114.143542ms
[NX v21.3.6 Daemon Server] - 2025-12-31T10:39:02.043Z - [REQUEST]: Updated workspace context based on watched changes, recomputing project graph...
[NX v21.3.6 Daemon Server] - 2025-12-31T10:39:02.043Z - [REQUEST]: 
[NX v21.3.6 Daemon Server] - 2025-12-31T10:39:02.043Z - [REQUEST]: 
[NX v21.3.6 Daemon Server] - 2025-12-31T10:39:02.044Z - No files changed, but no in-memory cached project graph found. Recomputing it...
Time for 'nx/js/dependencies-and-lockfile:createNodes' 0.1078329999999994
[NX v21.3.6 Daemon Server] - 2025-12-31T10:39:02.047Z - Time taken for 'loadDefaultNxPlugins' 122.8695ms
Time for 'nx/core/package-json:createNodes' 0.5283750000000111
Time for 'nx/core/project-json:createNodes' 2.075499999999991
[NX v21.3.6 Daemon Server] - 2025-12-31T10:39:02.072Z - Time taken for 'build-project-configs' 15.675832999999983ms
Time for 'build typescript dependencies' 0.06254200000000765
[NX v21.3.6 Daemon Server] - 2025-12-31T10:39:02.076Z - Wrote project graph cache to /Users/manfredsteyer/projects/trainings/flight-app/.nx/workspace-data/project-graph.json
[NX v21.3.6 Daemon Server] - 2025-12-31T10:39:02.076Z - [SYNC]: collect registered sync generators
[NX v21.3.6 Daemon Server] - 2025-12-31T10:39:02.076Z - [REQUEST]: Responding to the client. project-graph
[NX v21.3.6 Daemon Server] - 2025-12-31T10:39:02.077Z - Time taken for 'total for creating and serializing project graph' 157.22804200000002ms
[NX v21.3.6 Daemon Server] - 2025-12-31T10:39:02.077Z - Done responding to the client project-graph
[NX v21.3.6 Daemon Server] - 2025-12-31T10:39:02.077Z - Handled REQUEST_PROJECT_GRAPH. Handling time: 157. Response time: 1.
[NX v21.3.6 Daemon Server] - 2025-12-31T10:39:02.078Z - [REQUEST]: Responding to the client. handleContextFileData
[NX v21.3.6 Daemon Server] - 2025-12-31T10:39:02.079Z - Done responding to the client handleContextFileData
[NX v21.3.6 Daemon Server] - 2025-12-31T10:39:02.079Z - Handled GET_CONTEXT_FILE_DATA. Handling time: 0. Response time: 1.
[NX v21.3.6 Daemon Server] - 2025-12-31T10:39:02.079Z - Closed a connection. Number of open connections: 0
[NX v21.3.6 Daemon Server] - 2025-12-31T10:39:02.359Z - Established a connection. Number of open connections: 1
[NX v21.3.6 Daemon Server] - 2025-12-31T10:39:02.359Z - Established a connection. Number of open connections: 2
[NX v21.3.6 Daemon Server] - 2025-12-31T10:39:02.359Z - Closed a connection. Number of open connections: 1
[NX v21.3.6 Daemon Server] - 2025-12-31T10:39:02.359Z - Established a connection. Number of open connections: 2
[NX v21.3.6 Daemon Server] - 2025-12-31T10:39:02.359Z - Closed a connection. Number of open connections: 1
[NX v21.3.6 Daemon Server] - 2025-12-31T10:39:02.360Z - [REQUEST]: Client Request for Project Graph Received
[NX v21.3.6 Daemon Server] - 2025-12-31T10:39:02.360Z - Reusing in-memory cached project graph because no files changed.
[NX v21.3.6 Daemon Server] - 2025-12-31T10:39:02.360Z - [REQUEST]: Responding to the client. project-graph
[NX v21.3.6 Daemon Server] - 2025-12-31T10:39:02.360Z - Time taken for 'total for creating and serializing project graph' 0.12612500000000182ms
[NX v21.3.6 Daemon Server] - 2025-12-31T10:39:02.360Z - Done responding to the client project-graph
[NX v21.3.6 Daemon Server] - 2025-12-31T10:39:02.360Z - Handled REQUEST_PROJECT_GRAPH. Handling time: 0. Response time: 0.
[NX v21.3.6 Daemon Server] - 2025-12-31T10:39:02.360Z - [REQUEST]: Client Request for Project Graph Received
[NX v21.3.6 Daemon Server] - 2025-12-31T10:39:02.361Z - Reusing in-memory cached project graph because no files changed.
[NX v21.3.6 Daemon Server] - 2025-12-31T10:39:02.361Z - [REQUEST]: Responding to the client. project-graph
[NX v21.3.6 Daemon Server] - 2025-12-31T10:39:02.361Z - Time taken for 'total for creating and serializing project graph' 0.10979099999997288ms
[NX v21.3.6 Daemon Server] - 2025-12-31T10:39:02.361Z - Done responding to the client project-graph
[NX v21.3.6 Daemon Server] - 2025-12-31T10:39:02.361Z - Handled REQUEST_PROJECT_GRAPH. Handling time: 1. Response time: 0.
[NX v21.3.6 Daemon Server] - 2025-12-31T10:39:02.361Z - Established a connection. Number of open connections: 2
[NX v21.3.6 Daemon Server] - 2025-12-31T10:39:38.472Z - [WATCHER]: Processing file changes in outputs
[NX v21.3.6 Daemon Server] - 2025-12-31T10:39:38.474Z - Closed a connection. Number of open connections: 1
[NX v21.3.6 Daemon Server] - 2025-12-31T10:39:38.474Z - Closed a connection. Number of open connections: 0
[NX v21.3.6 Daemon Server] - 2025-12-31T10:39:38.474Z - [WATCHER]: Stopping the watcher for /Users/manfredsteyer/projects/trainings/flight-app (sources)
[NX v21.3.6 Daemon Server] - 2025-12-31T10:39:38.474Z - [WATCHER]: Stopping the watcher for /Users/manfredsteyer/projects/trainings/flight-app (sources)
[NX v21.3.6 Daemon Server] - 2025-12-31T10:39:38.474Z - [WATCHER]: Stopping the watcher for /Users/manfredsteyer/projects/trainings/flight-app (outputs)
[NX v21.3.6 Daemon Server] - 2025-12-31T10:39:38.475Z - Server stopped because: "Stopping the daemon the set of ignored files changed (native)"
[NX v21.3.6 Daemon Server] - 2025-12-31T10:40:53.289Z - Started listening on: /private/var/folders/90/xlgjf5ms3ql9v9y8n8m3vgjh0000gn/T/49183e68a8dacc8c509e/d.sock
[NX v21.3.6 Daemon Server] - 2025-12-31T10:40:53.291Z - [WATCHER]: Subscribed to changes within: /Users/manfredsteyer/projects/trainings/flight-app (native)
[NX v21.3.6 Daemon Server] - 2025-12-31T10:40:53.292Z - Established a connection. Number of open connections: 1
[NX v21.3.6 Daemon Server] - 2025-12-31T10:40:53.293Z - Closed a connection. Number of open connections: 0
[NX v21.3.6 Daemon Server] - 2025-12-31T10:40:53.300Z - Established a connection. Number of open connections: 1
[NX v21.3.6 Daemon Server] - 2025-12-31T10:40:53.300Z - Established a connection. Number of open connections: 2
[NX v21.3.6 Daemon Server] - 2025-12-31T10:40:53.301Z - Closed a connection. Number of open connections: 1
[NX v21.3.6 Daemon Server] - 2025-12-31T10:40:53.301Z - [REQUEST]: Client Request for Project Graph Received
[NX v21.3.6 Daemon Server] - 2025-12-31T10:40:53.306Z - Time taken for 'loadSpecifiedNxPlugins' 2.0992499999999836ms
Time for 'plugin worker 2834 code loading' 2.3548340000000003
Time for 'plugin worker 2835 code loading' 2.4745410000000003
Time for 'plugin worker 2836 code loading' 2.405291
[NX v21.3.6 Daemon Server] - 2025-12-31T10:40:53.351Z - [WATCHER]: Processing file changes in outputs
[NX v21.3.6 Daemon Server] - 2025-12-31T10:40:53.402Z - Time taken for 'Load Nx Plugin: /Users/manfredsteyer/projects/trainings/flight-app/node_modules/nx/src/plugins/project-json/build-nodes/project-json' 98.62133299999999ms
[NX v21.3.6 Daemon Server] - 2025-12-31T10:40:53.403Z - Time taken for 'Load Nx Plugin: /Users/manfredsteyer/projects/trainings/flight-app/node_modules/nx/src/plugins/package-json' 100.887541ms
[NX v21.3.6 Daemon Server] - 2025-12-31T10:40:53.418Z - [REQUEST]: Updated workspace context based on watched changes, recomputing project graph...
[NX v21.3.6 Daemon Server] - 2025-12-31T10:40:53.418Z - [REQUEST]: 
[NX v21.3.6 Daemon Server] - 2025-12-31T10:40:53.418Z - [REQUEST]: 
[NX v21.3.6 Daemon Server] - 2025-12-31T10:40:53.419Z - No files changed, but no in-memory cached project graph found. Recomputing it...
Time for 'nx/js/dependencies-and-lockfile:createNodes' 0.1080830000000077
[NX v21.3.6 Daemon Server] - 2025-12-31T10:40:53.421Z - Time taken for 'loadDefaultNxPlugins' 115.94145799999998ms
Time for 'nx/core/project-json:createNodes' 0.2734999999999985
Time for 'nx/core/package-json:createNodes' 0.5088339999999931
[NX v21.3.6 Daemon Server] - 2025-12-31T10:40:53.440Z - Time taken for 'build-project-configs' 10.47241600000001ms
Time for 'build typescript dependencies' 158.25900000000001
[NX v21.3.6 Daemon Server] - 2025-12-31T10:40:53.604Z - Wrote project graph cache to /Users/manfredsteyer/projects/trainings/flight-app/.nx/workspace-data/project-graph.json
[NX v21.3.6 Daemon Server] - 2025-12-31T10:40:53.604Z - [SYNC]: collect registered sync generators
[NX v21.3.6 Daemon Server] - 2025-12-31T10:40:53.604Z - [REQUEST]: Responding to the client. project-graph
[NX v21.3.6 Daemon Server] - 2025-12-31T10:40:53.604Z - Done responding to the client project-graph
[NX v21.3.6 Daemon Server] - 2025-12-31T10:40:53.604Z - Handled REQUEST_PROJECT_GRAPH. Handling time: 303. Response time: 0.
[NX v21.3.6 Daemon Server] - 2025-12-31T10:40:53.604Z - Time taken for 'total for creating and serializing project graph' 303.055875ms
[NX v21.3.6 Daemon Server] - 2025-12-31T10:40:53.605Z - [REQUEST]: Responding to the client. handleContextFileData
[NX v21.3.6 Daemon Server] - 2025-12-31T10:40:53.605Z - Done responding to the client handleContextFileData
[NX v21.3.6 Daemon Server] - 2025-12-31T10:40:53.605Z - Handled GET_CONTEXT_FILE_DATA. Handling time: 0. Response time: 0.
[NX v21.3.6 Daemon Server] - 2025-12-31T10:40:53.606Z - Closed a connection. Number of open connections: 0
[NX v21.3.6 Daemon Server] - 2025-12-31T10:40:53.927Z - Established a connection. Number of open connections: 1
[NX v21.3.6 Daemon Server] - 2025-12-31T10:40:53.927Z - Established a connection. Number of open connections: 2
[NX v21.3.6 Daemon Server] - 2025-12-31T10:40:53.927Z - Closed a connection. Number of open connections: 1
[NX v21.3.6 Daemon Server] - 2025-12-31T10:40:53.927Z - Established a connection. Number of open connections: 2
[NX v21.3.6 Daemon Server] - 2025-12-31T10:40:53.927Z - Closed a connection. Number of open connections: 1
[NX v21.3.6 Daemon Server] - 2025-12-31T10:40:53.927Z - [REQUEST]: Client Request for Project Graph Received
[NX v21.3.6 Daemon Server] - 2025-12-31T10:40:53.927Z - Reusing in-memory cached project graph because no files changed.
[NX v21.3.6 Daemon Server] - 2025-12-31T10:40:53.927Z - [REQUEST]: Responding to the client. project-graph
[NX v21.3.6 Daemon Server] - 2025-12-31T10:40:53.927Z - Done responding to the client project-graph
[NX v21.3.6 Daemon Server] - 2025-12-31T10:40:53.927Z - Handled REQUEST_PROJECT_GRAPH. Handling time: 0. Response time: 0.
[NX v21.3.6 Daemon Server] - 2025-12-31T10:40:53.927Z - Time taken for 'total for creating and serializing project graph' 0.1309999999999718ms
[NX v21.3.6 Daemon Server] - 2025-12-31T10:40:53.928Z - [REQUEST]: Client Request for Project Graph Received
[NX v21.3.6 Daemon Server] - 2025-12-31T10:40:53.928Z - Reusing in-memory cached project graph because no files changed.
[NX v21.3.6 Daemon Server] - 2025-12-31T10:40:53.928Z - [REQUEST]: Responding to the client. project-graph
[NX v21.3.6 Daemon Server] - 2025-12-31T10:40:53.928Z - Done responding to the client project-graph
[NX v21.3.6 Daemon Server] - 2025-12-31T10:40:53.928Z - Handled REQUEST_PROJECT_GRAPH. Handling time: 0. Response time: 0.
[NX v21.3.6 Daemon Server] - 2025-12-31T10:40:53.928Z - Time taken for 'total for creating and serializing project graph' 0.07229099999995015ms
[NX v21.3.6 Daemon Server] - 2025-12-31T10:40:53.928Z - Established a connection. Number of open connections: 2
[NX v21.3.6 Daemon Server] - 2025-12-31T11:05:36.212Z - [WATCHER]: Processing file changes in outputs
[NX v21.3.6 Daemon Server] - 2025-12-31T11:05:36.218Z - Closed a connection. Number of open connections: 1
[NX v21.3.6 Daemon Server] - 2025-12-31T11:05:36.218Z - Closed a connection. Number of open connections: 0
[NX v21.3.6 Daemon Server] - 2025-12-31T11:05:36.218Z - [WATCHER]: Stopping the watcher for /Users/manfredsteyer/projects/trainings/flight-app (sources)
[NX v21.3.6 Daemon Server] - 2025-12-31T11:05:36.218Z - [WATCHER]: Stopping the watcher for /Users/manfredsteyer/projects/trainings/flight-app (sources)
[NX v21.3.6 Daemon Server] - 2025-12-31T11:05:36.218Z - [WATCHER]: Stopping the watcher for /Users/manfredsteyer/projects/trainings/flight-app (outputs)
[NX v21.3.6 Daemon Server] - 2025-12-31T11:05:36.218Z - Server stopped because: "Stopping the daemon the set of ignored files changed (native)"
[NX v21.3.6 Daemon Server] - 2025-12-31T11:27:04.974Z - Started listening on: /private/var/folders/90/xlgjf5ms3ql9v9y8n8m3vgjh0000gn/T/49183e68a8dacc8c509e/d.sock
[NX v21.3.6 Daemon Server] - 2025-12-31T11:27:04.976Z - [WATCHER]: Subscribed to changes within: /Users/manfredsteyer/projects/trainings/flight-app (native)
[NX v21.3.6 Daemon Server] - 2025-12-31T11:27:04.984Z - Established a connection. Number of open connections: 1
[NX v21.3.6 Daemon Server] - 2025-12-31T11:27:04.985Z - Closed a connection. Number of open connections: 0
[NX v21.3.6 Daemon Server] - 2025-12-31T11:27:04.993Z - Established a connection. Number of open connections: 1
[NX v21.3.6 Daemon Server] - 2025-12-31T11:27:04.993Z - Established a connection. Number of open connections: 2
[NX v21.3.6 Daemon Server] - 2025-12-31T11:27:04.993Z - Closed a connection. Number of open connections: 1
[NX v21.3.6 Daemon Server] - 2025-12-31T11:27:04.994Z - [REQUEST]: Client Request for Project Graph Received
[NX v21.3.6 Daemon Server] - 2025-12-31T11:27:04.998Z - Time taken for 'loadSpecifiedNxPlugins' 1.298624999999987ms
Time for 'plugin worker 4117 code loading' 2.3107500000000005
Time for 'plugin worker 4118 code loading' 2.416790999999998
Time for 'plugin worker 4119 code loading' 2.4333329999999993
[NX v21.3.6 Daemon Server] - 2025-12-31T11:27:05.036Z - [WATCHER]: Processing file changes in outputs
[NX v21.3.6 Daemon Server] - 2025-12-31T11:27:05.093Z - Time taken for 'Load Nx Plugin: /Users/manfredsteyer/projects/trainings/flight-app/node_modules/nx/src/plugins/project-json/build-nodes/project-json' 97.4805ms
[NX v21.3.6 Daemon Server] - 2025-12-31T11:27:05.094Z - Time taken for 'Load Nx Plugin: /Users/manfredsteyer/projects/trainings/flight-app/node_modules/nx/src/plugins/package-json' 98.5435ms
[NX v21.3.6 Daemon Server] - 2025-12-31T11:27:05.109Z - [REQUEST]: Updated workspace context based on watched changes, recomputing project graph...
[NX v21.3.6 Daemon Server] - 2025-12-31T11:27:05.109Z - [REQUEST]: 
[NX v21.3.6 Daemon Server] - 2025-12-31T11:27:05.109Z - [REQUEST]: 
[NX v21.3.6 Daemon Server] - 2025-12-31T11:27:05.110Z - No files changed, but no in-memory cached project graph found. Recomputing it...
Time for 'nx/js/dependencies-and-lockfile:createNodes' 0.11437499999999545
[NX v21.3.6 Daemon Server] - 2025-12-31T11:27:05.113Z - Time taken for 'loadDefaultNxPlugins' 114.42470899999998ms
Time for 'nx/core/project-json:createNodes' 0.3225830000000087
Time for 'nx/core/package-json:createNodes' 0.5860420000000062
[NX v21.3.6 Daemon Server] - 2025-12-31T11:27:05.133Z - Time taken for 'build-project-configs' 11.35191599999996ms
Time for 'build typescript dependencies' 0.0695829999999944
[NX v21.3.6 Daemon Server] - 2025-12-31T11:27:05.137Z - Wrote project graph cache to /Users/manfredsteyer/projects/trainings/flight-app/.nx/workspace-data/project-graph.json
[NX v21.3.6 Daemon Server] - 2025-12-31T11:27:05.137Z - [SYNC]: collect registered sync generators
[NX v21.3.6 Daemon Server] - 2025-12-31T11:27:05.137Z - [REQUEST]: Responding to the client. project-graph
[NX v21.3.6 Daemon Server] - 2025-12-31T11:27:05.137Z - Done responding to the client project-graph
[NX v21.3.6 Daemon Server] - 2025-12-31T11:27:05.137Z - Handled REQUEST_PROJECT_GRAPH. Handling time: 143. Response time: 0.
[NX v21.3.6 Daemon Server] - 2025-12-31T11:27:05.137Z - Time taken for 'total for creating and serializing project graph' 143.16341599999998ms
[NX v21.3.6 Daemon Server] - 2025-12-31T11:27:05.138Z - [REQUEST]: Responding to the client. handleContextFileData
[NX v21.3.6 Daemon Server] - 2025-12-31T11:27:05.138Z - Done responding to the client handleContextFileData
[NX v21.3.6 Daemon Server] - 2025-12-31T11:27:05.138Z - Handled GET_CONTEXT_FILE_DATA. Handling time: 0. Response time: 0.
[NX v21.3.6 Daemon Server] - 2025-12-31T11:27:05.139Z - Closed a connection. Number of open connections: 0
[NX v21.3.6 Daemon Server] - 2025-12-31T11:27:05.474Z - Established a connection. Number of open connections: 1
[NX v21.3.6 Daemon Server] - 2025-12-31T11:27:05.474Z - Established a connection. Number of open connections: 2
[NX v21.3.6 Daemon Server] - 2025-12-31T11:27:05.474Z - Closed a connection. Number of open connections: 1
[NX v21.3.6 Daemon Server] - 2025-12-31T11:27:05.474Z - Established a connection. Number of open connections: 2
[NX v21.3.6 Daemon Server] - 2025-12-31T11:27:05.474Z - Closed a connection. Number of open connections: 1
[NX v21.3.6 Daemon Server] - 2025-12-31T11:27:05.474Z - [REQUEST]: Client Request for Project Graph Received
[NX v21.3.6 Daemon Server] - 2025-12-31T11:27:05.475Z - Reusing in-memory cached project graph because no files changed.
[NX v21.3.6 Daemon Server] - 2025-12-31T11:27:05.475Z - [REQUEST]: Responding to the client. project-graph
[NX v21.3.6 Daemon Server] - 2025-12-31T11:27:05.475Z - Done responding to the client project-graph
[NX v21.3.6 Daemon Server] - 2025-12-31T11:27:05.475Z - Handled REQUEST_PROJECT_GRAPH. Handling time: 1. Response time: 0.
[NX v21.3.6 Daemon Server] - 2025-12-31T11:27:05.475Z - Time taken for 'total for creating and serializing project graph' 0.15416700000002947ms
[NX v21.3.6 Daemon Server] - 2025-12-31T11:27:05.478Z - [REQUEST]: Client Request for Project Graph Received
[NX v21.3.6 Daemon Server] - 2025-12-31T11:27:05.478Z - Reusing in-memory cached project graph because no files changed.
[NX v21.3.6 Daemon Server] - 2025-12-31T11:27:05.478Z - [REQUEST]: Responding to the client. project-graph
[NX v21.3.6 Daemon Server] - 2025-12-31T11:27:05.478Z - Done responding to the client project-graph
[NX v21.3.6 Daemon Server] - 2025-12-31T11:27:05.478Z - Handled REQUEST_PROJECT_GRAPH. Handling time: 0. Response time: 0.
[NX v21.3.6 Daemon Server] - 2025-12-31T11:27:05.478Z - Time taken for 'total for creating and serializing project graph' 0.22966699999994944ms
[NX v21.3.6 Daemon Server] - 2025-12-31T11:27:05.478Z - Established a connection. Number of open connections: 2
[NX v21.3.6 Daemon Server] - 2025-12-31T14:27:05.504Z - There are open file watchers. Resetting inactivity timer.
[NX v21.3.6 Daemon Server] - 2025-12-31T17:30:39.037Z - There are open file watchers. Resetting inactivity timer.
[NX v21.3.6 Daemon Server] - 2025-12-31T20:33:41.016Z - There are open file watchers. Resetting inactivity timer.
[NX v21.3.6 Daemon Server] - 2025-12-31T23:36:42.052Z - There are open file watchers. Resetting inactivity timer.
[NX v21.3.6 Daemon Server] - 2026-01-01T03:27:09.599Z - There are open file watchers. Resetting inactivity timer.
[NX v21.3.6 Daemon Server] - 2026-01-01T06:34:23.872Z - There are open file watchers. Resetting inactivity timer.
[NX v21.3.6 Daemon Server] - 2026-01-01T09:37:26.913Z - There are open file watchers. Resetting inactivity timer.
[NX v21.3.6 Daemon Server] - 2026-01-01T12:26:24.744Z - [WATCHER]: 7 file(s) created or restored, 0 file(s) modified, 2 file(s) deleted
[NX v21.3.6 Daemon Server] - 2026-01-01T12:26:24.747Z - [REQUEST]: Responding to the client. File watch changed
[NX v21.3.6 Daemon Server] - 2026-01-01T12:26:24.747Z - Done responding to the client File watch changed
[NX v21.3.6 Daemon Server] - 2026-01-01T12:26:24.747Z - Handled FILE-WATCH-CHANGED. Handling time: 0. Response time: 0.
[NX v21.3.6 Daemon Server] - 2026-01-01T12:26:24.747Z - [WATCHER]: Processing file changes in outputs
[NX v21.3.6 Daemon Server] - 2026-01-01T12:26:24.748Z - Time taken for 'changed-projects' 0.16408400237560272ms
[NX v21.3.6 Daemon Server] - 2026-01-01T12:26:24.848Z - [REQUEST]: Updated workspace context based on watched changes, recomputing project graph...
[NX v21.3.6 Daemon Server] - 2026-01-01T12:26:24.849Z - [REQUEST]: apps/flights/src/app/domains/shared/util-common/index.ts,migrations.json,apps/flights/src/app/domains/ticketing/feature-booking/flight-card/flight-card.component.html,apps/flights/src/app/domains/ticketing/data/flight.service.ts,apps/flights/src/app/domains/ticketing/feature-booking/flight-search/flight-search.component.html,apps/flights/src/app/domains/ticketing/feature-booking/flight-search/flight-search.component.ts,apps/flights/src/app/domains/ticketing/feature-booking/flight-card/flight-card.component.ts
[NX v21.3.6 Daemon Server] - 2026-01-01T12:26:24.849Z - [REQUEST]: apps/flights/src/app/domains/ticketing/feature-booking/booking.store.ts,apps/flights/src/app/domains/shared/util-common/form-update.directive.ts
[NX v21.3.6 Daemon Server] - 2026-01-01T12:26:24.852Z - Time taken for 'hash changed files from watcher' 1.6667499989271164ms
Time for 'nx/js/dependencies-and-lockfile:createNodes' 0.3891250044107437
Time for 'nx/core/project-json:createNodes' 0.714708000421524
Time for 'nx/core/package-json:createNodes' 1.1407089978456497
[NX v21.3.6 Daemon Server] - 2026-01-01T12:26:24.857Z - Time taken for 'build-project-configs' 3.705624997615814ms
Time for 'build typescript dependencies' 142.9404999911785
[NX v21.3.6 Daemon Server] - 2026-01-01T12:26:25.004Z - Wrote project graph cache to /Users/manfredsteyer/projects/trainings/flight-app/.nx/workspace-data/project-graph.json
[NX v21.3.6 Daemon Server] - 2026-01-01T12:26:25.004Z - [SYNC]: collect registered sync generators
[NX v21.3.6 Daemon Server] - 2026-01-01T12:26:25.004Z - [SYNC]: project graph hash is the same, not collecting task sync generators
[NX v21.3.6 Daemon Server] - 2026-01-01T12:26:25.004Z - [SYNC]: nx.json hash is the same, not collecting global sync generators
[NX v21.3.6 Daemon Server] - 2026-01-01T12:26:25.004Z - [REQUEST]: Responding to the client. File watch changed
[NX v21.3.6 Daemon Server] - 2026-01-01T12:26:25.004Z - Done responding to the client File watch changed
[NX v21.3.6 Daemon Server] - 2026-01-01T12:26:25.004Z - Handled FILE-WATCH-CHANGED. Handling time: 0. Response time: 0.
[NX v21.3.6 Daemon Server] - 2026-01-01T12:26:25.004Z - Time taken for 'total execution time for createProjectGraph()' 145.41912500560284ms
[NX v21.3.6 Daemon Server] - 2026-01-01T12:26:36.015Z - Established a connection. Number of open connections: 3
[NX v21.3.6 Daemon Server] - 2026-01-01T12:26:36.016Z - [REQUEST]: Client Request for Project Graph Received
[NX v21.3.6 Daemon Server] - 2026-01-01T12:26:36.016Z - Reusing in-memory cached project graph because no files changed.
[NX v21.3.6 Daemon Server] - 2026-01-01T12:26:36.016Z - [REQUEST]: Responding to the client. project-graph
[NX v21.3.6 Daemon Server] - 2026-01-01T12:26:36.016Z - Done responding to the client project-graph
[NX v21.3.6 Daemon Server] - 2026-01-01T12:26:36.016Z - Handled REQUEST_PROJECT_GRAPH. Handling time: 0. Response time: 0.
[NX v21.3.6 Daemon Server] - 2026-01-01T12:26:36.017Z - Time taken for 'total for creating and serializing project graph' 0.40708400309085846ms
[NX v21.3.6 Daemon Server] - 2026-01-01T12:26:36.017Z - Closed a connection. Number of open connections: 2
[NX v21.3.6 Daemon Server] - 2026-01-01T12:26:36.018Z - [REQUEST]: Responding to the client. handleContextFileData
[NX v21.3.6 Daemon Server] - 2026-01-01T12:26:36.018Z - Done responding to the client handleContextFileData
[NX v21.3.6 Daemon Server] - 2026-01-01T12:26:36.018Z - Handled GET_CONTEXT_FILE_DATA. Handling time: 1. Response time: 0.
[NX v21.3.6 Daemon Server] - 2026-01-01T12:26:36.019Z - Closed a connection. Number of open connections: 1
[NX v21.3.6 Daemon Server] - 2026-01-01T12:26:36.377Z - Closed a connection. Number of open connections: 0
[NX v21.3.6 Daemon Server] - 2026-01-01T12:26:36.378Z - Established a connection. Number of open connections: 1
[NX v21.3.6 Daemon Server] - 2026-01-01T12:26:36.378Z - Established a connection. Number of open connections: 2
[NX v21.3.6 Daemon Server] - 2026-01-01T12:26:36.378Z - Closed a connection. Number of open connections: 1
[NX v21.3.6 Daemon Server] - 2026-01-01T12:26:36.378Z - Established a connection. Number of open connections: 2
[NX v21.3.6 Daemon Server] - 2026-01-01T12:26:36.378Z - Closed a connection. Number of open connections: 1
[NX v21.3.6 Daemon Server] - 2026-01-01T12:26:36.378Z - [REQUEST]: Client Request for Project Graph Received
[NX v21.3.6 Daemon Server] - 2026-01-01T12:26:36.378Z - Reusing in-memory cached project graph because no files changed.
[NX v21.3.6 Daemon Server] - 2026-01-01T12:26:36.378Z - [REQUEST]: Responding to the client. project-graph
[NX v21.3.6 Daemon Server] - 2026-01-01T12:26:36.379Z - Done responding to the client project-graph
[NX v21.3.6 Daemon Server] - 2026-01-01T12:26:36.379Z - Handled REQUEST_PROJECT_GRAPH. Handling time: 0. Response time: 1.
[NX v21.3.6 Daemon Server] - 2026-01-01T12:26:36.379Z - Time taken for 'total for creating and serializing project graph' 0.13483299314975739ms
[NX v21.3.6 Daemon Server] - 2026-01-01T12:26:36.379Z - [REQUEST]: Client Request for Project Graph Received
[NX v21.3.6 Daemon Server] - 2026-01-01T12:26:36.379Z - Reusing in-memory cached project graph because no files changed.
[NX v21.3.6 Daemon Server] - 2026-01-01T12:26:36.379Z - [REQUEST]: Responding to the client. project-graph
[NX v21.3.6 Daemon Server] - 2026-01-01T12:26:36.379Z - Done responding to the client project-graph
[NX v21.3.6 Daemon Server] - 2026-01-01T12:26:36.379Z - Handled REQUEST_PROJECT_GRAPH. Handling time: 0. Response time: 0.
[NX v21.3.6 Daemon Server] - 2026-01-01T12:26:36.379Z - Time taken for 'total for creating and serializing project graph' 0.07491698861122131ms
[NX v21.3.6 Daemon Server] - 2026-01-01T12:26:36.379Z - Established a connection. Number of open connections: 2
[NX v21.3.6 Daemon Server] - 2026-01-01T13:05:07.898Z - [WATCHER]: Processing file changes in outputs
[NX v21.3.6 Daemon Server] - 2026-01-01T13:05:07.903Z - [WATCHER]: apps/flights/src/app/domains/ticketing/feature-booking/flight-card/flight-card.component.ts was modified
[NX v21.3.6 Daemon Server] - 2026-01-01T13:05:07.904Z - [REQUEST]: Responding to the client. File watch changed
[NX v21.3.6 Daemon Server] - 2026-01-01T13:05:07.904Z - Done responding to the client File watch changed
[NX v21.3.6 Daemon Server] - 2026-01-01T13:05:07.904Z - Handled FILE-WATCH-CHANGED. Handling time: 1. Response time: 0.
[NX v21.3.6 Daemon Server] - 2026-01-01T13:05:07.904Z - Time taken for 'changed-projects' 0.24004200100898743ms
[NX v21.3.6 Daemon Server] - 2026-01-01T13:05:08.005Z - [REQUEST]: Updated workspace context based on watched changes, recomputing project graph...
[NX v21.3.6 Daemon Server] - 2026-01-01T13:05:08.005Z - [REQUEST]: apps/flights/src/app/domains/ticketing/feature-booking/flight-card/flight-card.component.ts
[NX v21.3.6 Daemon Server] - 2026-01-01T13:05:08.006Z - [REQUEST]: 
[NX v21.3.6 Daemon Server] - 2026-01-01T13:05:08.009Z - Time taken for 'hash changed files from watcher' 0.48512499034404755ms
Time for 'nx/core/project-json:createNodes' 1.4618339985609055
Time for 'nx/js/dependencies-and-lockfile:createNodes' 1.001458004117012
Time for 'nx/core/package-json:createNodes' 1.7667919993400574
[NX v21.3.6 Daemon Server] - 2026-01-01T13:05:08.014Z - Time taken for 'build-project-configs' 5.451667010784149ms
Time for 'build typescript dependencies' 0.016791000962257385
[NX v21.3.6 Daemon Server] - 2026-01-01T13:05:08.017Z - Wrote project graph cache to /Users/manfredsteyer/projects/trainings/flight-app/.nx/workspace-data/project-graph.json
[NX v21.3.6 Daemon Server] - 2026-01-01T13:05:08.017Z - [SYNC]: collect registered sync generators
[NX v21.3.6 Daemon Server] - 2026-01-01T13:05:08.017Z - [SYNC]: project graph hash is the same, not collecting task sync generators
[NX v21.3.6 Daemon Server] - 2026-01-01T13:05:08.017Z - [SYNC]: nx.json hash is the same, not collecting global sync generators
[NX v21.3.6 Daemon Server] - 2026-01-01T13:05:08.017Z - Time taken for 'total execution time for createProjectGraph()' 2.3478340059518814ms
[NX v21.3.6 Daemon Server] - 2026-01-01T13:05:09.160Z - [WATCHER]: apps/flights/src/app/domains/ticketing/feature-booking/flight-card/flight-card.component.ts was modified
[NX v21.3.6 Daemon Server] - 2026-01-01T13:05:09.161Z - [REQUEST]: Responding to the client. File watch changed
[NX v21.3.6 Daemon Server] - 2026-01-01T13:05:09.161Z - Done responding to the client File watch changed
[NX v21.3.6 Daemon Server] - 2026-01-01T13:05:09.161Z - Handled FILE-WATCH-CHANGED. Handling time: 0. Response time: 0.
[NX v21.3.6 Daemon Server] - 2026-01-01T13:05:09.161Z - [WATCHER]: Processing file changes in outputs
[NX v21.3.6 Daemon Server] - 2026-01-01T13:05:09.161Z - Time taken for 'changed-projects' 0.09354099631309509ms
[NX v21.3.6 Daemon Server] - 2026-01-01T13:05:09.361Z - [REQUEST]: Updated workspace context based on watched changes, recomputing project graph...
[NX v21.3.6 Daemon Server] - 2026-01-01T13:05:09.361Z - [REQUEST]: apps/flights/src/app/domains/ticketing/feature-booking/flight-card/flight-card.component.ts
[NX v21.3.6 Daemon Server] - 2026-01-01T13:05:09.361Z - [REQUEST]: 
[NX v21.3.6 Daemon Server] - 2026-01-01T13:05:09.362Z - Time taken for 'hash changed files from watcher' 0.3092079907655716ms
Time for 'nx/js/dependencies-and-lockfile:createNodes' 0.07616700232028961
Time for 'nx/core/project-json:createNodes' 0.23708400130271912
Time for 'nx/core/package-json:createNodes' 0.36329199373722076
[NX v21.3.6 Daemon Server] - 2026-01-01T13:05:09.364Z - Time taken for 'build-project-configs' 1.4939159899950027ms
Time for 'build typescript dependencies' 0.0086669921875
[NX v21.3.6 Daemon Server] - 2026-01-01T13:05:09.367Z - Wrote project graph cache to /Users/manfredsteyer/projects/trainings/flight-app/.nx/workspace-data/project-graph.json
[NX v21.3.6 Daemon Server] - 2026-01-01T13:05:09.367Z - [SYNC]: collect registered sync generators
[NX v21.3.6 Daemon Server] - 2026-01-01T13:05:09.367Z - [SYNC]: project graph hash is the same, not collecting task sync generators
[NX v21.3.6 Daemon Server] - 2026-01-01T13:05:09.367Z - [SYNC]: nx.json hash is the same, not collecting global sync generators
[NX v21.3.6 Daemon Server] - 2026-01-01T13:05:09.367Z - Time taken for 'total execution time for createProjectGraph()' 1.4296249896287918ms
[NX v21.3.6 Daemon Server] - 2026-01-01T13:05:20.172Z - Established a connection. Number of open connections: 3
[NX v21.3.6 Daemon Server] - 2026-01-01T13:05:20.173Z - [REQUEST]: Client Request for Project Graph Received
[NX v21.3.6 Daemon Server] - 2026-01-01T13:05:20.174Z - Reusing in-memory cached project graph because no files changed.
[NX v21.3.6 Daemon Server] - 2026-01-01T13:05:20.174Z - [REQUEST]: Responding to the client. project-graph
[NX v21.3.6 Daemon Server] - 2026-01-01T13:05:20.174Z - Done responding to the client project-graph
[NX v21.3.6 Daemon Server] - 2026-01-01T13:05:20.174Z - Handled REQUEST_PROJECT_GRAPH. Handling time: 1. Response time: 0.
[NX v21.3.6 Daemon Server] - 2026-01-01T13:05:20.174Z - Time taken for 'total for creating and serializing project graph' 0.5384580045938492ms
[NX v21.3.6 Daemon Server] - 2026-01-01T13:05:20.175Z - Closed a connection. Number of open connections: 2
[NX v21.3.6 Daemon Server] - 2026-01-01T13:05:20.176Z - [REQUEST]: Responding to the client. handleContextFileData
[NX v21.3.6 Daemon Server] - 2026-01-01T13:05:20.176Z - Done responding to the client handleContextFileData
[NX v21.3.6 Daemon Server] - 2026-01-01T13:05:20.176Z - Handled GET_CONTEXT_FILE_DATA. Handling time: 1. Response time: 0.
[NX v21.3.6 Daemon Server] - 2026-01-01T13:05:20.177Z - Closed a connection. Number of open connections: 1
[NX v21.3.6 Daemon Server] - 2026-01-01T13:05:20.586Z - Closed a connection. Number of open connections: 0
[NX v21.3.6 Daemon Server] - 2026-01-01T13:05:20.587Z - Established a connection. Number of open connections: 1
[NX v21.3.6 Daemon Server] - 2026-01-01T13:05:20.587Z - Established a connection. Number of open connections: 2
[NX v21.3.6 Daemon Server] - 2026-01-01T13:05:20.587Z - Closed a connection. Number of open connections: 1
[NX v21.3.6 Daemon Server] - 2026-01-01T13:05:20.587Z - Established a connection. Number of open connections: 2
[NX v21.3.6 Daemon Server] - 2026-01-01T13:05:20.587Z - Closed a connection. Number of open connections: 1
[NX v21.3.6 Daemon Server] - 2026-01-01T13:05:20.587Z - [REQUEST]: Client Request for Project Graph Received
[NX v21.3.6 Daemon Server] - 2026-01-01T13:05:20.587Z - Reusing in-memory cached project graph because no files changed.
[NX v21.3.6 Daemon Server] - 2026-01-01T13:05:20.587Z - [REQUEST]: Responding to the client. project-graph
[NX v21.3.6 Daemon Server] - 2026-01-01T13:05:20.588Z - Done responding to the client project-graph
[NX v21.3.6 Daemon Server] - 2026-01-01T13:05:20.588Z - Handled REQUEST_PROJECT_GRAPH. Handling time: 0. Response time: 1.
[NX v21.3.6 Daemon Server] - 2026-01-01T13:05:20.588Z - Time taken for 'total for creating and serializing project graph' 0.14137500524520874ms
[NX v21.3.6 Daemon Server] - 2026-01-01T13:05:20.588Z - [REQUEST]: Client Request for Project Graph Received
[NX v21.3.6 Daemon Server] - 2026-01-01T13:05:20.588Z - Reusing in-memory cached project graph because no files changed.
[NX v21.3.6 Daemon Server] - 2026-01-01T13:05:20.588Z - [REQUEST]: Responding to the client. project-graph
[NX v21.3.6 Daemon Server] - 2026-01-01T13:05:20.588Z - Done responding to the client project-graph
[NX v21.3.6 Daemon Server] - 2026-01-01T13:05:20.588Z - Handled REQUEST_PROJECT_GRAPH. Handling time: 0. Response time: 0.
[NX v21.3.6 Daemon Server] - 2026-01-01T13:05:20.588Z - Time taken for 'total for creating and serializing project graph' 0.07850000262260437ms
[NX v21.3.6 Daemon Server] - 2026-01-01T13:05:20.588Z - Established a connection. Number of open connections: 2
[NX v21.3.6 Daemon Server] - 2026-01-01T13:32:47.279Z - Closed a connection. Number of open connections: 1
[NX v21.3.6 Daemon Server] - 2026-01-01T13:32:47.280Z - Closed a connection. Number of open connections: 0
[NX v21.3.6 Daemon Server] - 2026-01-01T17:03:12.201Z - Started listening on: /private/var/folders/90/xlgjf5ms3ql9v9y8n8m3vgjh0000gn/T/49183e68a8dacc8c509e/d.sock
[NX v21.3.6 Daemon Server] - 2026-01-01T17:03:12.203Z - [WATCHER]: Subscribed to changes within: /Users/manfredsteyer/projects/trainings/flight-app (native)
[NX v21.3.6 Daemon Server] - 2026-01-01T17:03:12.204Z - Established a connection. Number of open connections: 1
[NX v21.3.6 Daemon Server] - 2026-01-01T17:03:12.205Z - Closed a connection. Number of open connections: 0
[NX v21.3.6 Daemon Server] - 2026-01-01T17:03:12.215Z - Established a connection. Number of open connections: 1
[NX v21.3.6 Daemon Server] - 2026-01-01T17:03:12.216Z - Established a connection. Number of open connections: 2
[NX v21.3.6 Daemon Server] - 2026-01-01T17:03:12.216Z - Closed a connection. Number of open connections: 1
[NX v21.3.6 Daemon Server] - 2026-01-01T17:03:12.217Z - [REQUEST]: Client Request for Project Graph Received
[NX v21.3.6 Daemon Server] - 2026-01-01T17:03:12.221Z - Time taken for 'loadSpecifiedNxPlugins' 1.4952499999999986ms
Time for 'plugin worker 17548 code loading' 2.4900409999999997
Time for 'plugin worker 17547 code loading' 2.462249999999999
Time for 'plugin worker 17546 code loading' 2.399625000000002
[NX v21.3.6 Daemon Server] - 2026-01-01T17:03:12.263Z - [WATCHER]: Processing file changes in outputs
[NX v21.3.6 Daemon Server] - 2026-01-01T17:03:12.328Z - Time taken for 'Load Nx Plugin: /Users/manfredsteyer/projects/trainings/flight-app/node_modules/nx/src/plugins/project-json/build-nodes/project-json' 109.39979199999999ms
[NX v21.3.6 Daemon Server] - 2026-01-01T17:03:12.328Z - Time taken for 'Load Nx Plugin: /Users/manfredsteyer/projects/trainings/flight-app/node_modules/nx/src/plugins/package-json' 110.353083ms
[NX v21.3.6 Daemon Server] - 2026-01-01T17:03:12.344Z - [REQUEST]: Updated workspace context based on watched changes, recomputing project graph...
[NX v21.3.6 Daemon Server] - 2026-01-01T17:03:12.344Z - [REQUEST]: 
[NX v21.3.6 Daemon Server] - 2026-01-01T17:03:12.344Z - [REQUEST]: 
[NX v21.3.6 Daemon Server] - 2026-01-01T17:03:12.345Z - No files changed, but no in-memory cached project graph found. Recomputing it...
Time for 'nx/js/dependencies-and-lockfile:createNodes' 0.11420799999999076
[NX v21.3.6 Daemon Server] - 2026-01-01T17:03:12.348Z - Time taken for 'loadDefaultNxPlugins' 126.65074999999999ms
Time for 'nx/core/project-json:createNodes' 0.3212090000000103
Time for 'nx/core/package-json:createNodes' 0.6344169999999991
[NX v21.3.6 Daemon Server] - 2026-01-01T17:03:12.369Z - Time taken for 'build-project-configs' 11.647084000000007ms
Time for 'build typescript dependencies' 136.26862500000001
[NX v21.3.6 Daemon Server] - 2026-01-01T17:03:12.509Z - Wrote project graph cache to /Users/manfredsteyer/projects/trainings/flight-app/.nx/workspace-data/project-graph.json
[NX v21.3.6 Daemon Server] - 2026-01-01T17:03:12.509Z - [SYNC]: collect registered sync generators
[NX v21.3.6 Daemon Server] - 2026-01-01T17:03:12.510Z - [REQUEST]: Responding to the client. project-graph
[NX v21.3.6 Daemon Server] - 2026-01-01T17:03:12.510Z - Done responding to the client project-graph
[NX v21.3.6 Daemon Server] - 2026-01-01T17:03:12.510Z - Handled REQUEST_PROJECT_GRAPH. Handling time: 294. Response time: 0.
[NX v21.3.6 Daemon Server] - 2026-01-01T17:03:12.510Z - Time taken for 'total for creating and serializing project graph' 293.21016599999996ms
[NX v21.3.6 Daemon Server] - 2026-01-01T17:03:12.511Z - [REQUEST]: Responding to the client. handleContextFileData
[NX v21.3.6 Daemon Server] - 2026-01-01T17:03:12.511Z - Done responding to the client handleContextFileData
[NX v21.3.6 Daemon Server] - 2026-01-01T17:03:12.511Z - Handled GET_CONTEXT_FILE_DATA. Handling time: 0. Response time: 0.
[NX v21.3.6 Daemon Server] - 2026-01-01T17:03:12.511Z - Closed a connection. Number of open connections: 0
[NX v21.3.6 Daemon Server] - 2026-01-01T17:03:12.817Z - Established a connection. Number of open connections: 1
[NX v21.3.6 Daemon Server] - 2026-01-01T17:03:12.817Z - Established a connection. Number of open connections: 2
[NX v21.3.6 Daemon Server] - 2026-01-01T17:03:12.817Z - Closed a connection. Number of open connections: 1
[NX v21.3.6 Daemon Server] - 2026-01-01T17:03:12.817Z - Established a connection. Number of open connections: 2
[NX v21.3.6 Daemon Server] - 2026-01-01T17:03:12.817Z - Closed a connection. Number of open connections: 1
[NX v21.3.6 Daemon Server] - 2026-01-01T17:03:12.818Z - [REQUEST]: Client Request for Project Graph Received
[NX v21.3.6 Daemon Server] - 2026-01-01T17:03:12.818Z - Reusing in-memory cached project graph because no files changed.
[NX v21.3.6 Daemon Server] - 2026-01-01T17:03:12.818Z - [REQUEST]: Responding to the client. project-graph
[NX v21.3.6 Daemon Server] - 2026-01-01T17:03:12.818Z - Done responding to the client project-graph
[NX v21.3.6 Daemon Server] - 2026-01-01T17:03:12.818Z - Handled REQUEST_PROJECT_GRAPH. Handling time: 0. Response time: 0.
[NX v21.3.6 Daemon Server] - 2026-01-01T17:03:12.818Z - Time taken for 'total for creating and serializing project graph' 0.16875000000004547ms
[NX v21.3.6 Daemon Server] - 2026-01-01T17:03:12.818Z - [REQUEST]: Client Request for Project Graph Received
[NX v21.3.6 Daemon Server] - 2026-01-01T17:03:12.818Z - Reusing in-memory cached project graph because no files changed.
[NX v21.3.6 Daemon Server] - 2026-01-01T17:03:12.818Z - [REQUEST]: Responding to the client. project-graph
[NX v21.3.6 Daemon Server] - 2026-01-01T17:03:12.818Z - Done responding to the client project-graph
[NX v21.3.6 Daemon Server] - 2026-01-01T17:03:12.818Z - Handled REQUEST_PROJECT_GRAPH. Handling time: 0. Response time: 0.
[NX v21.3.6 Daemon Server] - 2026-01-01T17:03:12.818Z - Time taken for 'total for creating and serializing project graph' 0.07649999999989632ms
[NX v21.3.6 Daemon Server] - 2026-01-01T17:03:12.818Z - Established a connection. Number of open connections: 2
[NX v21.3.6 Daemon Server] - 2026-01-01T17:03:25.724Z - [WATCHER]: apps/flights/src/app/app.component.ts was modified
[NX v21.3.6 Daemon Server] - 2026-01-01T17:03:25.725Z - [REQUEST]: Responding to the client. File watch changed
[NX v21.3.6 Daemon Server] - 2026-01-01T17:03:25.726Z - Done responding to the client File watch changed
[NX v21.3.6 Daemon Server] - 2026-01-01T17:03:25.726Z - Handled FILE-WATCH-CHANGED. Handling time: 0. Response time: 1.
[NX v21.3.6 Daemon Server] - 2026-01-01T17:03:25.726Z - [WATCHER]: Processing file changes in outputs
[NX v21.3.6 Daemon Server] - 2026-01-01T17:03:25.726Z - Time taken for 'changed-projects' 0.08129199999893899ms
[NX v21.3.6 Daemon Server] - 2026-01-01T17:03:25.826Z - [REQUEST]: Updated workspace context based on watched changes, recomputing project graph...
[NX v21.3.6 Daemon Server] - 2026-01-01T17:03:25.827Z - [REQUEST]: apps/flights/src/app/app.component.ts
[NX v21.3.6 Daemon Server] - 2026-01-01T17:03:25.827Z - [REQUEST]: 
Time for 'nx/js/dependencies-and-lockfile:createNodes' 0.20212499999979627
[NX v21.3.6 Daemon Server] - 2026-01-01T17:03:25.831Z - Time taken for 'hash changed files from watcher' 0.5223340000011376ms
Time for 'nx/core/package-json:createNodes' 0.8465419999993173
Time for 'nx/core/project-json:createNodes' 1.5582500000000437
[NX v21.3.6 Daemon Server] - 2026-01-01T17:03:25.834Z - Time taken for 'build-project-configs' 4.229541000000609ms
Time for 'build typescript dependencies' 1.8213750000013533
[NX v21.3.6 Daemon Server] - 2026-01-01T17:03:25.838Z - Wrote project graph cache to /Users/manfredsteyer/projects/trainings/flight-app/.nx/workspace-data/project-graph.json
[NX v21.3.6 Daemon Server] - 2026-01-01T17:03:25.838Z - [SYNC]: collect registered sync generators
[NX v21.3.6 Daemon Server] - 2026-01-01T17:03:25.838Z - [SYNC]: project graph hash is the same, not collecting task sync generators
[NX v21.3.6 Daemon Server] - 2026-01-01T17:03:25.838Z - [SYNC]: nx.json hash is the same, not collecting global sync generators
[NX v21.3.6 Daemon Server] - 2026-01-01T17:03:25.838Z - Time taken for 'total execution time for createProjectGraph()' 3.631207999998878ms
[NX v21.3.6 Daemon Server] - 2026-01-01T17:03:36.734Z - Established a connection. Number of open connections: 3
[NX v21.3.6 Daemon Server] - 2026-01-01T17:03:36.736Z - [REQUEST]: Client Request for Project Graph Received
[NX v21.3.6 Daemon Server] - 2026-01-01T17:03:36.736Z - Reusing in-memory cached project graph because no files changed.
[NX v21.3.6 Daemon Server] - 2026-01-01T17:03:36.737Z - [REQUEST]: Responding to the client. project-graph
[NX v21.3.6 Daemon Server] - 2026-01-01T17:03:36.737Z - Done responding to the client project-graph
[NX v21.3.6 Daemon Server] - 2026-01-01T17:03:36.737Z - Handled REQUEST_PROJECT_GRAPH. Handling time: 1. Response time: 0.
[NX v21.3.6 Daemon Server] - 2026-01-01T17:03:36.737Z - Time taken for 'total for creating and serializing project graph' 0.5965420000029553ms
[NX v21.3.6 Daemon Server] - 2026-01-01T17:03:36.737Z - Closed a connection. Number of open connections: 2
[NX v21.3.6 Daemon Server] - 2026-01-01T17:03:36.738Z - [REQUEST]: Responding to the client. handleContextFileData
[NX v21.3.6 Daemon Server] - 2026-01-01T17:03:36.739Z - Done responding to the client handleContextFileData
[NX v21.3.6 Daemon Server] - 2026-01-01T17:03:36.739Z - Handled GET_CONTEXT_FILE_DATA. Handling time: 0. Response time: 1.
[NX v21.3.6 Daemon Server] - 2026-01-01T17:03:36.740Z - Closed a connection. Number of open connections: 1
[NX v21.3.6 Daemon Server] - 2026-01-01T17:03:36.928Z - Closed a connection. Number of open connections: 0
[NX v21.3.6 Daemon Server] - 2026-01-01T17:03:36.928Z - Established a connection. Number of open connections: 1
[NX v21.3.6 Daemon Server] - 2026-01-01T17:03:36.929Z - Established a connection. Number of open connections: 2
[NX v21.3.6 Daemon Server] - 2026-01-01T17:03:36.929Z - Closed a connection. Number of open connections: 1
[NX v21.3.6 Daemon Server] - 2026-01-01T17:03:36.929Z - Established a connection. Number of open connections: 2
[NX v21.3.6 Daemon Server] - 2026-01-01T17:03:36.929Z - Closed a connection. Number of open connections: 1
[NX v21.3.6 Daemon Server] - 2026-01-01T17:03:36.929Z - [REQUEST]: Client Request for Project Graph Received
[NX v21.3.6 Daemon Server] - 2026-01-01T17:03:36.929Z - Reusing in-memory cached project graph because no files changed.
[NX v21.3.6 Daemon Server] - 2026-01-01T17:03:36.929Z - [REQUEST]: Responding to the client. project-graph
[NX v21.3.6 Daemon Server] - 2026-01-01T17:03:36.929Z - Done responding to the client project-graph
[NX v21.3.6 Daemon Server] - 2026-01-01T17:03:36.929Z - Handled REQUEST_PROJECT_GRAPH. Handling time: 0. Response time: 0.
[NX v21.3.6 Daemon Server] - 2026-01-01T17:03:36.929Z - Time taken for 'total for creating and serializing project graph' 0.1382080000003043ms
[NX v21.3.6 Daemon Server] - 2026-01-01T17:03:36.929Z - [REQUEST]: Client Request for Project Graph Received
[NX v21.3.6 Daemon Server] - 2026-01-01T17:03:36.929Z - Reusing in-memory cached project graph because no files changed.
[NX v21.3.6 Daemon Server] - 2026-01-01T17:03:36.929Z - [REQUEST]: Responding to the client. project-graph
[NX v21.3.6 Daemon Server] - 2026-01-01T17:03:36.929Z - Done responding to the client project-graph
[NX v21.3.6 Daemon Server] - 2026-01-01T17:03:36.929Z - Handled REQUEST_PROJECT_GRAPH. Handling time: 0. Response time: 0.
[NX v21.3.6 Daemon Server] - 2026-01-01T17:03:36.930Z - Time taken for 'total for creating and serializing project graph' 0.07191700000112178ms
[NX v21.3.6 Daemon Server] - 2026-01-01T17:03:36.930Z - Established a connection. Number of open connections: 2
[NX v21.3.6 Daemon Server] - 2026-01-01T19:59:41.996Z - [WATCHER]: apps/flights/src/app/domains/luggage/feature-checkin/checkin/checkin.component.ts was modified
[NX v21.3.6 Daemon Server] - 2026-01-01T19:59:41.998Z - [REQUEST]: Responding to the client. File watch changed
[NX v21.3.6 Daemon Server] - 2026-01-01T19:59:41.998Z - Done responding to the client File watch changed
[NX v21.3.6 Daemon Server] - 2026-01-01T19:59:41.998Z - Handled FILE-WATCH-CHANGED. Handling time: 0. Response time: 0.
[NX v21.3.6 Daemon Server] - 2026-01-01T19:59:41.998Z - [WATCHER]: Processing file changes in outputs
[NX v21.3.6 Daemon Server] - 2026-01-01T19:59:41.999Z - Time taken for 'changed-projects' 0.24166700057685375ms
[NX v21.3.6 Daemon Server] - 2026-01-01T19:59:42.101Z - [REQUEST]: Updated workspace context based on watched changes, recomputing project graph...
[NX v21.3.6 Daemon Server] - 2026-01-01T19:59:42.101Z - [REQUEST]: apps/flights/src/app/domains/luggage/feature-checkin/checkin/checkin.component.ts
[NX v21.3.6 Daemon Server] - 2026-01-01T19:59:42.101Z - [REQUEST]: 
[NX v21.3.6 Daemon Server] - 2026-01-01T19:59:42.109Z - Time taken for 'hash changed files from watcher' 2.3873330000787973ms
Time for 'nx/core/project-json:createNodes' 1.0760420002043247
Time for 'nx/js/dependencies-and-lockfile:createNodes' 0.3460840005427599
Time for 'nx/core/package-json:createNodes' 1.5872499998658895
[NX v21.3.6 Daemon Server] - 2026-01-01T19:59:42.115Z - Time taken for 'build-project-configs' 4.574124999344349ms
Time for 'build typescript dependencies' 0.008124999701976776
[NX v21.3.6 Daemon Server] - 2026-01-01T19:59:42.119Z - Wrote project graph cache to /Users/manfredsteyer/projects/trainings/flight-app/.nx/workspace-data/project-graph.json
[NX v21.3.6 Daemon Server] - 2026-01-01T19:59:42.120Z - [SYNC]: collect registered sync generators
[NX v21.3.6 Daemon Server] - 2026-01-01T19:59:42.120Z - [SYNC]: project graph hash is the same, not collecting task sync generators
[NX v21.3.6 Daemon Server] - 2026-01-01T19:59:42.120Z - [SYNC]: nx.json hash is the same, not collecting global sync generators
[NX v21.3.6 Daemon Server] - 2026-01-01T19:59:42.120Z - Time taken for 'total execution time for createProjectGraph()' 2.9679579995572567ms
[NX v21.3.6 Daemon Server] - 2026-01-01T19:59:53.012Z - Established a connection. Number of open connections: 3
[NX v21.3.6 Daemon Server] - 2026-01-01T19:59:53.013Z - [REQUEST]: Client Request for Project Graph Received
[NX v21.3.6 Daemon Server] - 2026-01-01T19:59:53.014Z - Reusing in-memory cached project graph because no files changed.
[NX v21.3.6 Daemon Server] - 2026-01-01T19:59:53.014Z - [REQUEST]: Responding to the client. project-graph
[NX v21.3.6 Daemon Server] - 2026-01-01T19:59:53.014Z - Done responding to the client project-graph
[NX v21.3.6 Daemon Server] - 2026-01-01T19:59:53.014Z - Handled REQUEST_PROJECT_GRAPH. Handling time: 1. Response time: 0.
[NX v21.3.6 Daemon Server] - 2026-01-01T19:59:53.015Z - Time taken for 'total for creating and serializing project graph' 0.6799159999936819ms
[NX v21.3.6 Daemon Server] - 2026-01-01T19:59:53.015Z - Closed a connection. Number of open connections: 2
[NX v21.3.6 Daemon Server] - 2026-01-01T19:59:53.016Z - [REQUEST]: Responding to the client. handleContextFileData
[NX v21.3.6 Daemon Server] - 2026-01-01T19:59:53.017Z - Done responding to the client handleContextFileData
[NX v21.3.6 Daemon Server] - 2026-01-01T19:59:53.017Z - Handled GET_CONTEXT_FILE_DATA. Handling time: 0. Response time: 1.
[NX v21.3.6 Daemon Server] - 2026-01-01T19:59:53.017Z - Closed a connection. Number of open connections: 1
[NX v21.3.6 Daemon Server] - 2026-01-01T19:59:53.344Z - Closed a connection. Number of open connections: 0
[NX v21.3.6 Daemon Server] - 2026-01-01T19:59:53.344Z - Established a connection. Number of open connections: 1
[NX v21.3.6 Daemon Server] - 2026-01-01T19:59:53.344Z - Closed a connection. Number of open connections: 0
[NX v21.3.6 Daemon Server] - 2026-01-01T19:59:53.344Z - Established a connection. Number of open connections: 1
[NX v21.3.6 Daemon Server] - 2026-01-01T19:59:53.344Z - Established a connection. Number of open connections: 2
[NX v21.3.6 Daemon Server] - 2026-01-01T19:59:53.344Z - Closed a connection. Number of open connections: 1
[NX v21.3.6 Daemon Server] - 2026-01-01T19:59:53.344Z - [REQUEST]: Client Request for Project Graph Received
[NX v21.3.6 Daemon Server] - 2026-01-01T19:59:53.344Z - Reusing in-memory cached project graph because no files changed.
[NX v21.3.6 Daemon Server] - 2026-01-01T19:59:53.344Z - [REQUEST]: Responding to the client. project-graph
[NX v21.3.6 Daemon Server] - 2026-01-01T19:59:53.344Z - Done responding to the client project-graph
[NX v21.3.6 Daemon Server] - 2026-01-01T19:59:53.344Z - Handled REQUEST_PROJECT_GRAPH. Handling time: 0. Response time: 0.
[NX v21.3.6 Daemon Server] - 2026-01-01T19:59:53.344Z - Time taken for 'total for creating and serializing project graph' 0.0992909986525774ms
[NX v21.3.6 Daemon Server] - 2026-01-01T19:59:53.344Z - [REQUEST]: Client Request for Project Graph Received
[NX v21.3.6 Daemon Server] - 2026-01-01T19:59:53.344Z - Reusing in-memory cached project graph because no files changed.
[NX v21.3.6 Daemon Server] - 2026-01-01T19:59:53.344Z - [REQUEST]: Responding to the client. project-graph
[NX v21.3.6 Daemon Server] - 2026-01-01T19:59:53.344Z - Done responding to the client project-graph
[NX v21.3.6 Daemon Server] - 2026-01-01T19:59:53.345Z - Handled REQUEST_PROJECT_GRAPH. Handling time: 0. Response time: 1.
[NX v21.3.6 Daemon Server] - 2026-01-01T19:59:53.345Z - Time taken for 'total for creating and serializing project graph' 0.05387499928474426ms
[NX v21.3.6 Daemon Server] - 2026-01-01T19:59:53.345Z - Established a connection. Number of open connections: 2
[NX v21.3.6 Daemon Server] - 2026-01-01T21:10:38.955Z - [WATCHER]: Processing file changes in outputs
[NX v21.3.6 Daemon Server] - 2026-01-01T21:10:38.959Z - [WATCHER]: 9 file(s) created or restored, 0 file(s) modified, 0 file(s) deleted
[NX v21.3.6 Daemon Server] - 2026-01-01T21:10:39.060Z - [REQUEST]: Updated workspace context based on watched changes, recomputing project graph...
[NX v21.3.6 Daemon Server] - 2026-01-01T21:10:39.060Z - [REQUEST]: apps/flights/src/app/domains/ticketing/feature-booking/flight-card/flight-card.component.ts,apps/flights/src/app/domains/shared/util-common/index.ts,apps/flights/src/app/domains/ticketing/feature-booking/flight-card/flight-card.component.html,package.json,apps/flights/src/app/domains/ticketing/feature-booking/delay-first-flight.ts,apps/flights/src/app/domains/shared/util-common/debounce-signal.ts,.npmrc,apps/flights/src/app/domains/ticketing/data/flight.service.ts,apps/flights/src/app/domains/ticketing/feature-booking/flight-search/flight-search.component.ts
[NX v21.3.6 Daemon Server] - 2026-01-01T21:10:39.060Z - [REQUEST]: 
[NX v21.3.6 Daemon Server] - 2026-01-01T21:10:39.064Z - Time taken for 'hash changed files from watcher' 1.2547919992357492ms
Time for 'nx/js/dependencies-and-lockfile:createNodes' 0.5333329997956753
Time for 'nx/core/project-json:createNodes' 2.8346669990569353
Time for 'nx/core/package-json:createNodes' 4.957333000376821
[NX v21.3.6 Daemon Server] - 2026-01-01T21:10:39.073Z - Time taken for 'build-project-configs' 6.813167000189424ms
Time for 'build typescript dependencies' 17.896167000755668
[NX v21.3.6 Daemon Server] - 2026-01-01T21:10:39.096Z - Wrote project graph cache to /Users/manfredsteyer/projects/trainings/flight-app/.nx/workspace-data/project-graph.json
[NX v21.3.6 Daemon Server] - 2026-01-01T21:10:39.096Z - [SYNC]: collect registered sync generators
[NX v21.3.6 Daemon Server] - 2026-01-01T21:10:39.096Z - [SYNC]: project graph hash is the same, not collecting task sync generators
[NX v21.3.6 Daemon Server] - 2026-01-01T21:10:39.096Z - [SYNC]: nx.json hash is the same, not collecting global sync generators
[NX v21.3.6 Daemon Server] - 2026-01-01T21:10:39.096Z - [REQUEST]: Responding to the client. File watch changed
[NX v21.3.6 Daemon Server] - 2026-01-01T21:10:39.096Z - Done responding to the client File watch changed
[NX v21.3.6 Daemon Server] - 2026-01-01T21:10:39.096Z - Handled FILE-WATCH-CHANGED. Handling time: 0. Response time: 0.
[NX v21.3.6 Daemon Server] - 2026-01-01T21:10:39.096Z - Time taken for 'total execution time for createProjectGraph()' 22.21695899963379ms
[NX v21.3.6 Daemon Server] - 2026-01-01T21:10:40.100Z - Established a connection. Number of open connections: 3
[NX v21.3.6 Daemon Server] - 2026-01-01T21:10:40.100Z - [REQUEST]: Client Request for Project Graph Received
[NX v21.3.6 Daemon Server] - 2026-01-01T21:10:40.100Z - Reusing in-memory cached project graph because no files changed.
[NX v21.3.6 Daemon Server] - 2026-01-01T21:10:40.101Z - [REQUEST]: Responding to the client. project-graph
[NX v21.3.6 Daemon Server] - 2026-01-01T21:10:40.101Z - Done responding to the client project-graph
[NX v21.3.6 Daemon Server] - 2026-01-01T21:10:40.101Z - Handled REQUEST_PROJECT_GRAPH. Handling time: 1. Response time: 0.
[NX v21.3.6 Daemon Server] - 2026-01-01T21:10:40.101Z - Time taken for 'total for creating and serializing project graph' 0.17916700057685375ms
[NX v21.3.6 Daemon Server] - 2026-01-01T21:10:40.101Z - Closed a connection. Number of open connections: 2
[NX v21.3.6 Daemon Server] - 2026-01-01T21:10:40.101Z - [REQUEST]: Responding to the client. handleContextFileData
[NX v21.3.6 Daemon Server] - 2026-01-01T21:10:40.101Z - Done responding to the client handleContextFileData
[NX v21.3.6 Daemon Server] - 2026-01-01T21:10:40.101Z - Handled GET_CONTEXT_FILE_DATA. Handling time: 0. Response time: 0.
[NX v21.3.6 Daemon Server] - 2026-01-01T21:10:40.102Z - Closed a connection. Number of open connections: 1
[NX v21.3.6 Daemon Server] - 2026-01-01T21:10:40.412Z - Closed a connection. Number of open connections: 0
[NX v21.3.6 Daemon Server] - 2026-01-01T21:10:40.412Z - Established a connection. Number of open connections: 1
[NX v21.3.6 Daemon Server] - 2026-01-01T21:10:40.412Z - Established a connection. Number of open connections: 2
[NX v21.3.6 Daemon Server] - 2026-01-01T21:10:40.412Z - Closed a connection. Number of open connections: 1
[NX v21.3.6 Daemon Server] - 2026-01-01T21:10:40.412Z - Established a connection. Number of open connections: 2
[NX v21.3.6 Daemon Server] - 2026-01-01T21:10:40.412Z - Closed a connection. Number of open connections: 1
[NX v21.3.6 Daemon Server] - 2026-01-01T21:10:40.412Z - [REQUEST]: Client Request for Project Graph Received
[NX v21.3.6 Daemon Server] - 2026-01-01T21:10:40.412Z - Reusing in-memory cached project graph because no files changed.
[NX v21.3.6 Daemon Server] - 2026-01-01T21:10:40.412Z - [REQUEST]: Responding to the client. project-graph
[NX v21.3.6 Daemon Server] - 2026-01-01T21:10:40.413Z - Done responding to the client project-graph
[NX v21.3.6 Daemon Server] - 2026-01-01T21:10:40.413Z - Handled REQUEST_PROJECT_GRAPH. Handling time: 0. Response time: 1.
[NX v21.3.6 Daemon Server] - 2026-01-01T21:10:40.413Z - Time taken for 'total for creating and serializing project graph' 0.08479199931025505ms
[NX v21.3.6 Daemon Server] - 2026-01-01T21:10:40.413Z - [REQUEST]: Client Request for Project Graph Received
[NX v21.3.6 Daemon Server] - 2026-01-01T21:10:40.413Z - Reusing in-memory cached project graph because no files changed.
[NX v21.3.6 Daemon Server] - 2026-01-01T21:10:40.413Z - [REQUEST]: Responding to the client. project-graph
[NX v21.3.6 Daemon Server] - 2026-01-01T21:10:40.413Z - Done responding to the client project-graph
[NX v21.3.6 Daemon Server] - 2026-01-01T21:10:40.413Z - Handled REQUEST_PROJECT_GRAPH. Handling time: 0. Response time: 0.
[NX v21.3.6 Daemon Server] - 2026-01-01T21:10:40.413Z - Time taken for 'total for creating and serializing project graph' 0.06245899945497513ms
[NX v21.3.6 Daemon Server] - 2026-01-01T21:10:40.413Z - Established a connection. Number of open connections: 2
[NX v21.3.6 Daemon Server] - 2026-01-01T21:10:55.199Z - [WATCHER]: 5 file(s) created or restored, 0 file(s) modified, 2 file(s) deleted
[NX v21.3.6 Daemon Server] - 2026-01-01T21:10:55.199Z - [REQUEST]: Responding to the client. File watch changed
[NX v21.3.6 Daemon Server] - 2026-01-01T21:10:55.199Z - Done responding to the client File watch changed
[NX v21.3.6 Daemon Server] - 2026-01-01T21:10:55.199Z - Handled FILE-WATCH-CHANGED. Handling time: 0. Response time: 0.
[NX v21.3.6 Daemon Server] - 2026-01-01T21:10:55.199Z - [WATCHER]: Processing file changes in outputs
[NX v21.3.6 Daemon Server] - 2026-01-01T21:10:55.199Z - Time taken for 'changed-projects' 0.08191699907183647ms
[NX v21.3.6 Daemon Server] - 2026-01-01T21:10:55.299Z - [REQUEST]: Updated workspace context based on watched changes, recomputing project graph...
[NX v21.3.6 Daemon Server] - 2026-01-01T21:10:55.299Z - [REQUEST]: package.json,apps/flights/src/app/domains/ticketing/data/flight.service.ts,apps/flights/src/app/domains/ticketing/feature-booking/flight-search/flight-search.component.html,apps/flights/src/app/domains/shared/util-common/index.ts,apps/flights/src/app/domains/ticketing/feature-booking/flight-search/flight-search.component.ts
[NX v21.3.6 Daemon Server] - 2026-01-01T21:10:55.299Z - [REQUEST]: apps/flights/src/app/domains/ticketing/feature-booking/delay-first-flight.ts,apps/flights/src/app/domains/shared/util-common/debounce-signal.ts
Time for 'nx/js/dependencies-and-lockfile:createNodes' 0.03479200042784214
[NX v21.3.6 Daemon Server] - 2026-01-01T21:10:55.300Z - Time taken for 'hash changed files from watcher' 0.2667500004172325ms
Time for 'nx/core/project-json:createNodes' 0.11770799942314625
Time for 'nx/core/package-json:createNodes' 0.286166001111269
[NX v21.3.6 Daemon Server] - 2026-01-01T21:10:55.302Z - Time taken for 'build-project-configs' 0.8185409996658564ms
Time for 'build typescript dependencies' 2.1837499998509884
[NX v21.3.6 Daemon Server] - 2026-01-01T21:10:55.305Z - Wrote project graph cache to /Users/manfredsteyer/projects/trainings/flight-app/.nx/workspace-data/project-graph.json
[NX v21.3.6 Daemon Server] - 2026-01-01T21:10:55.305Z - [SYNC]: collect registered sync generators
[NX v21.3.6 Daemon Server] - 2026-01-01T21:10:55.305Z - [SYNC]: project graph hash is the same, not collecting task sync generators
[NX v21.3.6 Daemon Server] - 2026-01-01T21:10:55.305Z - [SYNC]: nx.json hash is the same, not collecting global sync generators
[NX v21.3.6 Daemon Server] - 2026-01-01T21:10:55.305Z - [REQUEST]: Responding to the client. File watch changed
[NX v21.3.6 Daemon Server] - 2026-01-01T21:10:55.305Z - Done responding to the client File watch changed
[NX v21.3.6 Daemon Server] - 2026-01-01T21:10:55.305Z - Handled FILE-WATCH-CHANGED. Handling time: 0. Response time: 0.
[NX v21.3.6 Daemon Server] - 2026-01-01T21:10:55.305Z - Time taken for 'total execution time for createProjectGraph()' 2.9934999998658895ms
[NX v21.3.6 Daemon Server] - 2026-01-01T21:10:56.308Z - Established a connection. Number of open connections: 3
[NX v21.3.6 Daemon Server] - 2026-01-01T21:10:56.308Z - [REQUEST]: Client Request for Project Graph Received
[NX v21.3.6 Daemon Server] - 2026-01-01T21:10:56.308Z - Reusing in-memory cached project graph because no files changed.
[NX v21.3.6 Daemon Server] - 2026-01-01T21:10:56.308Z - [REQUEST]: Responding to the client. project-graph
[NX v21.3.6 Daemon Server] - 2026-01-01T21:10:56.308Z - Done responding to the client project-graph
[NX v21.3.6 Daemon Server] - 2026-01-01T21:10:56.308Z - Handled REQUEST_PROJECT_GRAPH. Handling time: 0. Response time: 0.
[NX v21.3.6 Daemon Server] - 2026-01-01T21:10:56.308Z - Time taken for 'total for creating and serializing project graph' 0.10479200072586536ms
[NX v21.3.6 Daemon Server] - 2026-01-01T21:10:56.308Z - Closed a connection. Number of open connections: 2
[NX v21.3.6 Daemon Server] - 2026-01-01T21:10:56.309Z - [REQUEST]: Responding to the client. handleContextFileData
[NX v21.3.6 Daemon Server] - 2026-01-01T21:10:56.309Z - Done responding to the client handleContextFileData
[NX v21.3.6 Daemon Server] - 2026-01-01T21:10:56.309Z - Handled GET_CONTEXT_FILE_DATA. Handling time: 0. Response time: 0.
[NX v21.3.6 Daemon Server] - 2026-01-01T21:10:56.309Z - Closed a connection. Number of open connections: 1
[NX v21.3.6 Daemon Server] - 2026-01-01T21:10:56.529Z - Closed a connection. Number of open connections: 0
[NX v21.3.6 Daemon Server] - 2026-01-01T21:10:56.529Z - Established a connection. Number of open connections: 1
[NX v21.3.6 Daemon Server] - 2026-01-01T21:10:56.529Z - Established a connection. Number of open connections: 2
[NX v21.3.6 Daemon Server] - 2026-01-01T21:10:56.529Z - Closed a connection. Number of open connections: 1
[NX v21.3.6 Daemon Server] - 2026-01-01T21:10:56.529Z - Established a connection. Number of open connections: 2
[NX v21.3.6 Daemon Server] - 2026-01-01T21:10:56.529Z - Closed a connection. Number of open connections: 1
[NX v21.3.6 Daemon Server] - 2026-01-01T21:10:56.529Z - [REQUEST]: Client Request for Project Graph Received
[NX v21.3.6 Daemon Server] - 2026-01-01T21:10:56.529Z - Reusing in-memory cached project graph because no files changed.
[NX v21.3.6 Daemon Server] - 2026-01-01T21:10:56.529Z - [REQUEST]: Responding to the client. project-graph
[NX v21.3.6 Daemon Server] - 2026-01-01T21:10:56.529Z - Done responding to the client project-graph
[NX v21.3.6 Daemon Server] - 2026-01-01T21:10:56.529Z - Handled REQUEST_PROJECT_GRAPH. Handling time: 0. Response time: 0.
[NX v21.3.6 Daemon Server] - 2026-01-01T21:10:56.529Z - Time taken for 'total for creating and serializing project graph' 0.08404099941253662ms
[NX v21.3.6 Daemon Server] - 2026-01-01T21:10:56.530Z - [REQUEST]: Client Request for Project Graph Received
[NX v21.3.6 Daemon Server] - 2026-01-01T21:10:56.530Z - Reusing in-memory cached project graph because no files changed.
[NX v21.3.6 Daemon Server] - 2026-01-01T21:10:56.530Z - [REQUEST]: Responding to the client. project-graph
[NX v21.3.6 Daemon Server] - 2026-01-01T21:10:56.530Z - Done responding to the client project-graph
[NX v21.3.6 Daemon Server] - 2026-01-01T21:10:56.530Z - Handled REQUEST_PROJECT_GRAPH. Handling time: 0. Response time: 0.
[NX v21.3.6 Daemon Server] - 2026-01-01T21:10:56.530Z - Time taken for 'total for creating and serializing project graph' 0.05574999935925007ms
[NX v21.3.6 Daemon Server] - 2026-01-01T21:10:56.530Z - Established a connection. Number of open connections: 2
[NX v21.3.6 Daemon Server] - 2026-01-01T21:11:02.501Z - [WATCHER]: Processing file changes in outputs
[NX v21.3.6 Daemon Server] - 2026-01-01T21:11:02.501Z - [WATCHER]: 5 file(s) created or restored, 0 file(s) modified, 1 file(s) deleted
[NX v21.3.6 Daemon Server] - 2026-01-01T21:11:02.501Z - [REQUEST]: Responding to the client. File watch changed
[NX v21.3.6 Daemon Server] - 2026-01-01T21:11:02.501Z - Done responding to the client File watch changed
[NX v21.3.6 Daemon Server] - 2026-01-01T21:11:02.501Z - Handled FILE-WATCH-CHANGED. Handling time: 0. Response time: 0.
[NX v21.3.6 Daemon Server] - 2026-01-01T21:11:02.501Z - Time taken for 'changed-projects' 0.033083001151680946ms
[NX v21.3.6 Daemon Server] - 2026-01-01T21:11:02.602Z - [REQUEST]: Updated workspace context based on watched changes, recomputing project graph...
[NX v21.3.6 Daemon Server] - 2026-01-01T21:11:02.602Z - [REQUEST]: apps/flights/src/app/domains/ticketing/feature-booking/flight-card/flight-card.component.html,apps/flights/src/app/domains/ticketing/feature-booking/flight-search/flight-search.component.ts,package.json,apps/flights/src/app/domains/ticketing/feature-booking/flight-card/flight-card.component.ts,apps/flights/src/app/domains/ticketing/feature-booking/flight-search/flight-search.component.html
[NX v21.3.6 Daemon Server] - 2026-01-01T21:11:02.602Z - [REQUEST]: .npmrc
Time for 'nx/js/dependencies-and-lockfile:createNodes' 0.042083000764250755
[NX v21.3.6 Daemon Server] - 2026-01-01T21:11:02.603Z - Time taken for 'hash changed files from watcher' 0.28212499991059303ms
Time for 'nx/core/package-json:createNodes' 0.20024999976158142
Time for 'nx/core/project-json:createNodes' 0.13708299957215786
[NX v21.3.6 Daemon Server] - 2026-01-01T21:11:02.605Z - Time taken for 'build-project-configs' 1.6769999992102385ms
Time for 'build typescript dependencies' 4.501250000670552
[NX v21.3.6 Daemon Server] - 2026-01-01T21:11:02.611Z - Wrote project graph cache to /Users/manfredsteyer/projects/trainings/flight-app/.nx/workspace-data/project-graph.json
[NX v21.3.6 Daemon Server] - 2026-01-01T21:11:02.611Z - [SYNC]: collect registered sync generators
[NX v21.3.6 Daemon Server] - 2026-01-01T21:11:02.611Z - [SYNC]: project graph hash is the same, not collecting task sync generators
[NX v21.3.6 Daemon Server] - 2026-01-01T21:11:02.611Z - [SYNC]: nx.json hash is the same, not collecting global sync generators
[NX v21.3.6 Daemon Server] - 2026-01-01T21:11:02.611Z - [REQUEST]: Responding to the client. File watch changed
[NX v21.3.6 Daemon Server] - 2026-01-01T21:11:02.611Z - Done responding to the client File watch changed
[NX v21.3.6 Daemon Server] - 2026-01-01T21:11:02.611Z - Handled FILE-WATCH-CHANGED. Handling time: 0. Response time: 0.
[NX v21.3.6 Daemon Server] - 2026-01-01T21:11:02.611Z - Time taken for 'total execution time for createProjectGraph()' 5.786666000261903ms
[NX v21.3.6 Daemon Server] - 2026-01-01T21:11:03.617Z - Established a connection. Number of open connections: 3
[NX v21.3.6 Daemon Server] - 2026-01-01T21:11:03.618Z - [REQUEST]: Client Request for Project Graph Received
[NX v21.3.6 Daemon Server] - 2026-01-01T21:11:03.618Z - Reusing in-memory cached project graph because no files changed.
[NX v21.3.6 Daemon Server] - 2026-01-01T21:11:03.618Z - [REQUEST]: Responding to the client. project-graph
[NX v21.3.6 Daemon Server] - 2026-01-01T21:11:03.618Z - Done responding to the client project-graph
[NX v21.3.6 Daemon Server] - 2026-01-01T21:11:03.618Z - Handled REQUEST_PROJECT_GRAPH. Handling time: 0. Response time: 0.
[NX v21.3.6 Daemon Server] - 2026-01-01T21:11:03.618Z - Time taken for 'total for creating and serializing project graph' 0.30970799922943115ms
[NX v21.3.6 Daemon Server] - 2026-01-01T21:11:03.619Z - Closed a connection. Number of open connections: 2
[NX v21.3.6 Daemon Server] - 2026-01-01T21:11:03.619Z - [REQUEST]: Responding to the client. handleContextFileData
[NX v21.3.6 Daemon Server] - 2026-01-01T21:11:03.619Z - Done responding to the client handleContextFileData
[NX v21.3.6 Daemon Server] - 2026-01-01T21:11:03.619Z - Handled GET_CONTEXT_FILE_DATA. Handling time: 0. Response time: 0.
[NX v21.3.6 Daemon Server] - 2026-01-01T21:11:03.620Z - Closed a connection. Number of open connections: 1
[NX v21.3.6 Daemon Server] - 2026-01-01T21:11:03.845Z - Closed a connection. Number of open connections: 0
[NX v21.3.6 Daemon Server] - 2026-01-01T21:11:03.846Z - Established a connection. Number of open connections: 1
[NX v21.3.6 Daemon Server] - 2026-01-01T21:11:03.846Z - Closed a connection. Number of open connections: 0
[NX v21.3.6 Daemon Server] - 2026-01-01T21:11:03.846Z - Established a connection. Number of open connections: 1
[NX v21.3.6 Daemon Server] - 2026-01-01T21:11:03.846Z - Established a connection. Number of open connections: 2
[NX v21.3.6 Daemon Server] - 2026-01-01T21:11:03.846Z - Closed a connection. Number of open connections: 1
[NX v21.3.6 Daemon Server] - 2026-01-01T21:11:03.846Z - [REQUEST]: Client Request for Project Graph Received
[NX v21.3.6 Daemon Server] - 2026-01-01T21:11:03.846Z - Reusing in-memory cached project graph because no files changed.
[NX v21.3.6 Daemon Server] - 2026-01-01T21:11:03.846Z - [REQUEST]: Responding to the client. project-graph
[NX v21.3.6 Daemon Server] - 2026-01-01T21:11:03.846Z - Done responding to the client project-graph
[NX v21.3.6 Daemon Server] - 2026-01-01T21:11:03.846Z - Handled REQUEST_PROJECT_GRAPH. Handling time: 0. Response time: 0.
[NX v21.3.6 Daemon Server] - 2026-01-01T21:11:03.846Z - Time taken for 'total for creating and serializing project graph' 0.08266699872910976ms
[NX v21.3.6 Daemon Server] - 2026-01-01T21:11:03.846Z - [REQUEST]: Client Request for Project Graph Received
[NX v21.3.6 Daemon Server] - 2026-01-01T21:11:03.846Z - Reusing in-memory cached project graph because no files changed.
[NX v21.3.6 Daemon Server] - 2026-01-01T21:11:03.846Z - [REQUEST]: Responding to the client. project-graph
[NX v21.3.6 Daemon Server] - 2026-01-01T21:11:03.846Z - Done responding to the client project-graph
[NX v21.3.6 Daemon Server] - 2026-01-01T21:11:03.846Z - Handled REQUEST_PROJECT_GRAPH. Handling time: 0. Response time: 0.
[NX v21.3.6 Daemon Server] - 2026-01-01T21:11:03.846Z - Time taken for 'total for creating and serializing project graph' 0.07283399999141693ms
[NX v21.3.6 Daemon Server] - 2026-01-01T21:11:03.847Z - Established a connection. Number of open connections: 2
[NX v21.3.6 Daemon Server] - 2026-01-01T21:11:19.480Z - [WATCHER]: Processing file changes in outputs
[NX v21.3.6 Daemon Server] - 2026-01-01T21:11:19.481Z - [WATCHER]: 10 file(s) created or restored, 0 file(s) modified, 1 file(s) deleted
[NX v21.3.6 Daemon Server] - 2026-01-01T21:11:19.481Z - [REQUEST]: Responding to the client. File watch changed
[NX v21.3.6 Daemon Server] - 2026-01-01T21:11:19.481Z - Done responding to the client File watch changed
[NX v21.3.6 Daemon Server] - 2026-01-01T21:11:19.481Z - Handled FILE-WATCH-CHANGED. Handling time: 0. Response time: 0.
[NX v21.3.6 Daemon Server] - 2026-01-01T21:11:19.481Z - Time taken for 'changed-projects' 0.026792000979185104ms
[NX v21.3.6 Daemon Server] - 2026-01-01T21:11:19.581Z - [REQUEST]: Updated workspace context based on watched changes, recomputing project graph...
[NX v21.3.6 Daemon Server] - 2026-01-01T21:11:19.581Z - [REQUEST]: apps/flights/src/app/domains/ticketing/feature-booking/flight-card/flight-card.component.html,apps/flights/src/app/domains/ticketing/feature-booking/flight-card/flight-card.component.ts,apps/flights/src/app/domains/ticketing/feature-booking/flight-search/flight-search.component.ts,apps/flights/src/app/domains/ticketing/data/flight.service.ts,apps/flights/src/app/domains/ticketing/feature-booking/booking.store.ts,apps/flights/src/app/domains/shared/util-common/debounce-signal.ts,apps/flights/src/app/domains/ticketing/feature-booking/delay-first-flights.ts,apps/flights/src/app/domains/shared/util-common/form-update.directive.ts,apps/flights/src/app/domains/ticketing/feature-booking/flight-search/flight-search.component.html,apps/flights/src/app/domains/shared/util-common/index.ts
[NX v21.3.6 Daemon Server] - 2026-01-01T21:11:19.581Z - [REQUEST]: migrations.json
Time for 'nx/js/dependencies-and-lockfile:createNodes' 0.03154100105166435
[NX v21.3.6 Daemon Server] - 2026-01-01T21:11:19.582Z - Time taken for 'hash changed files from watcher' 0.3290839996188879ms
Time for 'nx/core/project-json:createNodes' 0.13599999994039536
Time for 'nx/core/package-json:createNodes' 0.36533400043845177
[NX v21.3.6 Daemon Server] - 2026-01-01T21:11:19.583Z - Time taken for 'build-project-configs' 0.787542000412941ms
Time for 'build typescript dependencies' 12.93041600100696
[NX v21.3.6 Daemon Server] - 2026-01-01T21:11:19.598Z - Wrote project graph cache to /Users/manfredsteyer/projects/trainings/flight-app/.nx/workspace-data/project-graph.json
[NX v21.3.6 Daemon Server] - 2026-01-01T21:11:19.598Z - [SYNC]: collect registered sync generators
[NX v21.3.6 Daemon Server] - 2026-01-01T21:11:19.599Z - [SYNC]: project graph hash is the same, not collecting task sync generators
[NX v21.3.6 Daemon Server] - 2026-01-01T21:11:19.599Z - [SYNC]: nx.json hash is the same, not collecting global sync generators
[NX v21.3.6 Daemon Server] - 2026-01-01T21:11:19.599Z - [REQUEST]: Responding to the client. File watch changed
[NX v21.3.6 Daemon Server] - 2026-01-01T21:11:19.599Z - Done responding to the client File watch changed
[NX v21.3.6 Daemon Server] - 2026-01-01T21:11:19.599Z - Handled FILE-WATCH-CHANGED. Handling time: 0. Response time: 0.
[NX v21.3.6 Daemon Server] - 2026-01-01T21:11:19.599Z - Time taken for 'total execution time for createProjectGraph()' 13.836209001019597ms
[NX v21.3.6 Daemon Server] - 2026-01-01T21:11:30.608Z - Established a connection. Number of open connections: 3
[NX v21.3.6 Daemon Server] - 2026-01-01T21:11:30.609Z - [REQUEST]: Client Request for Project Graph Received
[NX v21.3.6 Daemon Server] - 2026-01-01T21:11:30.610Z - Reusing in-memory cached project graph because no files changed.
[NX v21.3.6 Daemon Server] - 2026-01-01T21:11:30.610Z - [REQUEST]: Responding to the client. project-graph
[NX v21.3.6 Daemon Server] - 2026-01-01T21:11:30.610Z - Done responding to the client project-graph
[NX v21.3.6 Daemon Server] - 2026-01-01T21:11:30.610Z - Handled REQUEST_PROJECT_GRAPH. Handling time: 1. Response time: 0.
[NX v21.3.6 Daemon Server] - 2026-01-01T21:11:30.610Z - Time taken for 'total for creating and serializing project graph' 0.570542000234127ms
[NX v21.3.6 Daemon Server] - 2026-01-01T21:11:30.611Z - Closed a connection. Number of open connections: 2
[NX v21.3.6 Daemon Server] - 2026-01-01T21:11:30.611Z - [REQUEST]: Responding to the client. handleContextFileData
[NX v21.3.6 Daemon Server] - 2026-01-01T21:11:30.612Z - Done responding to the client handleContextFileData
[NX v21.3.6 Daemon Server] - 2026-01-01T21:11:30.612Z - Handled GET_CONTEXT_FILE_DATA. Handling time: 0. Response time: 1.
[NX v21.3.6 Daemon Server] - 2026-01-01T21:11:30.612Z - Closed a connection. Number of open connections: 1
[NX v21.3.6 Daemon Server] - 2026-01-01T21:11:30.913Z - Closed a connection. Number of open connections: 0
[NX v21.3.6 Daemon Server] - 2026-01-01T21:11:30.913Z - Established a connection. Number of open connections: 1
[NX v21.3.6 Daemon Server] - 2026-01-01T21:11:30.913Z - Established a connection. Number of open connections: 2
[NX v21.3.6 Daemon Server] - 2026-01-01T21:11:30.914Z - Closed a connection. Number of open connections: 1
[NX v21.3.6 Daemon Server] - 2026-01-01T21:11:30.914Z - Established a connection. Number of open connections: 2
[NX v21.3.6 Daemon Server] - 2026-01-01T21:11:30.914Z - Closed a connection. Number of open connections: 1
[NX v21.3.6 Daemon Server] - 2026-01-01T21:11:30.914Z - [REQUEST]: Client Request for Project Graph Received
[NX v21.3.6 Daemon Server] - 2026-01-01T21:11:30.914Z - Reusing in-memory cached project graph because no files changed.
[NX v21.3.6 Daemon Server] - 2026-01-01T21:11:30.914Z - [REQUEST]: Responding to the client. project-graph
[NX v21.3.6 Daemon Server] - 2026-01-01T21:11:30.914Z - Done responding to the client project-graph
[NX v21.3.6 Daemon Server] - 2026-01-01T21:11:30.914Z - Handled REQUEST_PROJECT_GRAPH. Handling time: 0. Response time: 0.
[NX v21.3.6 Daemon Server] - 2026-01-01T21:11:30.914Z - Time taken for 'total for creating and serializing project graph' 0.07845799997448921ms
[NX v21.3.6 Daemon Server] - 2026-01-01T21:11:30.914Z - [REQUEST]: Client Request for Project Graph Received
[NX v21.3.6 Daemon Server] - 2026-01-01T21:11:30.914Z - Reusing in-memory cached project graph because no files changed.
[NX v21.3.6 Daemon Server] - 2026-01-01T21:11:30.914Z - [REQUEST]: Responding to the client. project-graph
[NX v21.3.6 Daemon Server] - 2026-01-01T21:11:30.914Z - Done responding to the client project-graph
[NX v21.3.6 Daemon Server] - 2026-01-01T21:11:30.914Z - Handled REQUEST_PROJECT_GRAPH. Handling time: 0. Response time: 0.
[NX v21.3.6 Daemon Server] - 2026-01-01T21:11:30.914Z - Time taken for 'total for creating and serializing project graph' 0.051374999806284904ms
[NX v21.3.6 Daemon Server] - 2026-01-01T21:11:30.914Z - Established a connection. Number of open connections: 2
[NX v21.3.6 Daemon Server] - 2026-01-01T21:11:54.892Z - [WATCHER]: 44 file(s) created or restored, 0 file(s) modified, 19 file(s) deleted
[NX v21.3.6 Daemon Server] - 2026-01-01T21:11:54.892Z - [REQUEST]: Responding to the client. File watch changed
[NX v21.3.6 Daemon Server] - 2026-01-01T21:11:54.892Z - Done responding to the client File watch changed
[NX v21.3.6 Daemon Server] - 2026-01-01T21:11:54.893Z - Handled FILE-WATCH-CHANGED. Handling time: 0. Response time: 1.
[NX v21.3.6 Daemon Server] - 2026-01-01T21:11:54.893Z - [WATCHER]: Processing file changes in outputs
[NX v21.3.6 Daemon Server] - 2026-01-01T21:11:54.894Z - Time taken for 'changed-projects' 0.0521249994635582ms
[NX v21.3.6 Daemon Server] - 2026-01-01T21:11:54.993Z - [REQUEST]: Updated workspace context based on watched changes, recomputing project graph...
[NX v21.3.6 Daemon Server] - 2026-01-01T21:11:54.994Z - [REQUEST]: jest.preset.js,apps/boarding/src/app/nx-welcome.component.ts,.vscode/extensions.json,apps/boarding/src/favicon.ico,libs/ui-common/.eslintrc.json,libs/ui-common/project.json,apps/boarding/src/app/app.component.css,apps/boarding/src/app/app.component.html,apps/flights/src/app/shell/sidebar/sidebar.component.html,apps/boarding/src/test-setup.ts,apps/boarding/src/assets/.gitkeep,libs/ui-common/src/lib/libs/ui-common/ui-common.component.ts,libs/ui-common/tsconfig.json,libs/ui-common/src/lib/libs/ui-common/ui-common.component.spec.ts,migrations.json,apps/boarding/jest.config.ts,libs/ui-common/README.md,nx.json,apps/boarding/.eslintrc.json,apps/flights/src/app/domains/ticketing/feature-booking/flight-card/flight-card.component.ts,tsconfig.base.json,apps/flights/src/app/domains/ticketing/feature-booking/flight-search/flight-search.component.html,apps/boarding/tsconfig.app.json,apps/flights/src/app/domains/ticketing/data/flight.service.ts,apps/boarding/tsconfig.spec.json,libs/ui-common/src/test-setup.ts,apps/boarding/tsconfig.editor.json,apps/boarding/project.json,apps/boarding/src/main.ts,apps/boarding/src/app/app.component.spec.ts,apps/flights/src/app/domains/shared/util-common/index.ts,libs/ui-common/jest.config.ts,libs/ui-common/src/index.ts,libs/ui-common/src/lib/libs/ui-common/ui-common.component.html,libs/ui-common/tsconfig.lib.json,apps/boarding/tsconfig.json,apps/flights/src/main.ts,apps/boarding/src/app/app.component.ts,apps/boarding/src/index.html,apps/boarding/src/styles.css,apps/flights/src/app/domains/ticketing/feature-booking/flight-search/flight-search.component.ts,libs/ui-common/tsconfig.spec.json,apps/flights/src/app/app.routes.ts,libs/ui-common/src/lib/libs/ui-common/ui-common.component.css
[NX v21.3.6 Daemon Server] - 2026-01-01T21:11:54.994Z - [REQUEST]: apps/flights/src/app/domains/luggage/feature-checkin/checkin/checkin.component.spec.ts,apps/flights/src/app/domains/luggage/data/luggage.service.ts,apps/flights/src/app/domains/luggage/data/index.ts,apps/flights/src/app/domains/ticketing/feature-booking/booking.store.ts,apps/flights/src/app/domains/luggage/ui-common/luggage-card/luggage-card.component.spec.ts,apps/flights/src/app/domains/luggage/feature-checkin/checkin/checkin.component.css,apps/flights/src/app/domains/luggage/feature-checkin/feature-checkin.routes.ts,apps/flights/src/app/domains/shared/util-common/debounce-signal.ts,apps/flights/src/app/domains/luggage/ui-common/luggage-card/luggage-card.component.css,apps/flights/src/app/domains/luggage/feature-checkin/checkin/checkin.component.ts,apps/flights/src/app/domains/luggage/data/luggage.ts,apps/flights/src/app/domains/luggage/feature-checkin/checkin/checkin.component.html,apps/flights/src/app/domains/luggage/ui-common/luggage-card/luggage-card.component.ts,apps/flights/src/app/domains/luggage/data/luggage.service.spec.ts,apps/flights/src/app/domains/luggage/ui-common/index.ts,apps/flights/src/app/domains/ticketing/feature-booking/delay-first-flights.ts,apps/flights/src/app/domains/shared/util-common/form-update.directive.ts,apps/flights/src/app/domains/luggage/feature-checkin/index.ts,apps/flights/src/app/domains/luggage/ui-common/luggage-card/luggage-card.component.html
[NX v21.3.6 Daemon Server] - 2026-01-01T21:11:54.995Z - Time taken for 'hash changed files from watcher' 0.42808299884200096ms
Time for 'nx/js/dependencies-and-lockfile:createNodes' 0.05579200014472008
Time for 'nx/core/package-json:createNodes' 0.5060000009834766
Time for 'nx/core/project-json:createNodes' 0.45495899952948093
[NX v21.3.6 Daemon Server] - 2026-01-01T21:11:55.002Z - Time taken for 'build-project-configs' 6.2439580000936985ms
Time for 'build typescript dependencies' 17.604542000219226
[NX v21.3.6 Daemon Server] - 2026-01-01T21:11:55.022Z - Wrote project graph cache to /Users/manfredsteyer/projects/trainings/flight-app/.nx/workspace-data/project-graph.json
[NX v21.3.6 Daemon Server] - 2026-01-01T21:11:55.022Z - [SYNC]: collect registered sync generators
[NX v21.3.6 Daemon Server] - 2026-01-01T21:11:55.022Z - [SYNC]: nx.json hash is the same, not collecting global sync generators
[NX v21.3.6 Daemon Server] - 2026-01-01T21:11:55.022Z - [REQUEST]: Responding to the client. File watch changed
[NX v21.3.6 Daemon Server] - 2026-01-01T21:11:55.022Z - Done responding to the client File watch changed
[NX v21.3.6 Daemon Server] - 2026-01-01T21:11:55.022Z - Handled FILE-WATCH-CHANGED. Handling time: 0. Response time: 0.
[NX v21.3.6 Daemon Server] - 2026-01-01T21:11:55.022Z - Time taken for 'total execution time for createProjectGraph()' 19.357457999140024ms
[NX v21.3.6 Daemon Server] - 2026-01-01T21:11:56.024Z - Established a connection. Number of open connections: 3
[NX v21.3.6 Daemon Server] - 2026-01-01T21:11:56.025Z - [REQUEST]: Client Request for Project Graph Received
[NX v21.3.6 Daemon Server] - 2026-01-01T21:11:56.025Z - Reusing in-memory cached project graph because no files changed.
[NX v21.3.6 Daemon Server] - 2026-01-01T21:11:56.025Z - [REQUEST]: Responding to the client. project-graph
[NX v21.3.6 Daemon Server] - 2026-01-01T21:11:56.025Z - Time taken for 'total for creating and serializing project graph' 0.10929200053215027ms
[NX v21.3.6 Daemon Server] - 2026-01-01T21:11:56.025Z - Closed a connection. Number of open connections: 2
[NX v21.3.6 Daemon Server] - 2026-01-01T21:11:56.025Z - Done responding to the client project-graph
[NX v21.3.6 Daemon Server] - 2026-01-01T21:11:56.025Z - Handled REQUEST_PROJECT_GRAPH. Handling time: 0. Response time: 0.
[NX v21.3.6 Daemon Server] - 2026-01-01T21:11:56.025Z - [REQUEST]: Responding to the client. handleContextFileData
[NX v21.3.6 Daemon Server] - 2026-01-01T21:11:56.026Z - Done responding to the client handleContextFileData
[NX v21.3.6 Daemon Server] - 2026-01-01T21:11:56.026Z - Handled GET_CONTEXT_FILE_DATA. Handling time: 0. Response time: 1.
[NX v21.3.6 Daemon Server] - 2026-01-01T21:11:56.026Z - Closed a connection. Number of open connections: 1
[NX v21.3.6 Daemon Server] - 2026-01-01T21:11:56.193Z - Closed a connection. Number of open connections: 0
[NX v21.3.6 Daemon Server] - 2026-01-01T21:11:56.193Z - Established a connection. Number of open connections: 1
[NX v21.3.6 Daemon Server] - 2026-01-01T21:11:56.193Z - Established a connection. Number of open connections: 2
[NX v21.3.6 Daemon Server] - 2026-01-01T21:11:56.193Z - Closed a connection. Number of open connections: 1
[NX v21.3.6 Daemon Server] - 2026-01-01T21:11:56.193Z - Established a connection. Number of open connections: 2
[NX v21.3.6 Daemon Server] - 2026-01-01T21:11:56.193Z - Closed a connection. Number of open connections: 1
[NX v21.3.6 Daemon Server] - 2026-01-01T21:11:56.193Z - [REQUEST]: Client Request for Project Graph Received
[NX v21.3.6 Daemon Server] - 2026-01-01T21:11:56.194Z - Reusing in-memory cached project graph because no files changed.
[NX v21.3.6 Daemon Server] - 2026-01-01T21:11:56.194Z - [REQUEST]: Responding to the client. project-graph
[NX v21.3.6 Daemon Server] - 2026-01-01T21:11:56.194Z - Time taken for 'total for creating and serializing project graph' 0.09200000017881393ms
[NX v21.3.6 Daemon Server] - 2026-01-01T21:11:56.194Z - Done responding to the client project-graph
[NX v21.3.6 Daemon Server] - 2026-01-01T21:11:56.194Z - Handled REQUEST_PROJECT_GRAPH. Handling time: 1. Response time: 0.
[NX v21.3.6 Daemon Server] - 2026-01-01T21:11:56.194Z - [REQUEST]: Client Request for Project Graph Received
[NX v21.3.6 Daemon Server] - 2026-01-01T21:11:56.194Z - Reusing in-memory cached project graph because no files changed.
[NX v21.3.6 Daemon Server] - 2026-01-01T21:11:56.194Z - [REQUEST]: Responding to the client. project-graph
[NX v21.3.6 Daemon Server] - 2026-01-01T21:11:56.194Z - Time taken for 'total for creating and serializing project graph' 0.060499999672174454ms
[NX v21.3.6 Daemon Server] - 2026-01-01T21:11:56.194Z - Done responding to the client project-graph
[NX v21.3.6 Daemon Server] - 2026-01-01T21:11:56.194Z - Handled REQUEST_PROJECT_GRAPH. Handling time: 0. Response time: 0.
[NX v21.3.6 Daemon Server] - 2026-01-01T21:11:56.194Z - Established a connection. Number of open connections: 2
[NX v21.3.6 Daemon Server] - 2026-01-01T21:12:13.825Z - [WATCHER]: 30 file(s) created or restored, 0 file(s) modified, 32 file(s) deleted
[NX v21.3.6 Daemon Server] - 2026-01-01T21:12:13.826Z - [REQUEST]: Responding to the client. File watch changed
[NX v21.3.6 Daemon Server] - 2026-01-01T21:12:13.826Z - Done responding to the client File watch changed
[NX v21.3.6 Daemon Server] - 2026-01-01T21:12:13.826Z - Handled FILE-WATCH-CHANGED. Handling time: 0. Response time: 0.
[NX v21.3.6 Daemon Server] - 2026-01-01T21:12:13.826Z - [WATCHER]: Processing file changes in outputs
[NX v21.3.6 Daemon Server] - 2026-01-01T21:12:13.826Z - Time taken for 'changed-projects' 0.05854199826717377ms
[NX v21.3.6 Daemon Server] - 2026-01-01T21:12:13.926Z - [REQUEST]: Updated workspace context based on watched changes, recomputing project graph...
[NX v21.3.6 Daemon Server] - 2026-01-01T21:12:13.926Z - [REQUEST]: apps/flights/src/app/domains/luggage/feature-checkin/feature-checkin.routes.ts,apps/flights/src/app/shell/sidebar/sidebar.component.html,apps/flights/src/app/domains/luggage/feature-checkin/checkin/checkin.component.ts,apps/flights/src/app/domains/ticketing/feature-booking/flight-search/flight-search.component.html,migrations.json,apps/flights/src/app/domains/luggage/data/luggage.service.ts,apps/flights/src/app/domains/luggage/ui-common/luggage-card/luggage-card.component.html,apps/flights/src/app/domains/luggage/ui-common/luggage-card/luggage-card.component.spec.ts,apps/flights/src/app/domains/ticketing/feature-booking/booking.store.ts,apps/flights/src/app/domains/luggage/feature-checkin/index.ts,apps/flights/src/app/domains/ticketing/feature-booking/flight-search/flight-search.component.ts,apps/flights/src/app/domains/ticketing/feature-booking/flight-card/flight-card.component.ts,apps/flights/src/app/domains/luggage/feature-checkin/checkin/checkin.component.css,.vscode/extensions.json,apps/flights/src/app/domains/luggage/feature-checkin/checkin/checkin.component.spec.ts,nx.json,apps/flights/src/app/domains/luggage/data/luggage.ts,apps/flights/src/app/domains/shared/util-common/callstate.feature.ts,apps/flights/src/app/domains/luggage/ui-common/luggage-card/luggage-card.component.css,apps/flights/src/app/app.routes.ts,apps/flights/src/app/domains/luggage/data/luggage.service.spec.ts,apps/flights/src/app/domains/luggage/ui-common/luggage-card/luggage-card.component.ts,apps/flights/src/app/domains/ticketing/data/flight.service.ts,apps/flights/src/main.ts,apps/flights/src/app/domains/luggage/data/index.ts,apps/flights/src/app/domains/shared/util-common/index.ts,tsconfig.base.json,apps/flights/src/app/domains/shared/util-common/form-update.directive.ts,apps/flights/src/app/domains/luggage/ui-common/index.ts,apps/flights/src/app/domains/luggage/feature-checkin/checkin/checkin.component.html
[NX v21.3.6 Daemon Server] - 2026-01-01T21:12:13.926Z - [REQUEST]: apps/boarding/src/styles.css,libs/ui-common/src/index.ts,libs/ui-common/jest.config.ts,apps/boarding/src/main.ts,apps/boarding/tsconfig.editor.json,apps/boarding/project.json,libs/ui-common/tsconfig.spec.json,libs/ui-common/src/lib/libs/ui-common/ui-common.component.spec.ts,apps/boarding/.eslintrc.json,apps/boarding/tsconfig.spec.json,libs/ui-common/src/lib/libs/ui-common/ui-common.component.css,apps/boarding/src/app/app.component.css,libs/ui-common/src/lib/libs/ui-common/ui-common.component.ts,libs/ui-common/tsconfig.json,apps/boarding/jest.config.ts,apps/boarding/src/app/app.component.ts,apps/boarding/src/test-setup.ts,apps/boarding/tsconfig.json,apps/boarding/tsconfig.app.json,apps/boarding/src/app/app.component.spec.ts,jest.preset.js,libs/ui-common/src/test-setup.ts,apps/boarding/src/index.html,apps/boarding/src/favicon.ico,libs/ui-common/.eslintrc.json,libs/ui-common/README.md,apps/boarding/src/assets/.gitkeep,libs/ui-common/project.json,apps/boarding/src/app/app.component.html,libs/ui-common/src/lib/libs/ui-common/ui-common.component.html,apps/boarding/src/app/nx-welcome.component.ts,libs/ui-common/tsconfig.lib.json
Time for 'nx/js/dependencies-and-lockfile:createNodes' 0.04066700115799904
[NX v21.3.6 Daemon Server] - 2026-01-01T21:12:13.927Z - Time taken for 'hash changed files from watcher' 0.4552500005811453ms
Time for 'nx/core/project-json:createNodes' 0.12399999983608723
Time for 'nx/core/package-json:createNodes' 0.1940419990569353
[NX v21.3.6 Daemon Server] - 2026-01-01T21:12:13.929Z - Time taken for 'build-project-configs' 0.7337500005960464ms
Time for 'build typescript dependencies' 22.95962500013411
[NX v21.3.6 Daemon Server] - 2026-01-01T21:12:13.953Z - Wrote project graph cache to /Users/manfredsteyer/projects/trainings/flight-app/.nx/workspace-data/project-graph.json
[NX v21.3.6 Daemon Server] - 2026-01-01T21:12:13.953Z - [SYNC]: collect registered sync generators
[NX v21.3.6 Daemon Server] - 2026-01-01T21:12:13.953Z - [SYNC]: nx.json hash is the same, not collecting global sync generators
[NX v21.3.6 Daemon Server] - 2026-01-01T21:12:13.953Z - [REQUEST]: Responding to the client. File watch changed
[NX v21.3.6 Daemon Server] - 2026-01-01T21:12:13.953Z - Done responding to the client File watch changed
[NX v21.3.6 Daemon Server] - 2026-01-01T21:12:13.953Z - Handled FILE-WATCH-CHANGED. Handling time: 0. Response time: 0.
[NX v21.3.6 Daemon Server] - 2026-01-01T21:12:13.953Z - Time taken for 'total execution time for createProjectGraph()' 24.027791999280453ms
[NX v21.3.6 Daemon Server] - 2026-01-01T21:12:14.957Z - Established a connection. Number of open connections: 3
[NX v21.3.6 Daemon Server] - 2026-01-01T21:12:14.957Z - [REQUEST]: Client Request for Project Graph Received
[NX v21.3.6 Daemon Server] - 2026-01-01T21:12:14.958Z - Reusing in-memory cached project graph because no files changed.
[NX v21.3.6 Daemon Server] - 2026-01-01T21:12:14.958Z - [REQUEST]: Responding to the client. project-graph
[NX v21.3.6 Daemon Server] - 2026-01-01T21:12:14.958Z - Done responding to the client project-graph
[NX v21.3.6 Daemon Server] - 2026-01-01T21:12:14.958Z - Handled REQUEST_PROJECT_GRAPH. Handling time: 1. Response time: 0.
[NX v21.3.6 Daemon Server] - 2026-01-01T21:12:14.958Z - Time taken for 'total for creating and serializing project graph' 0.13049999997019768ms
[NX v21.3.6 Daemon Server] - 2026-01-01T21:12:14.958Z - Closed a connection. Number of open connections: 2
[NX v21.3.6 Daemon Server] - 2026-01-01T21:12:14.958Z - [REQUEST]: Responding to the client. handleContextFileData
[NX v21.3.6 Daemon Server] - 2026-01-01T21:12:14.958Z - Done responding to the client handleContextFileData
[NX v21.3.6 Daemon Server] - 2026-01-01T21:12:14.958Z - Handled GET_CONTEXT_FILE_DATA. Handling time: 0. Response time: 0.
[NX v21.3.6 Daemon Server] - 2026-01-01T21:12:14.958Z - Closed a connection. Number of open connections: 1
[NX v21.3.6 Daemon Server] - 2026-01-01T21:12:15.124Z - Closed a connection. Number of open connections: 0
[NX v21.3.6 Daemon Server] - 2026-01-01T21:12:15.124Z - Established a connection. Number of open connections: 1
[NX v21.3.6 Daemon Server] - 2026-01-01T21:12:15.124Z - Closed a connection. Number of open connections: 0
[NX v21.3.6 Daemon Server] - 2026-01-01T21:12:15.124Z - Established a connection. Number of open connections: 1
[NX v21.3.6 Daemon Server] - 2026-01-01T21:12:15.124Z - Established a connection. Number of open connections: 2
[NX v21.3.6 Daemon Server] - 2026-01-01T21:12:15.124Z - Closed a connection. Number of open connections: 1
[NX v21.3.6 Daemon Server] - 2026-01-01T21:12:15.124Z - [REQUEST]: Client Request for Project Graph Received
[NX v21.3.6 Daemon Server] - 2026-01-01T21:12:15.124Z - Reusing in-memory cached project graph because no files changed.
[NX v21.3.6 Daemon Server] - 2026-01-01T21:12:15.124Z - [REQUEST]: Responding to the client. project-graph
[NX v21.3.6 Daemon Server] - 2026-01-01T21:12:15.124Z - Done responding to the client project-graph
[NX v21.3.6 Daemon Server] - 2026-01-01T21:12:15.124Z - Handled REQUEST_PROJECT_GRAPH. Handling time: 0. Response time: 0.
[NX v21.3.6 Daemon Server] - 2026-01-01T21:12:15.124Z - Time taken for 'total for creating and serializing project graph' 0.07654199935495853ms
[NX v21.3.6 Daemon Server] - 2026-01-01T21:12:15.124Z - [REQUEST]: Client Request for Project Graph Received
[NX v21.3.6 Daemon Server] - 2026-01-01T21:12:15.124Z - Reusing in-memory cached project graph because no files changed.
[NX v21.3.6 Daemon Server] - 2026-01-01T21:12:15.124Z - [REQUEST]: Responding to the client. project-graph
[NX v21.3.6 Daemon Server] - 2026-01-01T21:12:15.124Z - Done responding to the client project-graph
[NX v21.3.6 Daemon Server] - 2026-01-01T21:12:15.124Z - Handled REQUEST_PROJECT_GRAPH. Handling time: 0. Response time: 0.
[NX v21.3.6 Daemon Server] - 2026-01-01T21:12:15.124Z - Time taken for 'total for creating and serializing project graph' 0.04737500101327896ms
[NX v21.3.6 Daemon Server] - 2026-01-01T21:12:15.125Z - Established a connection. Number of open connections: 2
[NX v21.3.6 Daemon Server] - 2026-01-01T21:12:24.153Z - [WATCHER]: Processing file changes in outputs
[NX v21.3.6 Daemon Server] - 2026-01-01T21:12:24.154Z - [WATCHER]: 9 file(s) created or restored, 0 file(s) modified, 3 file(s) deleted
[NX v21.3.6 Daemon Server] - 2026-01-01T21:12:24.154Z - [REQUEST]: Responding to the client. File watch changed
[NX v21.3.6 Daemon Server] - 2026-01-01T21:12:24.154Z - Done responding to the client File watch changed
[NX v21.3.6 Daemon Server] - 2026-01-01T21:12:24.154Z - Handled FILE-WATCH-CHANGED. Handling time: 0. Response time: 0.
[NX v21.3.6 Daemon Server] - 2026-01-01T21:12:24.154Z - Time taken for 'changed-projects' 0.023207999765872955ms
[NX v21.3.6 Daemon Server] - 2026-01-01T21:12:24.254Z - [REQUEST]: Updated workspace context based on watched changes, recomputing project graph...
[NX v21.3.6 Daemon Server] - 2026-01-01T21:12:24.254Z - [REQUEST]: apps/flights/src/app/domains/ticketing/feature-booking/flight-search/flight-search.component.ts,package.json,apps/flights/src/app/domains/ticketing/feature-booking/flight-search/flight-search.component.html,apps/flights/src/app/domains/shared/util-common/index.ts,apps/flights/src/app/app.routes.ts,apps/flights/src/app/domains/luggage/feature-checkin/checkin/checkin.component.html,.npmrc,apps/flights/src/app/domains/ticketing/data/flight.service.ts,migrations.json
[NX v21.3.6 Daemon Server] - 2026-01-01T21:12:24.254Z - [REQUEST]: apps/flights/src/app/domains/shared/util-common/callstate.feature.ts,apps/flights/src/app/domains/shared/util-common/form-update.directive.ts,apps/flights/src/app/domains/ticketing/feature-booking/booking.store.ts
[NX v21.3.6 Daemon Server] - 2026-01-01T21:12:24.255Z - Time taken for 'hash changed files from watcher' 0.35704199969768524ms
Time for 'nx/js/dependencies-and-lockfile:createNodes' 0.03983300179243088
Time for 'nx/core/project-json:createNodes' 0.10904200002551079
Time for 'nx/core/package-json:createNodes' 0.1890840008854866
[NX v21.3.6 Daemon Server] - 2026-01-01T21:12:24.256Z - Time taken for 'build-project-configs' 0.7050000000745058ms
Time for 'build typescript dependencies' 2.183000000193715
[NX v21.3.6 Daemon Server] - 2026-01-01T21:12:24.259Z - Wrote project graph cache to /Users/manfredsteyer/projects/trainings/flight-app/.nx/workspace-data/project-graph.json
[NX v21.3.6 Daemon Server] - 2026-01-01T21:12:24.259Z - [SYNC]: collect registered sync generators
[NX v21.3.6 Daemon Server] - 2026-01-01T21:12:24.259Z - [SYNC]: project graph hash is the same, not collecting task sync generators
[NX v21.3.6 Daemon Server] - 2026-01-01T21:12:24.259Z - [SYNC]: nx.json hash is the same, not collecting global sync generators
[NX v21.3.6 Daemon Server] - 2026-01-01T21:12:24.259Z - [REQUEST]: Responding to the client. File watch changed
[NX v21.3.6 Daemon Server] - 2026-01-01T21:12:24.259Z - Done responding to the client File watch changed
[NX v21.3.6 Daemon Server] - 2026-01-01T21:12:24.259Z - Handled FILE-WATCH-CHANGED. Handling time: 0. Response time: 0.
[NX v21.3.6 Daemon Server] - 2026-01-01T21:12:24.259Z - Time taken for 'total execution time for createProjectGraph()' 3.116084000095725ms
[NX v21.3.6 Daemon Server] - 2026-01-01T21:12:25.263Z - Established a connection. Number of open connections: 3
[NX v21.3.6 Daemon Server] - 2026-01-01T21:12:25.263Z - [REQUEST]: Client Request for Project Graph Received
[NX v21.3.6 Daemon Server] - 2026-01-01T21:12:25.263Z - Reusing in-memory cached project graph because no files changed.
[NX v21.3.6 Daemon Server] - 2026-01-01T21:12:25.263Z - [REQUEST]: Responding to the client. project-graph
[NX v21.3.6 Daemon Server] - 2026-01-01T21:12:25.263Z - Done responding to the client project-graph
[NX v21.3.6 Daemon Server] - 2026-01-01T21:12:25.263Z - Handled REQUEST_PROJECT_GRAPH. Handling time: 0. Response time: 0.
[NX v21.3.6 Daemon Server] - 2026-01-01T21:12:25.263Z - Time taken for 'total for creating and serializing project graph' 0.09333399869501591ms
[NX v21.3.6 Daemon Server] - 2026-01-01T21:12:25.263Z - Closed a connection. Number of open connections: 2
[NX v21.3.6 Daemon Server] - 2026-01-01T21:12:25.263Z - [REQUEST]: Responding to the client. handleContextFileData
[NX v21.3.6 Daemon Server] - 2026-01-01T21:12:25.264Z - Done responding to the client handleContextFileData
[NX v21.3.6 Daemon Server] - 2026-01-01T21:12:25.264Z - Handled GET_CONTEXT_FILE_DATA. Handling time: 0. Response time: 1.
[NX v21.3.6 Daemon Server] - 2026-01-01T21:12:25.264Z - Closed a connection. Number of open connections: 1
[NX v21.3.6 Daemon Server] - 2026-01-01T21:12:25.411Z - Closed a connection. Number of open connections: 0
[NX v21.3.6 Daemon Server] - 2026-01-01T21:12:25.411Z - Established a connection. Number of open connections: 1
[NX v21.3.6 Daemon Server] - 2026-01-01T21:12:25.411Z - Established a connection. Number of open connections: 2
[NX v21.3.6 Daemon Server] - 2026-01-01T21:12:25.411Z - Closed a connection. Number of open connections: 1
[NX v21.3.6 Daemon Server] - 2026-01-01T21:12:25.411Z - Established a connection. Number of open connections: 2
[NX v21.3.6 Daemon Server] - 2026-01-01T21:12:25.411Z - Closed a connection. Number of open connections: 1
[NX v21.3.6 Daemon Server] - 2026-01-01T21:12:25.412Z - [REQUEST]: Client Request for Project Graph Received
[NX v21.3.6 Daemon Server] - 2026-01-01T21:12:25.412Z - Reusing in-memory cached project graph because no files changed.
[NX v21.3.6 Daemon Server] - 2026-01-01T21:12:25.412Z - [REQUEST]: Responding to the client. project-graph
[NX v21.3.6 Daemon Server] - 2026-01-01T21:12:25.412Z - Done responding to the client project-graph
[NX v21.3.6 Daemon Server] - 2026-01-01T21:12:25.412Z - Handled REQUEST_PROJECT_GRAPH. Handling time: 0. Response time: 0.
[NX v21.3.6 Daemon Server] - 2026-01-01T21:12:25.412Z - Time taken for 'total for creating and serializing project graph' 0.07850000075995922ms
[NX v21.3.6 Daemon Server] - 2026-01-01T21:12:25.412Z - [REQUEST]: Client Request for Project Graph Received
[NX v21.3.6 Daemon Server] - 2026-01-01T21:12:25.412Z - Reusing in-memory cached project graph because no files changed.
[NX v21.3.6 Daemon Server] - 2026-01-01T21:12:25.412Z - [REQUEST]: Responding to the client. project-graph
[NX v21.3.6 Daemon Server] - 2026-01-01T21:12:25.412Z - Done responding to the client project-graph
[NX v21.3.6 Daemon Server] - 2026-01-01T21:12:25.412Z - Handled REQUEST_PROJECT_GRAPH. Handling time: 0. Response time: 0.
[NX v21.3.6 Daemon Server] - 2026-01-01T21:12:25.412Z - Time taken for 'total for creating and serializing project graph' 0.04745800048112869ms
[NX v21.3.6 Daemon Server] - 2026-01-01T21:12:25.412Z - Established a connection. Number of open connections: 2
[NX v21.3.6 Daemon Server] - 2026-01-01T22:07:37.878Z - Closed a connection. Number of open connections: 1
[NX v21.3.6 Daemon Server] - 2026-01-01T22:07:37.879Z - Closed a connection. Number of open connections: 0
[NX v21.3.6 Daemon Server] - 2026-01-05T17:17:01.343Z - Started listening on: /private/var/folders/90/xlgjf5ms3ql9v9y8n8m3vgjh0000gn/T/49183e68a8dacc8c509e/d.sock
[NX v21.3.6 Daemon Server] - 2026-01-05T17:17:01.344Z - [WATCHER]: Subscribed to changes within: /Users/manfredsteyer/projects/trainings/flight-app (native)
[NX v21.3.6 Daemon Server] - 2026-01-05T17:17:01.352Z - Established a connection. Number of open connections: 1
[NX v21.3.6 Daemon Server] - 2026-01-05T17:17:01.355Z - Closed a connection. Number of open connections: 0
[NX v21.3.6 Daemon Server] - 2026-01-05T17:17:01.368Z - Established a connection. Number of open connections: 1
[NX v21.3.6 Daemon Server] - 2026-01-05T17:17:01.369Z - Established a connection. Number of open connections: 2
[NX v21.3.6 Daemon Server] - 2026-01-05T17:17:01.369Z - Closed a connection. Number of open connections: 1
[NX v21.3.6 Daemon Server] - 2026-01-05T17:17:01.370Z - [REQUEST]: Client Request for Project Graph Received
[NX v21.3.6 Daemon Server] - 2026-01-05T17:17:01.380Z - Time taken for 'loadSpecifiedNxPlugins' 1.6705840000000194ms
Time for 'plugin worker 82331 code loading' 4.401958999999998
Time for 'plugin worker 82332 code loading' 4.962042
Time for 'plugin worker 82333 code loading' 3.156417000000001
[NX v21.3.6 Daemon Server] - 2026-01-05T17:17:01.518Z - Time taken for 'Load Nx Plugin: /Users/manfredsteyer/projects/trainings/flight-app/node_modules/nx/src/plugins/project-json/build-nodes/project-json' 145.00279099999997ms
[NX v21.3.6 Daemon Server] - 2026-01-05T17:17:01.518Z - Time taken for 'Load Nx Plugin: /Users/manfredsteyer/projects/trainings/flight-app/node_modules/nx/src/plugins/package-json' 145.84037500000002ms
[NX v21.3.6 Daemon Server] - 2026-01-05T17:17:01.533Z - [REQUEST]: Updated workspace context based on watched changes, recomputing project graph...
[NX v21.3.6 Daemon Server] - 2026-01-05T17:17:01.533Z - [REQUEST]: 
[NX v21.3.6 Daemon Server] - 2026-01-05T17:17:01.533Z - [REQUEST]: 
[NX v21.3.6 Daemon Server] - 2026-01-05T17:17:01.534Z - No files changed, but no in-memory cached project graph found. Recomputing it...
Time for 'nx/js/dependencies-and-lockfile:createNodes' 0.164874999999995
[NX v21.3.6 Daemon Server] - 2026-01-05T17:17:01.536Z - Time taken for 'loadDefaultNxPlugins' 160.353792ms
Time for 'nx/core/project-json:createNodes' 0.4873749999999859
Time for 'nx/core/package-json:createNodes' 0.6146249999999895
[NX v21.3.6 Daemon Server] - 2026-01-05T17:17:01.557Z - Time taken for 'build-project-configs' 11.169709000000012ms
Time for 'build typescript dependencies' 0.10416599999999221
[NX v21.3.6 Daemon Server] - 2026-01-05T17:17:01.561Z - Wrote project graph cache to /Users/manfredsteyer/projects/trainings/flight-app/.nx/workspace-data/project-graph.json
[NX v21.3.6 Daemon Server] - 2026-01-05T17:17:01.561Z - [SYNC]: collect registered sync generators
[NX v21.3.6 Daemon Server] - 2026-01-05T17:17:01.562Z - [REQUEST]: Responding to the client. project-graph
[NX v21.3.6 Daemon Server] - 2026-01-05T17:17:01.562Z - Done responding to the client project-graph
[NX v21.3.6 Daemon Server] - 2026-01-05T17:17:01.562Z - Handled REQUEST_PROJECT_GRAPH. Handling time: 192. Response time: 0.
[NX v21.3.6 Daemon Server] - 2026-01-05T17:17:01.562Z - Time taken for 'total for creating and serializing project graph' 191.30462500000002ms
[NX v21.3.6 Daemon Server] - 2026-01-05T17:17:01.564Z - [REQUEST]: Responding to the client. handleContextFileData
[NX v21.3.6 Daemon Server] - 2026-01-05T17:17:01.564Z - Done responding to the client handleContextFileData
[NX v21.3.6 Daemon Server] - 2026-01-05T17:17:01.564Z - Handled GET_CONTEXT_FILE_DATA. Handling time: 1. Response time: 0.
[NX v21.3.6 Daemon Server] - 2026-01-05T17:17:01.565Z - Closed a connection. Number of open connections: 0
[NX v21.3.6 Daemon Server] - 2026-01-05T17:17:01.922Z - Established a connection. Number of open connections: 1
[NX v21.3.6 Daemon Server] - 2026-01-05T17:17:01.923Z - Established a connection. Number of open connections: 2
[NX v21.3.6 Daemon Server] - 2026-01-05T17:17:01.923Z - Closed a connection. Number of open connections: 1
[NX v21.3.6 Daemon Server] - 2026-01-05T17:17:01.923Z - Established a connection. Number of open connections: 2
[NX v21.3.6 Daemon Server] - 2026-01-05T17:17:01.923Z - Closed a connection. Number of open connections: 1
[NX v21.3.6 Daemon Server] - 2026-01-05T17:17:01.923Z - [REQUEST]: Client Request for Project Graph Received
[NX v21.3.6 Daemon Server] - 2026-01-05T17:17:01.923Z - Reusing in-memory cached project graph because no files changed.
[NX v21.3.6 Daemon Server] - 2026-01-05T17:17:01.924Z - [REQUEST]: Responding to the client. project-graph
[NX v21.3.6 Daemon Server] - 2026-01-05T17:17:01.924Z - Done responding to the client project-graph
[NX v21.3.6 Daemon Server] - 2026-01-05T17:17:01.924Z - Handled REQUEST_PROJECT_GRAPH. Handling time: 1. Response time: 0.
[NX v21.3.6 Daemon Server] - 2026-01-05T17:17:01.924Z - Time taken for 'total for creating and serializing project graph' 0.14458300000001145ms
[NX v21.3.6 Daemon Server] - 2026-01-05T17:17:01.924Z - [REQUEST]: Client Request for Project Graph Received
[NX v21.3.6 Daemon Server] - 2026-01-05T17:17:01.925Z - Reusing in-memory cached project graph because no files changed.
[NX v21.3.6 Daemon Server] - 2026-01-05T17:17:01.925Z - [REQUEST]: Responding to the client. project-graph
[NX v21.3.6 Daemon Server] - 2026-01-05T17:17:01.925Z - Done responding to the client project-graph
[NX v21.3.6 Daemon Server] - 2026-01-05T17:17:01.925Z - Handled REQUEST_PROJECT_GRAPH. Handling time: 1. Response time: 0.
[NX v21.3.6 Daemon Server] - 2026-01-05T17:17:01.925Z - Time taken for 'total for creating and serializing project graph' 0.2962089999999762ms
[NX v21.3.6 Daemon Server] - 2026-01-05T17:17:01.925Z - Established a connection. Number of open connections: 2
[NX v21.3.6 Daemon Server] - 2026-01-05T17:17:44.727Z - Closed a connection. Number of open connections: 1
[NX v21.3.6 Daemon Server] - 2026-01-05T17:17:45.151Z - Closed a connection. Number of open connections: 0
[NX v21.3.6 Daemon Server] - 2026-01-05T18:35:09.062Z - Established a connection. Number of open connections: 1
[NX v21.3.6 Daemon Server] - 2026-01-05T18:35:09.063Z - Established a connection. Number of open connections: 2
[NX v21.3.6 Daemon Server] - 2026-01-05T18:35:09.063Z - Closed a connection. Number of open connections: 1
[NX v21.3.6 Daemon Server] - 2026-01-05T18:35:09.063Z - Established a connection. Number of open connections: 2
[NX v21.3.6 Daemon Server] - 2026-01-05T18:35:09.063Z - Closed a connection. Number of open connections: 1
[NX v21.3.6 Daemon Server] - 2026-01-05T18:35:09.064Z - [REQUEST]: Client Request for Project Graph Received
[NX v21.3.6 Daemon Server] - 2026-01-05T18:35:09.064Z - Reusing in-memory cached project graph because no files changed.
[NX v21.3.6 Daemon Server] - 2026-01-05T18:35:09.064Z - [REQUEST]: Responding to the client. project-graph
[NX v21.3.6 Daemon Server] - 2026-01-05T18:35:09.065Z - Done responding to the client project-graph
[NX v21.3.6 Daemon Server] - 2026-01-05T18:35:09.065Z - Handled REQUEST_PROJECT_GRAPH. Handling time: 0. Response time: 1.
[NX v21.3.6 Daemon Server] - 2026-01-05T18:35:09.065Z - Time taken for 'total for creating and serializing project graph' 0.5332500003278255ms
[NX v21.3.6 Daemon Server] - 2026-01-05T18:35:09.067Z - [REQUEST]: Responding to the client. handleContextFileData
[NX v21.3.6 Daemon Server] - 2026-01-05T18:35:09.067Z - Done responding to the client handleContextFileData
[NX v21.3.6 Daemon Server] - 2026-01-05T18:35:09.067Z - Handled GET_CONTEXT_FILE_DATA. Handling time: 1. Response time: 0.
[NX v21.3.6 Daemon Server] - 2026-01-05T18:35:09.068Z - Closed a connection. Number of open connections: 0
[NX v21.3.6 Daemon Server] - 2026-01-05T18:35:09.396Z - Established a connection. Number of open connections: 1
[NX v21.3.6 Daemon Server] - 2026-01-05T18:35:09.397Z - Established a connection. Number of open connections: 2
[NX v21.3.6 Daemon Server] - 2026-01-05T18:35:09.397Z - Closed a connection. Number of open connections: 1
[NX v21.3.6 Daemon Server] - 2026-01-05T18:35:09.397Z - Established a connection. Number of open connections: 2
[NX v21.3.6 Daemon Server] - 2026-01-05T18:35:09.397Z - Closed a connection. Number of open connections: 1
[NX v21.3.6 Daemon Server] - 2026-01-05T18:35:09.397Z - [REQUEST]: Client Request for Project Graph Received
[NX v21.3.6 Daemon Server] - 2026-01-05T18:35:09.398Z - Reusing in-memory cached project graph because no files changed.
[NX v21.3.6 Daemon Server] - 2026-01-05T18:35:09.398Z - [REQUEST]: Responding to the client. project-graph
[NX v21.3.6 Daemon Server] - 2026-01-05T18:35:09.398Z - Done responding to the client project-graph
[NX v21.3.6 Daemon Server] - 2026-01-05T18:35:09.398Z - Handled REQUEST_PROJECT_GRAPH. Handling time: 1. Response time: 0.
[NX v21.3.6 Daemon Server] - 2026-01-05T18:35:09.398Z - Time taken for 'total for creating and serializing project graph' 0.14387500006705523ms
[NX v21.3.6 Daemon Server] - 2026-01-05T18:35:09.399Z - [REQUEST]: Client Request for Project Graph Received
[NX v21.3.6 Daemon Server] - 2026-01-05T18:35:09.399Z - Reusing in-memory cached project graph because no files changed.
[NX v21.3.6 Daemon Server] - 2026-01-05T18:35:09.399Z - [REQUEST]: Responding to the client. project-graph
[NX v21.3.6 Daemon Server] - 2026-01-05T18:35:09.399Z - Done responding to the client project-graph
[NX v21.3.6 Daemon Server] - 2026-01-05T18:35:09.399Z - Handled REQUEST_PROJECT_GRAPH. Handling time: 0. Response time: 0.
[NX v21.3.6 Daemon Server] - 2026-01-05T18:35:09.399Z - Time taken for 'total for creating and serializing project graph' 0.4761249991133809ms
[NX v21.3.6 Daemon Server] - 2026-01-05T18:35:09.400Z - Established a connection. Number of open connections: 2
[NX v21.3.6 Daemon Server] - 2026-01-05T18:35:18.970Z - Closed a connection. Number of open connections: 1
[NX v21.3.6 Daemon Server] - 2026-01-05T18:35:20.894Z - Closed a connection. Number of open connections: 0
[NX v21.3.6 Daemon Server] - 2026-01-05T18:37:42.317Z - Established a connection. Number of open connections: 1
[NX v21.3.6 Daemon Server] - 2026-01-05T18:37:42.318Z - Established a connection. Number of open connections: 2
[NX v21.3.6 Daemon Server] - 2026-01-05T18:37:42.318Z - Closed a connection. Number of open connections: 1
[NX v21.3.6 Daemon Server] - 2026-01-05T18:37:42.318Z - Established a connection. Number of open connections: 2
[NX v21.3.6 Daemon Server] - 2026-01-05T18:37:42.318Z - Closed a connection. Number of open connections: 1
[NX v21.3.6 Daemon Server] - 2026-01-05T18:37:42.319Z - [REQUEST]: Client Request for Project Graph Received
[NX v21.3.6 Daemon Server] - 2026-01-05T18:37:42.319Z - Reusing in-memory cached project graph because no files changed.
[NX v21.3.6 Daemon Server] - 2026-01-05T18:37:42.319Z - [REQUEST]: Responding to the client. project-graph
[NX v21.3.6 Daemon Server] - 2026-01-05T18:37:42.319Z - Done responding to the client project-graph
[NX v21.3.6 Daemon Server] - 2026-01-05T18:37:42.319Z - Handled REQUEST_PROJECT_GRAPH. Handling time: 0. Response time: 0.
[NX v21.3.6 Daemon Server] - 2026-01-05T18:37:42.319Z - Time taken for 'total for creating and serializing project graph' 0.24866600055247545ms
[NX v21.3.6 Daemon Server] - 2026-01-05T18:37:42.321Z - [REQUEST]: Responding to the client. handleContextFileData
[NX v21.3.6 Daemon Server] - 2026-01-05T18:37:42.321Z - Done responding to the client handleContextFileData
[NX v21.3.6 Daemon Server] - 2026-01-05T18:37:42.321Z - Handled GET_CONTEXT_FILE_DATA. Handling time: 0. Response time: 1.
[NX v21.3.6 Daemon Server] - 2026-01-05T18:37:42.322Z - Closed a connection. Number of open connections: 0
[NX v21.3.6 Daemon Server] - 2026-01-05T18:37:42.570Z - Established a connection. Number of open connections: 1
[NX v21.3.6 Daemon Server] - 2026-01-05T18:37:42.570Z - Closed a connection. Number of open connections: 0
[NX v21.3.6 Daemon Server] - 2026-01-05T18:37:42.571Z - Established a connection. Number of open connections: 1
[NX v21.3.6 Daemon Server] - 2026-01-05T18:37:42.571Z - Established a connection. Number of open connections: 2
[NX v21.3.6 Daemon Server] - 2026-01-05T18:37:42.572Z - Closed a connection. Number of open connections: 1
[NX v21.3.6 Daemon Server] - 2026-01-05T18:37:42.573Z - [REQUEST]: Client Request for Project Graph Received
[NX v21.3.6 Daemon Server] - 2026-01-05T18:37:42.573Z - Reusing in-memory cached project graph because no files changed.
[NX v21.3.6 Daemon Server] - 2026-01-05T18:37:42.573Z - [REQUEST]: Responding to the client. project-graph
[NX v21.3.6 Daemon Server] - 2026-01-05T18:37:42.573Z - Done responding to the client project-graph
[NX v21.3.6 Daemon Server] - 2026-01-05T18:37:42.573Z - Handled REQUEST_PROJECT_GRAPH. Handling time: 0. Response time: 0.
[NX v21.3.6 Daemon Server] - 2026-01-05T18:37:42.573Z - Time taken for 'total for creating and serializing project graph' 0.26295899972319603ms
[NX v21.3.6 Daemon Server] - 2026-01-05T18:37:42.574Z - [REQUEST]: Client Request for Project Graph Received
[NX v21.3.6 Daemon Server] - 2026-01-05T18:37:42.574Z - Reusing in-memory cached project graph because no files changed.
[NX v21.3.6 Daemon Server] - 2026-01-05T18:37:42.574Z - [REQUEST]: Responding to the client. project-graph
[NX v21.3.6 Daemon Server] - 2026-01-05T18:37:42.574Z - Done responding to the client project-graph
[NX v21.3.6 Daemon Server] - 2026-01-05T18:37:42.574Z - Handled REQUEST_PROJECT_GRAPH. Handling time: 0. Response time: 0.
[NX v21.3.6 Daemon Server] - 2026-01-05T18:37:42.574Z - Time taken for 'total for creating and serializing project graph' 0.1605830006301403ms
[NX v21.3.6 Daemon Server] - 2026-01-05T18:37:42.575Z - Established a connection. Number of open connections: 2
[NX v21.3.6 Daemon Server] - 2026-01-05T21:05:18.119Z - Closed a connection. Number of open connections: 1
[NX v21.3.6 Daemon Server] - 2026-01-05T21:05:18.119Z - Closed a connection. Number of open connections: 0
[NX v21.3.6 Daemon Server] - 2026-01-06T18:28:47.435Z - Started listening on: /private/var/folders/90/xlgjf5ms3ql9v9y8n8m3vgjh0000gn/T/49183e68a8dacc8c509e/d.sock
[NX v21.3.6 Daemon Server] - 2026-01-06T18:28:47.439Z - [WATCHER]: Subscribed to changes within: /Users/manfredsteyer/projects/trainings/flight-app (native)
[NX v21.3.6 Daemon Server] - 2026-01-06T18:28:47.441Z - Established a connection. Number of open connections: 1
[NX v21.3.6 Daemon Server] - 2026-01-06T18:28:47.442Z - Closed a connection. Number of open connections: 0
[NX v21.3.6 Daemon Server] - 2026-01-06T18:28:47.451Z - Established a connection. Number of open connections: 1
[NX v21.3.6 Daemon Server] - 2026-01-06T18:28:47.452Z - Closed a connection. Number of open connections: 0
[NX v21.3.6 Daemon Server] - 2026-01-06T18:28:47.452Z - Established a connection. Number of open connections: 1
[NX v21.3.6 Daemon Server] - 2026-01-06T18:28:47.453Z - [REQUEST]: Client Request for Project Graph Received
[NX v21.3.6 Daemon Server] - 2026-01-06T18:28:47.458Z - Time taken for 'loadSpecifiedNxPlugins' 0.9896669999999972ms
Time for 'plugin worker 75435 code loading' 2.333208000000001
Time for 'plugin worker 75436 code loading' 2.3324169999999995
Time for 'plugin worker 75434 code loading' 2.3709169999999986
[NX v21.3.6 Daemon Server] - 2026-01-06T18:28:47.551Z - Time taken for 'Load Nx Plugin: /Users/manfredsteyer/projects/trainings/flight-app/node_modules/nx/src/plugins/package-json' 96.45037499999998ms
[NX v21.3.6 Daemon Server] - 2026-01-06T18:28:47.551Z - Time taken for 'Load Nx Plugin: /Users/manfredsteyer/projects/trainings/flight-app/node_modules/nx/src/plugins/project-json/build-nodes/project-json' 96.66512500000002ms
[NX v21.3.6 Daemon Server] - 2026-01-06T18:28:47.560Z - [REQUEST]: Updated workspace context based on watched changes, recomputing project graph...
[NX v21.3.6 Daemon Server] - 2026-01-06T18:28:47.560Z - [REQUEST]: 
[NX v21.3.6 Daemon Server] - 2026-01-06T18:28:47.560Z - [REQUEST]: 
[NX v21.3.6 Daemon Server] - 2026-01-06T18:28:47.561Z - No files changed, but no in-memory cached project graph found. Recomputing it...
Time for 'nx/js/dependencies-and-lockfile:createNodes' 0.09924999999999784
[NX v21.3.6 Daemon Server] - 2026-01-06T18:28:47.564Z - Time taken for 'loadDefaultNxPlugins' 106.34008299999999ms
Time for 'nx/core/package-json:createNodes' 0.466707999999997
Time for 'nx/core/project-json:createNodes' 0.3704170000000033
[NX v21.3.6 Daemon Server] - 2026-01-06T18:28:47.582Z - Time taken for 'build-project-configs' 9.535457999999977ms
Time for 'build typescript dependencies' 0.05895800000000406
[NX v21.3.6 Daemon Server] - 2026-01-06T18:28:47.585Z - Wrote project graph cache to /Users/manfredsteyer/projects/trainings/flight-app/.nx/workspace-data/project-graph.json
[NX v21.3.6 Daemon Server] - 2026-01-06T18:28:47.585Z - [SYNC]: collect registered sync generators
[NX v21.3.6 Daemon Server] - 2026-01-06T18:28:47.585Z - [REQUEST]: Responding to the client. project-graph
[NX v21.3.6 Daemon Server] - 2026-01-06T18:28:47.585Z - Done responding to the client project-graph
[NX v21.3.6 Daemon Server] - 2026-01-06T18:28:47.585Z - Handled REQUEST_PROJECT_GRAPH. Handling time: 132. Response time: 0.
[NX v21.3.6 Daemon Server] - 2026-01-06T18:28:47.586Z - Time taken for 'total for creating and serializing project graph' 132.31241699999998ms
[NX v21.3.6 Daemon Server] - 2026-01-06T18:28:47.587Z - [REQUEST]: Responding to the client. handleContextFileData
[NX v21.3.6 Daemon Server] - 2026-01-06T18:28:47.587Z - Done responding to the client handleContextFileData
[NX v21.3.6 Daemon Server] - 2026-01-06T18:28:47.587Z - Handled GET_CONTEXT_FILE_DATA. Handling time: 1. Response time: 0.
[NX v21.3.6 Daemon Server] - 2026-01-06T18:28:47.588Z - Closed a connection. Number of open connections: 0
[NX v21.3.6 Daemon Server] - 2026-01-06T18:28:47.861Z - Established a connection. Number of open connections: 1
[NX v21.3.6 Daemon Server] - 2026-01-06T18:28:47.861Z - Established a connection. Number of open connections: 2
[NX v21.3.6 Daemon Server] - 2026-01-06T18:28:47.861Z - Closed a connection. Number of open connections: 1
[NX v21.3.6 Daemon Server] - 2026-01-06T18:28:47.861Z - Established a connection. Number of open connections: 2
[NX v21.3.6 Daemon Server] - 2026-01-06T18:28:47.861Z - Closed a connection. Number of open connections: 1
[NX v21.3.6 Daemon Server] - 2026-01-06T18:28:47.862Z - [REQUEST]: Client Request for Project Graph Received
[NX v21.3.6 Daemon Server] - 2026-01-06T18:28:47.862Z - Reusing in-memory cached project graph because no files changed.
[NX v21.3.6 Daemon Server] - 2026-01-06T18:28:47.862Z - [REQUEST]: Responding to the client. project-graph
[NX v21.3.6 Daemon Server] - 2026-01-06T18:28:47.862Z - Done responding to the client project-graph
[NX v21.3.6 Daemon Server] - 2026-01-06T18:28:47.862Z - Handled REQUEST_PROJECT_GRAPH. Handling time: 0. Response time: 0.
[NX v21.3.6 Daemon Server] - 2026-01-06T18:28:47.862Z - Time taken for 'total for creating and serializing project graph' 0.1660420000000613ms
[NX v21.3.6 Daemon Server] - 2026-01-06T18:28:47.862Z - [REQUEST]: Client Request for Project Graph Received
[NX v21.3.6 Daemon Server] - 2026-01-06T18:28:47.862Z - Reusing in-memory cached project graph because no files changed.
[NX v21.3.6 Daemon Server] - 2026-01-06T18:28:47.863Z - [REQUEST]: Responding to the client. project-graph
[NX v21.3.6 Daemon Server] - 2026-01-06T18:28:47.863Z - Done responding to the client project-graph
[NX v21.3.6 Daemon Server] - 2026-01-06T18:28:47.863Z - Handled REQUEST_PROJECT_GRAPH. Handling time: 1. Response time: 0.
[NX v21.3.6 Daemon Server] - 2026-01-06T18:28:47.863Z - Time taken for 'total for creating and serializing project graph' 0.12587500000006457ms
[NX v21.3.6 Daemon Server] - 2026-01-06T18:28:47.863Z - Established a connection. Number of open connections: 2
[NX v21.3.6 Daemon Server] - 2026-01-06T18:29:19.275Z - [WATCHER]: 6 file(s) created or restored, 0 file(s) modified, 2 file(s) deleted
[NX v21.3.6 Daemon Server] - 2026-01-06T18:29:19.276Z - [REQUEST]: Responding to the client. File watch changed
[NX v21.3.6 Daemon Server] - 2026-01-06T18:29:19.276Z - Done responding to the client File watch changed
[NX v21.3.6 Daemon Server] - 2026-01-06T18:29:19.276Z - Handled FILE-WATCH-CHANGED. Handling time: 0. Response time: 0.
[NX v21.3.6 Daemon Server] - 2026-01-06T18:29:19.277Z - [WATCHER]: Processing file changes in outputs
[NX v21.3.6 Daemon Server] - 2026-01-06T18:29:19.277Z - Time taken for 'changed-projects' 0.08091699999931734ms
[NX v21.3.6 Daemon Server] - 2026-01-06T18:29:19.377Z - [REQUEST]: Updated workspace context based on watched changes, recomputing project graph...
[NX v21.3.6 Daemon Server] - 2026-01-06T18:29:19.377Z - [REQUEST]: apps/flights/src/app/domains/ticketing/feature-booking/flight-search/flight-search.component.html,apps/flights/src/app/domains/shared/util-common/index.ts,apps/flights/src/app/domains/ticketing/feature-booking/flight-search/flight-search.component.ts,apps/flights/src/app/domains/shared/util-common/form-update.directive.ts,package.json,apps/flights/src/app/domains/ticketing/feature-booking/booking.store.ts
[NX v21.3.6 Daemon Server] - 2026-01-06T18:29:19.377Z - [REQUEST]: .npmrc,migrations.json
[NX v21.3.6 Daemon Server] - 2026-01-06T18:29:19.379Z - Time taken for 'hash changed files from watcher' 0.4959579999995185ms
Time for 'nx/js/dependencies-and-lockfile:createNodes' 0.20145899999988615
Time for 'nx/core/project-json:createNodes' 0.622125000001688
Time for 'nx/core/package-json:createNodes' 1.2883750000000873
[NX v21.3.6 Daemon Server] - 2026-01-06T18:29:19.384Z - Time taken for 'build-project-configs' 3.494582999999693ms
Time for 'build typescript dependencies' 140.742000000002
[NX v21.3.6 Daemon Server] - 2026-01-06T18:29:19.529Z - Wrote project graph cache to /Users/manfredsteyer/projects/trainings/flight-app/.nx/workspace-data/project-graph.json
[NX v21.3.6 Daemon Server] - 2026-01-06T18:29:19.529Z - [SYNC]: collect registered sync generators
[NX v21.3.6 Daemon Server] - 2026-01-06T18:29:19.529Z - [SYNC]: project graph hash is the same, not collecting task sync generators
[NX v21.3.6 Daemon Server] - 2026-01-06T18:29:19.529Z - [SYNC]: nx.json hash is the same, not collecting global sync generators
[NX v21.3.6 Daemon Server] - 2026-01-06T18:29:19.529Z - [REQUEST]: Responding to the client. File watch changed
[NX v21.3.6 Daemon Server] - 2026-01-06T18:29:19.529Z - Done responding to the client File watch changed
[NX v21.3.6 Daemon Server] - 2026-01-06T18:29:19.529Z - Handled FILE-WATCH-CHANGED. Handling time: 0. Response time: 0.
[NX v21.3.6 Daemon Server] - 2026-01-06T18:29:19.529Z - Time taken for 'total execution time for createProjectGraph()' 143.5946249999979ms
[NX v21.3.6 Daemon Server] - 2026-01-06T18:29:20.539Z - Established a connection. Number of open connections: 3
[NX v21.3.6 Daemon Server] - 2026-01-06T18:29:20.540Z - [REQUEST]: Client Request for Project Graph Received
[NX v21.3.6 Daemon Server] - 2026-01-06T18:29:20.541Z - Reusing in-memory cached project graph because no files changed.
[NX v21.3.6 Daemon Server] - 2026-01-06T18:29:20.541Z - [REQUEST]: Responding to the client. project-graph
[NX v21.3.6 Daemon Server] - 2026-01-06T18:29:20.541Z - Done responding to the client project-graph
[NX v21.3.6 Daemon Server] - 2026-01-06T18:29:20.541Z - Handled REQUEST_PROJECT_GRAPH. Handling time: 1. Response time: 0.
[NX v21.3.6 Daemon Server] - 2026-01-06T18:29:20.542Z - Time taken for 'total for creating and serializing project graph' 0.7009580000012647ms
[NX v21.3.6 Daemon Server] - 2026-01-06T18:29:20.542Z - Closed a connection. Number of open connections: 2
[NX v21.3.6 Daemon Server] - 2026-01-06T18:29:20.544Z - [REQUEST]: Responding to the client. handleContextFileData
[NX v21.3.6 Daemon Server] - 2026-01-06T18:29:20.546Z - Done responding to the client handleContextFileData
[NX v21.3.6 Daemon Server] - 2026-01-06T18:29:20.546Z - Handled GET_CONTEXT_FILE_DATA. Handling time: 1. Response time: 2.
[NX v21.3.6 Daemon Server] - 2026-01-06T18:29:20.547Z - Closed a connection. Number of open connections: 1
[NX v21.3.6 Daemon Server] - 2026-01-06T18:29:20.814Z - Closed a connection. Number of open connections: 0
[NX v21.3.6 Daemon Server] - 2026-01-06T18:29:20.814Z - Established a connection. Number of open connections: 1
[NX v21.3.6 Daemon Server] - 2026-01-06T18:29:20.814Z - Closed a connection. Number of open connections: 0
[NX v21.3.6 Daemon Server] - 2026-01-06T18:29:20.815Z - Established a connection. Number of open connections: 1
[NX v21.3.6 Daemon Server] - 2026-01-06T18:29:20.815Z - Established a connection. Number of open connections: 2
[NX v21.3.6 Daemon Server] - 2026-01-06T18:29:20.815Z - Closed a connection. Number of open connections: 1
[NX v21.3.6 Daemon Server] - 2026-01-06T18:29:20.815Z - [REQUEST]: Client Request for Project Graph Received
[NX v21.3.6 Daemon Server] - 2026-01-06T18:29:20.815Z - Reusing in-memory cached project graph because no files changed.
[NX v21.3.6 Daemon Server] - 2026-01-06T18:29:20.815Z - [REQUEST]: Responding to the client. project-graph
[NX v21.3.6 Daemon Server] - 2026-01-06T18:29:20.815Z - Done responding to the client project-graph
[NX v21.3.6 Daemon Server] - 2026-01-06T18:29:20.815Z - Handled REQUEST_PROJECT_GRAPH. Handling time: 0. Response time: 0.
[NX v21.3.6 Daemon Server] - 2026-01-06T18:29:20.815Z - Time taken for 'total for creating and serializing project graph' 0.11733299999468727ms
[NX v21.3.6 Daemon Server] - 2026-01-06T18:29:20.815Z - [REQUEST]: Client Request for Project Graph Received
[NX v21.3.6 Daemon Server] - 2026-01-06T18:29:20.815Z - Reusing in-memory cached project graph because no files changed.
[NX v21.3.6 Daemon Server] - 2026-01-06T18:29:20.815Z - [REQUEST]: Responding to the client. project-graph
[NX v21.3.6 Daemon Server] - 2026-01-06T18:29:20.815Z - Done responding to the client project-graph
[NX v21.3.6 Daemon Server] - 2026-01-06T18:29:20.815Z - Handled REQUEST_PROJECT_GRAPH. Handling time: 0. Response time: 0.
[NX v21.3.6 Daemon Server] - 2026-01-06T18:29:20.815Z - Time taken for 'total for creating and serializing project graph' 0.134249999995518ms
[NX v21.3.6 Daemon Server] - 2026-01-06T18:29:20.816Z - Established a connection. Number of open connections: 2
[NX v21.3.6 Daemon Server] - 2026-01-06T18:50:51.972Z - Closed a connection. Number of open connections: 1
[NX v21.3.6 Daemon Server] - 2026-01-06T18:50:51.974Z - Closed a connection. Number of open connections: 0
[NX v21.3.6 Daemon Server] - 2026-01-07T17:55:38.135Z - Started listening on: /private/var/folders/90/xlgjf5ms3ql9v9y8n8m3vgjh0000gn/T/49183e68a8dacc8c509e/d.sock
[NX v21.3.6 Daemon Server] - 2026-01-07T17:55:38.138Z - [WATCHER]: Subscribed to changes within: /Users/manfredsteyer/projects/trainings/flight-app (native)
[NX v21.3.6 Daemon Server] - 2026-01-07T17:55:38.144Z - Established a connection. Number of open connections: 1
[NX v21.3.6 Daemon Server] - 2026-01-07T17:55:38.146Z - Closed a connection. Number of open connections: 0
[NX v21.3.6 Daemon Server] - 2026-01-07T17:55:38.153Z - Established a connection. Number of open connections: 1
[NX v21.3.6 Daemon Server] - 2026-01-07T17:55:38.154Z - Closed a connection. Number of open connections: 0
[NX v21.3.6 Daemon Server] - 2026-01-07T17:55:38.154Z - Established a connection. Number of open connections: 1
[NX v21.3.6 Daemon Server] - 2026-01-07T17:55:38.155Z - [REQUEST]: Client Request for Project Graph Received
[NX v21.3.6 Daemon Server] - 2026-01-07T17:55:38.159Z - Time taken for 'loadSpecifiedNxPlugins' 0.8848749999999939ms
Time for 'plugin worker 47998 code loading' 2.487916000000002
Time for 'plugin worker 47997 code loading' 2.4883750000000013
Time for 'plugin worker 47999 code loading' 2.904584
[NX v21.3.6 Daemon Server] - 2026-01-07T17:55:38.311Z - Time taken for 'Load Nx Plugin: /Users/manfredsteyer/projects/trainings/flight-app/node_modules/nx/src/plugins/project-json/build-nodes/project-json' 155.074375ms
[NX v21.3.6 Daemon Server] - 2026-01-07T17:55:38.315Z - Time taken for 'Load Nx Plugin: /Users/manfredsteyer/projects/trainings/flight-app/node_modules/nx/src/plugins/package-json' 159.16470900000002ms
[NX v21.3.6 Daemon Server] - 2026-01-07T17:55:38.321Z - [REQUEST]: Updated workspace context based on watched changes, recomputing project graph...
[NX v21.3.6 Daemon Server] - 2026-01-07T17:55:38.321Z - [REQUEST]: 
[NX v21.3.6 Daemon Server] - 2026-01-07T17:55:38.321Z - [REQUEST]: 
[NX v21.3.6 Daemon Server] - 2026-01-07T17:55:38.323Z - No files changed, but no in-memory cached project graph found. Recomputing it...
Time for 'nx/js/dependencies-and-lockfile:createNodes' 0.10754199999999514
[NX v21.3.6 Daemon Server] - 2026-01-07T17:55:38.325Z - Time taken for 'loadDefaultNxPlugins' 165.657834ms
Time for 'nx/core/package-json:createNodes' 0.4914579999999944
Time for 'nx/core/project-json:createNodes' 2.226708000000002
[NX v21.3.6 Daemon Server] - 2026-01-07T17:55:38.346Z - Time taken for 'build-project-configs' 11.662666000000002ms
Time for 'build typescript dependencies' 0.08070799999998712
[NX v21.3.6 Daemon Server] - 2026-01-07T17:55:38.350Z - Wrote project graph cache to /Users/manfredsteyer/projects/trainings/flight-app/.nx/workspace-data/project-graph.json
[NX v21.3.6 Daemon Server] - 2026-01-07T17:55:38.350Z - [SYNC]: collect registered sync generators
[NX v21.3.6 Daemon Server] - 2026-01-07T17:55:38.351Z - [REQUEST]: Responding to the client. project-graph
[NX v21.3.6 Daemon Server] - 2026-01-07T17:55:38.351Z - Done responding to the client project-graph
[NX v21.3.6 Daemon Server] - 2026-01-07T17:55:38.351Z - Handled REQUEST_PROJECT_GRAPH. Handling time: 197. Response time: 0.
[NX v21.3.6 Daemon Server] - 2026-01-07T17:55:38.351Z - Time taken for 'total for creating and serializing project graph' 196.177042ms
[NX v21.3.6 Daemon Server] - 2026-01-07T17:55:38.352Z - [REQUEST]: Responding to the client. handleContextFileData
[NX v21.3.6 Daemon Server] - 2026-01-07T17:55:38.353Z - Done responding to the client handleContextFileData
[NX v21.3.6 Daemon Server] - 2026-01-07T17:55:38.353Z - Handled GET_CONTEXT_FILE_DATA. Handling time: 0. Response time: 1.
[NX v21.3.6 Daemon Server] - 2026-01-07T17:55:38.354Z - Closed a connection. Number of open connections: 0
[NX v21.3.6 Daemon Server] - 2026-01-07T17:55:38.634Z - Established a connection. Number of open connections: 1
[NX v21.3.6 Daemon Server] - 2026-01-07T17:55:38.634Z - Established a connection. Number of open connections: 2
[NX v21.3.6 Daemon Server] - 2026-01-07T17:55:38.634Z - Closed a connection. Number of open connections: 1
[NX v21.3.6 Daemon Server] - 2026-01-07T17:55:38.634Z - Established a connection. Number of open connections: 2
[NX v21.3.6 Daemon Server] - 2026-01-07T17:55:38.640Z - Closed a connection. Number of open connections: 1
[NX v21.3.6 Daemon Server] - 2026-01-07T17:55:38.641Z - [REQUEST]: Client Request for Project Graph Received
[NX v21.3.6 Daemon Server] - 2026-01-07T17:55:38.641Z - Reusing in-memory cached project graph because no files changed.
[NX v21.3.6 Daemon Server] - 2026-01-07T17:55:38.641Z - [REQUEST]: Responding to the client. project-graph
[NX v21.3.6 Daemon Server] - 2026-01-07T17:55:38.642Z - Done responding to the client project-graph
[NX v21.3.6 Daemon Server] - 2026-01-07T17:55:38.642Z - Handled REQUEST_PROJECT_GRAPH. Handling time: 0. Response time: 1.
[NX v21.3.6 Daemon Server] - 2026-01-07T17:55:38.642Z - Time taken for 'total for creating and serializing project graph' 0.19262500000002092ms
[NX v21.3.6 Daemon Server] - 2026-01-07T17:55:38.642Z - [REQUEST]: Client Request for Project Graph Received
[NX v21.3.6 Daemon Server] - 2026-01-07T17:55:38.642Z - Reusing in-memory cached project graph because no files changed.
[NX v21.3.6 Daemon Server] - 2026-01-07T17:55:38.642Z - [REQUEST]: Responding to the client. project-graph
[NX v21.3.6 Daemon Server] - 2026-01-07T17:55:38.642Z - Done responding to the client project-graph
[NX v21.3.6 Daemon Server] - 2026-01-07T17:55:38.642Z - Handled REQUEST_PROJECT_GRAPH. Handling time: 0. Response time: 0.
[NX v21.3.6 Daemon Server] - 2026-01-07T17:55:38.642Z - Time taken for 'total for creating and serializing project graph' 0.2097919999999931ms
[NX v21.3.6 Daemon Server] - 2026-01-07T17:55:38.643Z - Established a connection. Number of open connections: 2
[NX v21.3.6 Daemon Server] - 2026-01-07T17:55:46.905Z - [WATCHER]: apps/flights/src/app/domains/ticketing/feature-booking/booking.store.ts was modified
[NX v21.3.6 Daemon Server] - 2026-01-07T17:55:46.905Z - [REQUEST]: Responding to the client. File watch changed
[NX v21.3.6 Daemon Server] - 2026-01-07T17:55:46.905Z - Done responding to the client File watch changed
[NX v21.3.6 Daemon Server] - 2026-01-07T17:55:46.905Z - Handled FILE-WATCH-CHANGED. Handling time: 0. Response time: 0.
[NX v21.3.6 Daemon Server] - 2026-01-07T17:55:46.905Z - [WATCHER]: Processing file changes in outputs
[NX v21.3.6 Daemon Server] - 2026-01-07T17:55:46.906Z - Time taken for 'changed-projects' 0.12495799999851442ms
[NX v21.3.6 Daemon Server] - 2026-01-07T17:55:47.006Z - [REQUEST]: Updated workspace context based on watched changes, recomputing project graph...
[NX v21.3.6 Daemon Server] - 2026-01-07T17:55:47.006Z - [REQUEST]: apps/flights/src/app/domains/ticketing/feature-booking/booking.store.ts
[NX v21.3.6 Daemon Server] - 2026-01-07T17:55:47.006Z - [REQUEST]: 
Time for 'nx/js/dependencies-and-lockfile:createNodes' 0.19108300000152667
[NX v21.3.6 Daemon Server] - 2026-01-07T17:55:47.009Z - Time taken for 'hash changed files from watcher' 0.34283399999912945ms
Time for 'nx/core/package-json:createNodes' 0.8637500000004366
Time for 'nx/core/project-json:createNodes' 0.49637499999880674
[NX v21.3.6 Daemon Server] - 2026-01-07T17:55:47.014Z - Time taken for 'build-project-configs' 3.3610420000004524ms
Time for 'build typescript dependencies' 0.09970900000007532
[NX v21.3.6 Daemon Server] - 2026-01-07T17:55:47.019Z - Wrote project graph cache to /Users/manfredsteyer/projects/trainings/flight-app/.nx/workspace-data/project-graph.json
[NX v21.3.6 Daemon Server] - 2026-01-07T17:55:47.019Z - [SYNC]: collect registered sync generators
[NX v21.3.6 Daemon Server] - 2026-01-07T17:55:47.020Z - [SYNC]: project graph hash is the same, not collecting task sync generators
[NX v21.3.6 Daemon Server] - 2026-01-07T17:55:47.020Z - [SYNC]: nx.json hash is the same, not collecting global sync generators
[NX v21.3.6 Daemon Server] - 2026-01-07T17:55:47.020Z - Time taken for 'total execution time for createProjectGraph()' 4.148417000000336ms
[NX v21.3.6 Daemon Server] - 2026-01-07T17:55:57.914Z - Established a connection. Number of open connections: 3
[NX v21.3.6 Daemon Server] - 2026-01-07T17:55:57.916Z - [REQUEST]: Client Request for Project Graph Received
[NX v21.3.6 Daemon Server] - 2026-01-07T17:55:57.917Z - Reusing in-memory cached project graph because no files changed.
[NX v21.3.6 Daemon Server] - 2026-01-07T17:55:57.917Z - [REQUEST]: Responding to the client. project-graph
[NX v21.3.6 Daemon Server] - 2026-01-07T17:55:57.917Z - Done responding to the client project-graph
[NX v21.3.6 Daemon Server] - 2026-01-07T17:55:57.917Z - Handled REQUEST_PROJECT_GRAPH. Handling time: 1. Response time: 0.
[NX v21.3.6 Daemon Server] - 2026-01-07T17:55:57.917Z - Time taken for 'total for creating and serializing project graph' 0.767959000000701ms
[NX v21.3.6 Daemon Server] - 2026-01-07T17:55:57.918Z - Closed a connection. Number of open connections: 2
[NX v21.3.6 Daemon Server] - 2026-01-07T17:55:57.919Z - [REQUEST]: Responding to the client. handleContextFileData
[NX v21.3.6 Daemon Server] - 2026-01-07T17:55:57.919Z - Done responding to the client handleContextFileData
[NX v21.3.6 Daemon Server] - 2026-01-07T17:55:57.919Z - Handled GET_CONTEXT_FILE_DATA. Handling time: 1. Response time: 0.
[NX v21.3.6 Daemon Server] - 2026-01-07T17:55:57.921Z - Closed a connection. Number of open connections: 1
[NX v21.3.6 Daemon Server] - 2026-01-07T17:55:58.116Z - Closed a connection. Number of open connections: 0
[NX v21.3.6 Daemon Server] - 2026-01-07T17:55:58.116Z - Established a connection. Number of open connections: 1
[NX v21.3.6 Daemon Server] - 2026-01-07T17:55:58.116Z - Closed a connection. Number of open connections: 0
[NX v21.3.6 Daemon Server] - 2026-01-07T17:55:58.116Z - Established a connection. Number of open connections: 1
[NX v21.3.6 Daemon Server] - 2026-01-07T17:55:58.116Z - Established a connection. Number of open connections: 2
[NX v21.3.6 Daemon Server] - 2026-01-07T17:55:58.117Z - Closed a connection. Number of open connections: 1
[NX v21.3.6 Daemon Server] - 2026-01-07T17:55:58.117Z - [REQUEST]: Client Request for Project Graph Received
[NX v21.3.6 Daemon Server] - 2026-01-07T17:55:58.117Z - Reusing in-memory cached project graph because no files changed.
[NX v21.3.6 Daemon Server] - 2026-01-07T17:55:58.117Z - [REQUEST]: Responding to the client. project-graph
[NX v21.3.6 Daemon Server] - 2026-01-07T17:55:58.117Z - Done responding to the client project-graph
[NX v21.3.6 Daemon Server] - 2026-01-07T17:55:58.117Z - Handled REQUEST_PROJECT_GRAPH. Handling time: 0. Response time: 0.
[NX v21.3.6 Daemon Server] - 2026-01-07T17:55:58.117Z - Time taken for 'total for creating and serializing project graph' 0.11779100000057952ms
[NX v21.3.6 Daemon Server] - 2026-01-07T17:55:58.117Z - [REQUEST]: Client Request for Project Graph Received
[NX v21.3.6 Daemon Server] - 2026-01-07T17:55:58.117Z - Reusing in-memory cached project graph because no files changed.
[NX v21.3.6 Daemon Server] - 2026-01-07T17:55:58.117Z - [REQUEST]: Responding to the client. project-graph
[NX v21.3.6 Daemon Server] - 2026-01-07T17:55:58.117Z - Done responding to the client project-graph
[NX v21.3.6 Daemon Server] - 2026-01-07T17:55:58.117Z - Handled REQUEST_PROJECT_GRAPH. Handling time: 0. Response time: 0.
[NX v21.3.6 Daemon Server] - 2026-01-07T17:55:58.117Z - Time taken for 'total for creating and serializing project graph' 0.07395800000085728ms
[NX v21.3.6 Daemon Server] - 2026-01-07T17:55:58.117Z - Established a connection. Number of open connections: 2
[NX v21.3.6 Daemon Server] - 2026-01-07T18:33:29.333Z - Closed a connection. Number of open connections: 1
[NX v21.3.6 Daemon Server] - 2026-01-07T18:33:29.339Z - Closed a connection. Number of open connections: 0
[NX v21.3.6 Daemon Server] - 2026-01-11T18:03:34.920Z - Started listening on: /private/var/folders/90/xlgjf5ms3ql9v9y8n8m3vgjh0000gn/T/49183e68a8dacc8c509e/d.sock
[NX v21.3.6 Daemon Server] - 2026-01-11T18:03:34.922Z - [WATCHER]: Subscribed to changes within: /Users/manfredsteyer/projects/trainings/flight-app (native)
[NX v21.3.6 Daemon Server] - 2026-01-11T18:03:34.928Z - Established a connection. Number of open connections: 1
[NX v21.3.6 Daemon Server] - 2026-01-11T18:03:34.929Z - Closed a connection. Number of open connections: 0
[NX v21.3.6 Daemon Server] - 2026-01-11T18:03:34.936Z - Established a connection. Number of open connections: 1
[NX v21.3.6 Daemon Server] - 2026-01-11T18:03:34.936Z - Established a connection. Number of open connections: 2
[NX v21.3.6 Daemon Server] - 2026-01-11T18:03:34.936Z - Closed a connection. Number of open connections: 1
[NX v21.3.6 Daemon Server] - 2026-01-11T18:03:34.937Z - [REQUEST]: Client Request for Project Graph Received
[NX v21.3.6 Daemon Server] - 2026-01-11T18:03:34.942Z - Time taken for 'loadSpecifiedNxPlugins' 1.0502079999999978ms
Time for 'plugin worker 64505 code loading' 2.2929999999999993
Time for 'plugin worker 64506 code loading' 2.6240000000000006
Time for 'plugin worker 64507 code loading' 3.1507080000000016
[NX v21.3.6 Daemon Server] - 2026-01-11T18:03:34.982Z - [WATCHER]: Processing file changes in outputs
[NX v21.3.6 Daemon Server] - 2026-01-11T18:03:35.042Z - Time taken for 'Load Nx Plugin: /Users/manfredsteyer/projects/trainings/flight-app/node_modules/nx/src/plugins/package-json' 104.398416ms
[NX v21.3.6 Daemon Server] - 2026-01-11T18:03:35.045Z - Time taken for 'Load Nx Plugin: /Users/manfredsteyer/projects/trainings/flight-app/node_modules/nx/src/plugins/project-json/build-nodes/project-json' 106.67345800000001ms
[NX v21.3.6 Daemon Server] - 2026-01-11T18:03:35.052Z - [REQUEST]: Updated workspace context based on watched changes, recomputing project graph...
[NX v21.3.6 Daemon Server] - 2026-01-11T18:03:35.052Z - [REQUEST]: 
[NX v21.3.6 Daemon Server] - 2026-01-11T18:03:35.052Z - [REQUEST]: 
[NX v21.3.6 Daemon Server] - 2026-01-11T18:03:35.053Z - No files changed, but no in-memory cached project graph found. Recomputing it...
Time for 'nx/js/dependencies-and-lockfile:createNodes' 0.08595900000000256
[NX v21.3.6 Daemon Server] - 2026-01-11T18:03:35.055Z - Time taken for 'loadDefaultNxPlugins' 114.737875ms
Time for 'nx/core/project-json:createNodes' 0.3732920000000064
Time for 'nx/core/package-json:createNodes' 0.5205829999999878
[NX v21.3.6 Daemon Server] - 2026-01-11T18:03:35.069Z - Time taken for 'build-project-configs' 7.74283299999999ms
Time for 'build typescript dependencies' 0.053125000000008527
[NX v21.3.6 Daemon Server] - 2026-01-11T18:03:35.073Z - Wrote project graph cache to /Users/manfredsteyer/projects/trainings/flight-app/.nx/workspace-data/project-graph.json
[NX v21.3.6 Daemon Server] - 2026-01-11T18:03:35.073Z - [SYNC]: collect registered sync generators
[NX v21.3.6 Daemon Server] - 2026-01-11T18:03:35.073Z - [REQUEST]: Responding to the client. project-graph
[NX v21.3.6 Daemon Server] - 2026-01-11T18:03:35.073Z - Done responding to the client project-graph
[NX v21.3.6 Daemon Server] - 2026-01-11T18:03:35.074Z - Handled REQUEST_PROJECT_GRAPH. Handling time: 137. Response time: 1.
[NX v21.3.6 Daemon Server] - 2026-01-11T18:03:35.074Z - Time taken for 'total for creating and serializing project graph' 136.86ms
[NX v21.3.6 Daemon Server] - 2026-01-11T18:03:35.075Z - [REQUEST]: Responding to the client. handleContextFileData
[NX v21.3.6 Daemon Server] - 2026-01-11T18:03:35.075Z - Done responding to the client handleContextFileData
[NX v21.3.6 Daemon Server] - 2026-01-11T18:03:35.075Z - Handled GET_CONTEXT_FILE_DATA. Handling time: 1. Response time: 0.
[NX v21.3.6 Daemon Server] - 2026-01-11T18:03:35.075Z - Closed a connection. Number of open connections: 0
[NX v21.3.6 Daemon Server] - 2026-01-11T18:03:35.320Z - Established a connection. Number of open connections: 1
[NX v21.3.6 Daemon Server] - 2026-01-11T18:03:35.320Z - Established a connection. Number of open connections: 2
[NX v21.3.6 Daemon Server] - 2026-01-11T18:03:35.320Z - Closed a connection. Number of open connections: 1
[NX v21.3.6 Daemon Server] - 2026-01-11T18:03:35.320Z - Established a connection. Number of open connections: 2
[NX v21.3.6 Daemon Server] - 2026-01-11T18:03:35.320Z - Closed a connection. Number of open connections: 1
[NX v21.3.6 Daemon Server] - 2026-01-11T18:03:35.321Z - [REQUEST]: Client Request for Project Graph Received
[NX v21.3.6 Daemon Server] - 2026-01-11T18:03:35.321Z - Reusing in-memory cached project graph because no files changed.
[NX v21.3.6 Daemon Server] - 2026-01-11T18:03:35.321Z - [REQUEST]: Responding to the client. project-graph
[NX v21.3.6 Daemon Server] - 2026-01-11T18:03:35.321Z - Done responding to the client project-graph
[NX v21.3.6 Daemon Server] - 2026-01-11T18:03:35.321Z - Handled REQUEST_PROJECT_GRAPH. Handling time: 0. Response time: 0.
[NX v21.3.6 Daemon Server] - 2026-01-11T18:03:35.321Z - Time taken for 'total for creating and serializing project graph' 0.10499999999996135ms
[NX v21.3.6 Daemon Server] - 2026-01-11T18:03:35.321Z - [REQUEST]: Client Request for Project Graph Received
[NX v21.3.6 Daemon Server] - 2026-01-11T18:03:35.321Z - Reusing in-memory cached project graph because no files changed.
[NX v21.3.6 Daemon Server] - 2026-01-11T18:03:35.321Z - [REQUEST]: Responding to the client. project-graph
[NX v21.3.6 Daemon Server] - 2026-01-11T18:03:35.321Z - Done responding to the client project-graph
[NX v21.3.6 Daemon Server] - 2026-01-11T18:03:35.321Z - Handled REQUEST_PROJECT_GRAPH. Handling time: 0. Response time: 0.
[NX v21.3.6 Daemon Server] - 2026-01-11T18:03:35.321Z - Time taken for 'total for creating and serializing project graph' 0.06887499999999136ms
[NX v21.3.6 Daemon Server] - 2026-01-11T18:03:35.322Z - Established a connection. Number of open connections: 2
[NX v21.3.6 Daemon Server] - 2026-01-11T18:03:52.025Z - [WATCHER]: Processing file changes in outputs
[NX v21.3.6 Daemon Server] - 2026-01-11T18:03:52.025Z - Closed a connection. Number of open connections: 1
[NX v21.3.6 Daemon Server] - 2026-01-11T18:03:52.025Z - Closed a connection. Number of open connections: 0
[NX v21.3.6 Daemon Server] - 2026-01-11T18:03:52.025Z - [WATCHER]: Stopping the watcher for /Users/manfredsteyer/projects/trainings/flight-app (sources)
[NX v21.3.6 Daemon Server] - 2026-01-11T18:04:15.176Z - Started listening on: /private/var/folders/90/xlgjf5ms3ql9v9y8n8m3vgjh0000gn/T/49183e68a8dacc8c509e/d.sock
[NX v21.3.6 Daemon Server] - 2026-01-11T18:04:15.177Z - [WATCHER]: Subscribed to changes within: /Users/manfredsteyer/projects/trainings/flight-app (native)
[NX v21.3.6 Daemon Server] - 2026-01-11T18:04:15.180Z - Established a connection. Number of open connections: 1
[NX v21.3.6 Daemon Server] - 2026-01-11T18:04:15.180Z - Established a connection. Number of open connections: 2
[NX v21.3.6 Daemon Server] - 2026-01-11T18:04:15.180Z - Closed a connection. Number of open connections: 1
[NX v21.3.6 Daemon Server] - 2026-01-11T18:04:15.181Z - [REQUEST]: Client Request for Project Graph Received
[NX v21.3.6 Daemon Server] - 2026-01-11T18:04:15.183Z - Time taken for 'loadSpecifiedNxPlugins' 0.966667000000001ms
Time for 'plugin worker 64587 code loading' 1.712625000000001
Time for 'plugin worker 64586 code loading' 1.766833
Time for 'plugin worker 64585 code loading' 1.7541670000000007
[NX v21.3.6 Daemon Server] - 2026-01-11T18:04:15.238Z - [WATCHER]: Processing file changes in outputs
[NX v21.3.6 Daemon Server] - 2026-01-11T18:04:15.250Z - Time taken for 'Load Nx Plugin: /Users/manfredsteyer/projects/trainings/flight-app/node_modules/nx/src/plugins/project-json/build-nodes/project-json' 68.07954200000002ms
[NX v21.3.6 Daemon Server] - 2026-01-11T18:04:15.251Z - Time taken for 'Load Nx Plugin: /Users/manfredsteyer/projects/trainings/flight-app/node_modules/nx/src/plugins/package-json' 69.47562500000001ms
[NX v21.3.6 Daemon Server] - 2026-01-11T18:04:15.261Z - [REQUEST]: Updated workspace context based on watched changes, recomputing project graph...
[NX v21.3.6 Daemon Server] - 2026-01-11T18:04:15.261Z - [REQUEST]: 
[NX v21.3.6 Daemon Server] - 2026-01-11T18:04:15.261Z - [REQUEST]: 
[NX v21.3.6 Daemon Server] - 2026-01-11T18:04:15.262Z - No files changed, but no in-memory cached project graph found. Recomputing it...
[NX v21.3.6 Daemon Server] - 2026-01-11T18:04:15.264Z - Time taken for 'loadDefaultNxPlugins' 79.65545900000001ms
Time for 'nx/core/package-json:createNodes' 0.3719999999999999
Time for 'nx/core/project-json:createNodes' 0.34158299999999997
Time for 'nx/js/dependencies-and-lockfile:createNodes' 3.5797079999999966
[NX v21.3.6 Daemon Server] - 2026-01-11T18:04:15.287Z - Time taken for 'build-project-configs' 15.89979200000002ms
[NX v21.3.6 Daemon Server] - 2026-01-11T18:04:15.288Z - Closed a connection. Number of open connections: 0
Time for 'build typescript dependencies' 19.546999999999997
[NX v21.3.6 Daemon Server] - 2026-01-11T18:04:15.324Z - Wrote project graph cache to /Users/manfredsteyer/projects/trainings/flight-app/.nx/workspace-data/project-graph.json
[NX v21.3.6 Daemon Server] - 2026-01-11T18:04:15.324Z - [SYNC]: collect registered sync generators
[NX v21.3.6 Daemon Server] - 2026-01-11T18:04:15.324Z - [REQUEST]: Responding to the client. project-graph
Error: This socket has been ended by the other party
    at genericNodeError (node:internal/errors:985:15)
    at wrappedFn (node:internal/errors:539:14)
    at Socket.writeAfterFIN [as write] (node:net:575:14)
    at /Users/manfredsteyer/projects/trainings/flight-app/node_modules/nx/src/daemon/server/shutdown-utils.js:73:16
    at new Promise (<anonymous>)
    at respondToClient (/Users/manfredsteyer/projects/trainings/flight-app/node_modules/nx/src/daemon/server/shutdown-utils.js:69:12)
    at handleResult (/Users/manfredsteyer/projects/trainings/flight-app/node_modules/nx/src/daemon/server/server.js:198:52)
    at process.processTicksAndRejections (node:internal/process/task_queues:103:5)
    at async handleMessage (/Users/manfredsteyer/projects/trainings/flight-app/node_modules/nx/src/daemon/server/server.js:109:9)
    at async /Users/manfredsteyer/projects/trainings/flight-app/node_modules/nx/src/daemon/server/server.js:74:9 {
  code: 'EPIPE'
}
[NX v21.3.6 Daemon Server] - 2026-01-11T18:04:15.325Z - Done responding to the client project-graph
[NX v21.3.6 Daemon Server] - 2026-01-11T18:04:15.325Z - Handled REQUEST_PROJECT_GRAPH. Handling time: 143. Response time: 1.
[NX v21.3.6 Daemon Server] - 2026-01-11T18:04:15.325Z - Time taken for 'total for creating and serializing project graph' 143.32725ms
[NX v21.3.6 Daemon Server] - 2026-01-11T18:04:16.079Z - Established a connection. Number of open connections: 1
[NX v21.3.6 Daemon Server] - 2026-01-11T18:04:16.079Z - Closed a connection. Number of open connections: 0
[NX v21.3.6 Daemon Server] - 2026-01-11T18:04:16.079Z - Established a connection. Number of open connections: 1
[NX v21.3.6 Daemon Server] - 2026-01-11T18:04:16.080Z - [REQUEST]: Client Request for Project Graph Received
[NX v21.3.6 Daemon Server] - 2026-01-11T18:04:16.080Z - Reusing in-memory cached project graph because no files changed.
[NX v21.3.6 Daemon Server] - 2026-01-11T18:04:16.080Z - [REQUEST]: Responding to the client. project-graph
[NX v21.3.6 Daemon Server] - 2026-01-11T18:04:16.080Z - Time taken for 'total for creating and serializing project graph' 0.12466700000004494ms
[NX v21.3.6 Daemon Server] - 2026-01-11T18:04:16.081Z - Done responding to the client project-graph
[NX v21.3.6 Daemon Server] - 2026-01-11T18:04:16.081Z - Handled REQUEST_PROJECT_GRAPH. Handling time: 0. Response time: 1.
[NX v21.3.6 Daemon Server] - 2026-01-11T18:04:16.084Z - [REQUEST]: Responding to the client. handleRunPreTasksExecution
[NX v21.3.6 Daemon Server] - 2026-01-11T18:04:16.084Z - Done responding to the client handleRunPreTasksExecution
[NX v21.3.6 Daemon Server] - 2026-01-11T18:04:16.084Z - Handled PRE_TASKS_EXECUTION. Handling time: 0. Response time: 0.
[NX v21.3.6 Daemon Server] - 2026-01-11T18:04:16.084Z - Time taken for 'preTasksExecution' 0.1630840000000262ms
[NX v21.3.6 Daemon Server] - 2026-01-11T18:04:16.118Z - Reusing in-memory cached project graph because no files changed.
DEBUG nx::native::tasks::task_hasher: plan length: 1
DEBUG nx::native::tasks::hashers::hash_workspace_files: Hashing workspace fileset{cache_key="nx.json,.gitignore,.nxignore"}: Adding "5409149420400058781" (".gitignore") to hash
DEBUG nx::native::tasks::hashers::hash_workspace_files: Hashing workspace fileset{cache_key="nx.json,.gitignore,.nxignore"}: Adding "12797169426189441415" ("nx.json") to hash
DEBUG nx::native::tasks::hashers::hash_workspace_files: Hashing workspace fileset{cache_key="nx.json,.gitignore,.nxignore"}: Hash Value: "15943364904326140788"
[NX v21.3.6 Daemon Server] - 2026-01-11T18:04:16.124Z - [REQUEST]: Responding to the client. handleHashTasks
[NX v21.3.6 Daemon Server] - 2026-01-11T18:04:16.125Z - Done responding to the client handleHashTasks
[NX v21.3.6 Daemon Server] - 2026-01-11T18:04:16.125Z - Handled HASH_TASKS. Handling time: 7. Response time: 1.
[NX v21.3.6 Daemon Server] - 2026-01-11T18:04:16.168Z - [REQUEST]: Responding to the client. handleGetEstimatedTaskTimings
[NX v21.3.6 Daemon Server] - 2026-01-11T18:04:16.168Z - Done responding to the client handleGetEstimatedTaskTimings
[NX v21.3.6 Daemon Server] - 2026-01-11T18:04:16.168Z - Handled GET_ESTIMATED_TASK_TIMINGS. Handling time: 13. Response time: 0.
[NX v21.3.6 Daemon Server] - 2026-01-11T18:04:16.678Z - Established a connection. Number of open connections: 2
[NX v21.3.6 Daemon Server] - 2026-01-11T18:04:16.678Z - Closed a connection. Number of open connections: 1
[NX v21.3.6 Daemon Server] - 2026-01-11T18:04:16.678Z - Established a connection. Number of open connections: 2
[NX v21.3.6 Daemon Server] - 2026-01-11T18:04:16.679Z - [REQUEST]: Client Request for Project Graph Received
[NX v21.3.6 Daemon Server] - 2026-01-11T18:04:16.679Z - Reusing in-memory cached project graph because no files changed.
[NX v21.3.6 Daemon Server] - 2026-01-11T18:04:16.679Z - [REQUEST]: Responding to the client. project-graph
[NX v21.3.6 Daemon Server] - 2026-01-11T18:04:16.679Z - Time taken for 'total for creating and serializing project graph' 0.10529099999985192ms
[NX v21.3.6 Daemon Server] - 2026-01-11T18:04:16.682Z - Done responding to the client project-graph
[NX v21.3.6 Daemon Server] - 2026-01-11T18:04:16.682Z - Handled REQUEST_PROJECT_GRAPH. Handling time: 0. Response time: 3.
[NX v21.3.6 Daemon Server] - 2026-01-11T18:04:18.529Z - [WATCHER]: Processing file changes in outputs
[NX v21.3.6 Daemon Server] - 2026-01-11T18:04:18.582Z - [WATCHER]: Processing file changes in outputs
[NX v21.3.6 Daemon Server] - 2026-01-11T18:04:18.634Z - [WATCHER]: Processing file changes in outputs
[NX v21.3.6 Daemon Server] - 2026-01-11T18:04:18.686Z - [WATCHER]: Processing file changes in outputs
[NX v21.3.6 Daemon Server] - 2026-01-11T18:04:18.741Z - [WATCHER]: Processing file changes in outputs
[NX v21.3.6 Daemon Server] - 2026-01-11T18:04:18.792Z - [WATCHER]: Processing file changes in outputs
[NX v21.3.6 Daemon Server] - 2026-01-11T18:04:18.843Z - [WATCHER]: Processing file changes in outputs
[NX v21.3.6 Daemon Server] - 2026-01-11T18:04:18.871Z - [WATCHER]: apps/flights/tsconfig.federation.json was modified
[NX v21.3.6 Daemon Server] - 2026-01-11T18:04:18.972Z - [REQUEST]: Updated workspace context based on watched changes, recomputing project graph...
[NX v21.3.6 Daemon Server] - 2026-01-11T18:04:18.972Z - [REQUEST]: apps/flights/tsconfig.federation.json
[NX v21.3.6 Daemon Server] - 2026-01-11T18:04:18.972Z - [REQUEST]: 
[NX v21.3.6 Daemon Server] - 2026-01-11T18:04:18.973Z - Time taken for 'hash changed files from watcher' 0.16029100000014296ms
Time for 'nx/core/package-json:createNodes' 0.17729199999985212
Time for 'nx/core/project-json:createNodes' 0.33466699999962657
Time for 'nx/js/dependencies-and-lockfile:createNodes' 3.1268330000002607
[NX v21.3.6 Daemon Server] - 2026-01-11T18:04:18.982Z - Time taken for 'build-project-configs' 6.54970800000001ms
Time for 'build typescript dependencies' 1.444416999999703
[NX v21.3.6 Daemon Server] - 2026-01-11T18:04:18.997Z - Wrote project graph cache to /Users/manfredsteyer/projects/trainings/flight-app/.nx/workspace-data/project-graph.json
[NX v21.3.6 Daemon Server] - 2026-01-11T18:04:18.997Z - [SYNC]: collect registered sync generators
[NX v21.3.6 Daemon Server] - 2026-01-11T18:04:18.997Z - [SYNC]: project graph hash is the same, not collecting task sync generators
[NX v21.3.6 Daemon Server] - 2026-01-11T18:04:18.997Z - [SYNC]: nx.json hash is the same, not collecting global sync generators
[NX v21.3.6 Daemon Server] - 2026-01-11T18:04:18.997Z - Time taken for 'total execution time for createProjectGraph()' 11.69591599999967ms
[NX v21.3.6 Daemon Server] - 2026-01-11T18:04:20.379Z - [WATCHER]: Processing file changes in outputs
[NX v21.3.6 Daemon Server] - 2026-01-11T18:04:20.957Z - [WATCHER]: apps/flights/tsconfig.federation.json was modified
[NX v21.3.6 Daemon Server] - 2026-01-11T18:04:20.957Z - [WATCHER]: Processing file changes in outputs
[NX v21.3.6 Daemon Server] - 2026-01-11T18:04:21.017Z - Established a connection. Number of open connections: 3
[NX v21.3.6 Daemon Server] - 2026-01-11T18:04:21.017Z - Closed a connection. Number of open connections: 2
[NX v21.3.6 Daemon Server] - 2026-01-11T18:04:21.017Z - Established a connection. Number of open connections: 3
[NX v21.3.6 Daemon Server] - 2026-01-11T18:04:21.018Z - [REQUEST]: Client Request for Project Graph Received
[NX v21.3.6 Daemon Server] - 2026-01-11T18:04:21.018Z - Recomputing project graph because of 1 updated and 0 deleted files.
[NX v21.3.6 Daemon Server] - 2026-01-11T18:04:21.018Z - [REQUEST]: Updated workspace context based on watched changes, recomputing project graph...
[NX v21.3.6 Daemon Server] - 2026-01-11T18:04:21.018Z - [REQUEST]: apps/flights/tsconfig.federation.json
[NX v21.3.6 Daemon Server] - 2026-01-11T18:04:21.018Z - [REQUEST]: 
[NX v21.3.6 Daemon Server] - 2026-01-11T18:04:21.019Z - Time taken for 'hash changed files from watcher' 0.16641699999945558ms
Time for 'nx/core/package-json:createNodes' 0.3348329999998896
Time for 'nx/core/project-json:createNodes' 0.35425000000032014
Time for 'nx/js/dependencies-and-lockfile:createNodes' 3.5450000000000728
[NX v21.3.6 Daemon Server] - 2026-01-11T18:04:21.028Z - Time taken for 'build-project-configs' 7.461542000000009ms
Time for 'build typescript dependencies' 0.9695419999998194
[NX v21.3.6 Daemon Server] - 2026-01-11T18:04:21.044Z - Wrote project graph cache to /Users/manfredsteyer/projects/trainings/flight-app/.nx/workspace-data/project-graph.json
[NX v21.3.6 Daemon Server] - 2026-01-11T18:04:21.044Z - [SYNC]: collect registered sync generators
[NX v21.3.6 Daemon Server] - 2026-01-11T18:04:21.044Z - [SYNC]: project graph hash is the same, not collecting task sync generators
[NX v21.3.6 Daemon Server] - 2026-01-11T18:04:21.044Z - [SYNC]: nx.json hash is the same, not collecting global sync generators
[NX v21.3.6 Daemon Server] - 2026-01-11T18:04:21.044Z - [REQUEST]: Responding to the client. project-graph
[NX v21.3.6 Daemon Server] - 2026-01-11T18:04:21.045Z - Time taken for 'total for creating and serializing project graph' 26.386207999999897ms
[NX v21.3.6 Daemon Server] - 2026-01-11T18:04:21.046Z - Done responding to the client project-graph
[NX v21.3.6 Daemon Server] - 2026-01-11T18:04:21.046Z - Handled REQUEST_PROJECT_GRAPH. Handling time: 26. Response time: 2.
[NX v21.3.6 Daemon Server] - 2026-01-11T18:04:21.049Z - [REQUEST]: Responding to the client. handleRunPreTasksExecution
[NX v21.3.6 Daemon Server] - 2026-01-11T18:04:21.049Z - Done responding to the client handleRunPreTasksExecution
[NX v21.3.6 Daemon Server] - 2026-01-11T18:04:21.049Z - Handled PRE_TASKS_EXECUTION. Handling time: 0. Response time: 0.
[NX v21.3.6 Daemon Server] - 2026-01-11T18:04:21.049Z - Time taken for 'preTasksExecution' 0.07054099999913888ms
[NX v21.3.6 Daemon Server] - 2026-01-11T18:04:21.069Z - Reusing in-memory cached project graph because no files changed.
DEBUG nx::native::tasks::task_hasher: plan length: 1
DEBUG nx::native::tasks::hashers::hash_workspace_files: Hashing workspace fileset{cache_key="nx.json,.gitignore,.nxignore"}: Adding "5409149420400058781" (".gitignore") to hash
DEBUG nx::native::tasks::hashers::hash_workspace_files: Hashing workspace fileset{cache_key="nx.json,.gitignore,.nxignore"}: Adding "12797169426189441415" ("nx.json") to hash
DEBUG nx::native::tasks::hashers::hash_workspace_files: Hashing workspace fileset{cache_key="nx.json,.gitignore,.nxignore"}: Hash Value: "15943364904326140788"
[NX v21.3.6 Daemon Server] - 2026-01-11T18:04:21.077Z - [REQUEST]: Responding to the client. handleHashTasks
[NX v21.3.6 Daemon Server] - 2026-01-11T18:04:21.077Z - Done responding to the client handleHashTasks
[NX v21.3.6 Daemon Server] - 2026-01-11T18:04:21.077Z - Handled HASH_TASKS. Handling time: 8. Response time: 0.
[NX v21.3.6 Daemon Server] - 2026-01-11T18:04:21.108Z - [REQUEST]: Responding to the client. handleGetEstimatedTaskTimings
[NX v21.3.6 Daemon Server] - 2026-01-11T18:04:21.108Z - Done responding to the client handleGetEstimatedTaskTimings
[NX v21.3.6 Daemon Server] - 2026-01-11T18:04:21.108Z - Handled GET_ESTIMATED_TASK_TIMINGS. Handling time: 0. Response time: 0.
[NX v21.3.6 Daemon Server] - 2026-01-11T18:04:21.499Z - Established a connection. Number of open connections: 4
[NX v21.3.6 Daemon Server] - 2026-01-11T18:04:21.500Z - Closed a connection. Number of open connections: 3
[NX v21.3.6 Daemon Server] - 2026-01-11T18:04:21.500Z - Established a connection. Number of open connections: 4
[NX v21.3.6 Daemon Server] - 2026-01-11T18:04:21.501Z - [REQUEST]: Client Request for Project Graph Received
[NX v21.3.6 Daemon Server] - 2026-01-11T18:04:21.501Z - Reusing in-memory cached project graph because no files changed.
[NX v21.3.6 Daemon Server] - 2026-01-11T18:04:21.501Z - [REQUEST]: Responding to the client. project-graph
[NX v21.3.6 Daemon Server] - 2026-01-11T18:04:21.502Z - Time taken for 'total for creating and serializing project graph' 0.3437919999996666ms
[NX v21.3.6 Daemon Server] - 2026-01-11T18:04:21.504Z - Done responding to the client project-graph
[NX v21.3.6 Daemon Server] - 2026-01-11T18:04:21.504Z - Handled REQUEST_PROJECT_GRAPH. Handling time: 0. Response time: 3.
[NX v21.3.6 Daemon Server] - 2026-01-11T18:04:22.383Z - [WATCHER]: Processing file changes in outputs
[NX v21.3.6 Daemon Server] - 2026-01-11T18:04:23.092Z - [WATCHER]: Processing file changes in outputs
[NX v21.3.6 Daemon Server] - 2026-01-11T18:04:23.152Z - [WATCHER]: Processing file changes in outputs
[NX v21.3.6 Daemon Server] - 2026-01-11T18:04:23.204Z - [WATCHER]: Processing file changes in outputs
[NX v21.3.6 Daemon Server] - 2026-01-11T18:04:23.257Z - [WATCHER]: Processing file changes in outputs
[NX v21.3.6 Daemon Server] - 2026-01-11T18:04:23.312Z - [WATCHER]: Processing file changes in outputs
[NX v21.3.6 Daemon Server] - 2026-01-11T18:04:23.364Z - [WATCHER]: Processing file changes in outputs
[NX v21.3.6 Daemon Server] - 2026-01-11T18:04:23.394Z - [WATCHER]: apps/miles/tsconfig.federation.json was modified
[NX v21.3.6 Daemon Server] - 2026-01-11T18:04:23.494Z - [REQUEST]: Updated workspace context based on watched changes, recomputing project graph...
[NX v21.3.6 Daemon Server] - 2026-01-11T18:04:23.494Z - [REQUEST]: apps/miles/tsconfig.federation.json
[NX v21.3.6 Daemon Server] - 2026-01-11T18:04:23.494Z - [REQUEST]: 
[NX v21.3.6 Daemon Server] - 2026-01-11T18:04:23.495Z - Time taken for 'hash changed files from watcher' 0.16599999999925785ms
Time for 'nx/core/package-json:createNodes' 0.21887499999866122
Time for 'nx/core/project-json:createNodes' 0.5920420000002196
Time for 'nx/js/dependencies-and-lockfile:createNodes' 5.059417000000394
[NX v21.3.6 Daemon Server] - 2026-01-11T18:04:23.508Z - Time taken for 'build-project-configs' 9.381499999999505ms
Time for 'build typescript dependencies' 1.7044580000001588
[NX v21.3.6 Daemon Server] - 2026-01-11T18:04:23.530Z - Wrote project graph cache to /Users/manfredsteyer/projects/trainings/flight-app/.nx/workspace-data/project-graph.json
[NX v21.3.6 Daemon Server] - 2026-01-11T18:04:23.530Z - [SYNC]: collect registered sync generators
[NX v21.3.6 Daemon Server] - 2026-01-11T18:04:23.530Z - [SYNC]: project graph hash is the same, not collecting task sync generators
[NX v21.3.6 Daemon Server] - 2026-01-11T18:04:23.530Z - [SYNC]: nx.json hash is the same, not collecting global sync generators
[NX v21.3.6 Daemon Server] - 2026-01-11T18:04:23.530Z - Time taken for 'total execution time for createProjectGraph()' 20.828457999999955ms
[NX v21.3.6 Daemon Server] - 2026-01-11T18:04:24.047Z - [WATCHER]: Processing file changes in outputs
[NX v21.3.6 Daemon Server] - 2026-01-11T18:04:24.098Z - [WATCHER]: Processing file changes in outputs
[NX v21.3.6 Daemon Server] - 2026-01-11T18:04:24.151Z - [WATCHER]: Processing file changes in outputs
[NX v21.3.6 Daemon Server] - 2026-01-11T18:04:24.204Z - [WATCHER]: Processing file changes in outputs
[NX v21.3.6 Daemon Server] - 2026-01-11T18:04:24.255Z - [WATCHER]: Processing file changes in outputs
[NX v21.3.6 Daemon Server] - 2026-01-11T18:04:24.308Z - [WATCHER]: Processing file changes in outputs
[NX v21.3.6 Daemon Server] - 2026-01-11T18:04:24.359Z - [WATCHER]: Processing file changes in outputs
[NX v21.3.6 Daemon Server] - 2026-01-11T18:04:24.411Z - [WATCHER]: Processing file changes in outputs
[NX v21.3.6 Daemon Server] - 2026-01-11T18:04:24.462Z - [WATCHER]: Processing file changes in outputs
[NX v21.3.6 Daemon Server] - 2026-01-11T18:04:24.513Z - [WATCHER]: Processing file changes in outputs
[NX v21.3.6 Daemon Server] - 2026-01-11T18:04:24.564Z - [WATCHER]: Processing file changes in outputs
[NX v21.3.6 Daemon Server] - 2026-01-11T18:04:24.616Z - [WATCHER]: Processing file changes in outputs
[NX v21.3.6 Daemon Server] - 2026-01-11T18:04:24.667Z - [WATCHER]: Processing file changes in outputs
[NX v21.3.6 Daemon Server] - 2026-01-11T18:04:24.720Z - [WATCHER]: Processing file changes in outputs
[NX v21.3.6 Daemon Server] - 2026-01-11T18:04:24.960Z - [WATCHER]: apps/miles/tsconfig.federation.json was modified
[NX v21.3.6 Daemon Server] - 2026-01-11T18:04:24.961Z - [WATCHER]: Processing file changes in outputs
[NX v21.3.6 Daemon Server] - 2026-01-11T18:04:25.161Z - [REQUEST]: Updated workspace context based on watched changes, recomputing project graph...
[NX v21.3.6 Daemon Server] - 2026-01-11T18:04:25.161Z - [REQUEST]: apps/miles/tsconfig.federation.json
[NX v21.3.6 Daemon Server] - 2026-01-11T18:04:25.161Z - [REQUEST]: 
[NX v21.3.6 Daemon Server] - 2026-01-11T18:04:25.163Z - Time taken for 'hash changed files from watcher' 0.18116699999882258ms
Time for 'nx/core/package-json:createNodes' 0.2988329999989219
Time for 'nx/core/project-json:createNodes' 0.30679200000122364
Time for 'nx/js/dependencies-and-lockfile:createNodes' 3.6560000000008586
[NX v21.3.6 Daemon Server] - 2026-01-11T18:04:25.173Z - Time taken for 'build-project-configs' 8.189249999999447ms
Time for 'build typescript dependencies' 1.0771669999994629
[NX v21.3.6 Daemon Server] - 2026-01-11T18:04:25.194Z - Wrote project graph cache to /Users/manfredsteyer/projects/trainings/flight-app/.nx/workspace-data/project-graph.json
[NX v21.3.6 Daemon Server] - 2026-01-11T18:04:25.195Z - [SYNC]: collect registered sync generators
[NX v21.3.6 Daemon Server] - 2026-01-11T18:04:25.195Z - [SYNC]: project graph hash is the same, not collecting task sync generators
[NX v21.3.6 Daemon Server] - 2026-01-11T18:04:25.195Z - [SYNC]: nx.json hash is the same, not collecting global sync generators
[NX v21.3.6 Daemon Server] - 2026-01-11T18:04:25.195Z - Time taken for 'total execution time for createProjectGraph()' 19.373874999999316ms
[NX v21.3.6 Daemon Server] - 2026-01-11T18:04:26.245Z - [WATCHER]: Processing file changes in outputs
[NX v21.3.6 Daemon Server] - 2026-01-11T18:04:26.623Z - [WATCHER]: Processing file changes in outputs
[NX v21.3.6 Daemon Server] - 2026-01-11T18:04:27.564Z - [WATCHER]: Processing file changes in outputs
[NX v21.3.6 Daemon Server] - 2026-01-11T18:04:27.616Z - [WATCHER]: Processing file changes in outputs
[NX v21.3.6 Daemon Server] - 2026-01-11T18:04:27.667Z - [WATCHER]: Processing file changes in outputs
[NX v21.3.6 Daemon Server] - 2026-01-11T18:04:27.719Z - [WATCHER]: Processing file changes in outputs
[NX v21.3.6 Daemon Server] - 2026-01-11T18:04:27.770Z - [WATCHER]: Processing file changes in outputs
[NX v21.3.6 Daemon Server] - 2026-01-11T18:04:27.823Z - [WATCHER]: Processing file changes in outputs
[NX v21.3.6 Daemon Server] - 2026-01-11T18:04:27.875Z - [WATCHER]: Processing file changes in outputs
[NX v21.3.6 Daemon Server] - 2026-01-11T18:04:27.926Z - [WATCHER]: Processing file changes in outputs
[NX v21.3.6 Daemon Server] - 2026-01-11T18:04:27.978Z - [WATCHER]: Processing file changes in outputs
[NX v21.3.6 Daemon Server] - 2026-01-11T18:04:28.030Z - [WATCHER]: Processing file changes in outputs
[NX v21.3.6 Daemon Server] - 2026-01-11T18:04:28.082Z - [WATCHER]: Processing file changes in outputs
[NX v21.3.6 Daemon Server] - 2026-01-11T18:04:28.135Z - [WATCHER]: Processing file changes in outputs
[NX v21.3.6 Daemon Server] - 2026-01-11T18:04:28.188Z - [WATCHER]: Processing file changes in outputs
[NX v21.3.6 Daemon Server] - 2026-01-11T18:04:28.329Z - [WATCHER]: Processing file changes in outputs
[NX v21.3.6 Daemon Server] - 2026-01-11T18:04:28.393Z - [WATCHER]: Processing file changes in outputs
[NX v21.3.6 Daemon Server] - 2026-01-11T18:04:29.175Z - [WATCHER]: Processing file changes in outputs
[NX v21.3.6 Daemon Server] - 2026-01-11T18:04:29.562Z - [WATCHER]: Processing file changes in outputs
[NX v21.3.6 Daemon Server] - 2026-01-11T18:04:30.352Z - [WATCHER]: Processing file changes in outputs
[NX v21.3.6 Daemon Server] - 2026-01-11T18:04:35.974Z - Established a connection. Number of open connections: 5
[NX v21.3.6 Daemon Server] - 2026-01-11T18:04:35.975Z - Established a connection. Number of open connections: 6
[NX v21.3.6 Daemon Server] - 2026-01-11T18:04:35.975Z - Closed a connection. Number of open connections: 5
[NX v21.3.6 Daemon Server] - 2026-01-11T18:04:35.975Z - Established a connection. Number of open connections: 6
[NX v21.3.6 Daemon Server] - 2026-01-11T18:04:35.976Z - Closed a connection. Number of open connections: 5
[NX v21.3.6 Daemon Server] - 2026-01-11T18:04:35.978Z - [REQUEST]: Client Request for Project Graph Received
[NX v21.3.6 Daemon Server] - 2026-01-11T18:04:35.978Z - Reusing in-memory cached project graph because no files changed.
[NX v21.3.6 Daemon Server] - 2026-01-11T18:04:35.979Z - [REQUEST]: Responding to the client. project-graph
[NX v21.3.6 Daemon Server] - 2026-01-11T18:04:35.980Z - Time taken for 'total for creating and serializing project graph' 0.963541000000987ms
[NX v21.3.6 Daemon Server] - 2026-01-11T18:04:35.984Z - Done responding to the client project-graph
[NX v21.3.6 Daemon Server] - 2026-01-11T18:04:35.984Z - Handled REQUEST_PROJECT_GRAPH. Handling time: 1. Response time: 5.
[NX v21.3.6 Daemon Server] - 2026-01-11T18:04:36.003Z - [REQUEST]: Responding to the client. handleContextFileData
[NX v21.3.6 Daemon Server] - 2026-01-11T18:04:36.003Z - Done responding to the client handleContextFileData
[NX v21.3.6 Daemon Server] - 2026-01-11T18:04:36.003Z - Handled GET_CONTEXT_FILE_DATA. Handling time: 2. Response time: 0.
[NX v21.3.6 Daemon Server] - 2026-01-11T18:04:36.005Z - Closed a connection. Number of open connections: 4
[NX v21.3.6 Daemon Server] - 2026-01-11T18:04:36.285Z - Established a connection. Number of open connections: 5
[NX v21.3.6 Daemon Server] - 2026-01-11T18:04:36.286Z - Established a connection. Number of open connections: 6
[NX v21.3.6 Daemon Server] - 2026-01-11T18:04:36.286Z - Closed a connection. Number of open connections: 5
[NX v21.3.6 Daemon Server] - 2026-01-11T18:04:36.286Z - Established a connection. Number of open connections: 6
[NX v21.3.6 Daemon Server] - 2026-01-11T18:04:36.286Z - Closed a connection. Number of open connections: 5
[NX v21.3.6 Daemon Server] - 2026-01-11T18:04:36.287Z - [REQUEST]: Client Request for Project Graph Received
[NX v21.3.6 Daemon Server] - 2026-01-11T18:04:36.288Z - Reusing in-memory cached project graph because no files changed.
[NX v21.3.6 Daemon Server] - 2026-01-11T18:04:36.288Z - [REQUEST]: Responding to the client. project-graph
[NX v21.3.6 Daemon Server] - 2026-01-11T18:04:36.289Z - Time taken for 'total for creating and serializing project graph' 0.8537920000017039ms
[NX v21.3.6 Daemon Server] - 2026-01-11T18:04:36.291Z - Done responding to the client project-graph
[NX v21.3.6 Daemon Server] - 2026-01-11T18:04:36.291Z - Handled REQUEST_PROJECT_GRAPH. Handling time: 1. Response time: 3.
[NX v21.3.6 Daemon Server] - 2026-01-11T18:04:36.294Z - [REQUEST]: Client Request for Project Graph Received
[NX v21.3.6 Daemon Server] - 2026-01-11T18:04:36.294Z - Reusing in-memory cached project graph because no files changed.
[NX v21.3.6 Daemon Server] - 2026-01-11T18:04:36.294Z - [REQUEST]: Responding to the client. project-graph
[NX v21.3.6 Daemon Server] - 2026-01-11T18:04:36.295Z - Time taken for 'total for creating and serializing project graph' 0.36208299999998417ms
[NX v21.3.6 Daemon Server] - 2026-01-11T18:04:36.297Z - Done responding to the client project-graph
[NX v21.3.6 Daemon Server] - 2026-01-11T18:04:36.297Z - Handled REQUEST_PROJECT_GRAPH. Handling time: 0. Response time: 3.
[NX v21.3.6 Daemon Server] - 2026-01-11T18:04:36.299Z - Established a connection. Number of open connections: 6
[NX v21.3.6 Daemon Server] - 2026-01-11T18:04:48.882Z - [REQUEST]: Responding to the client. recordOutputsHash
[NX v21.3.6 Daemon Server] - 2026-01-11T18:04:48.882Z - Done responding to the client recordOutputsHash
[NX v21.3.6 Daemon Server] - 2026-01-11T18:04:48.882Z - Handled RECORD_OUTPUTS_HASH. Handling time: 0. Response time: 0.
[NX v21.3.6 Daemon Server] - 2026-01-11T18:04:48.885Z - [REQUEST]: Responding to the client. handleRecordTaskRuns
[NX v21.3.6 Daemon Server] - 2026-01-11T18:04:48.885Z - Done responding to the client handleRecordTaskRuns
[NX v21.3.6 Daemon Server] - 2026-01-11T18:04:48.885Z - Handled RECORD_TASK_RUNS. Handling time: 1. Response time: 0.
[NX v21.3.6 Daemon Server] - 2026-01-11T18:04:48.885Z - [REQUEST]: Responding to the client. handleGetFlakyTasks
[NX v21.3.6 Daemon Server] - 2026-01-11T18:04:48.885Z - Done responding to the client handleGetFlakyTasks
[NX v21.3.6 Daemon Server] - 2026-01-11T18:04:48.885Z - Handled GET_FLAKY_TASKS. Handling time: 0. Response time: 0.
[NX v21.3.6 Daemon Server] - 2026-01-11T18:04:48.906Z - Closed a connection. Number of open connections: 5
[NX v21.3.6 Daemon Server] - 2026-01-11T18:04:49.039Z - [REQUEST]: Responding to the client. handleRunPostTasksExecution
[NX v21.3.6 Daemon Server] - 2026-01-11T18:04:49.039Z - Done responding to the client handleRunPostTasksExecution
[NX v21.3.6 Daemon Server] - 2026-01-11T18:04:49.039Z - Handled POST_TASKS_EXECUTION. Handling time: 0. Response time: 0.
[NX v21.3.6 Daemon Server] - 2026-01-11T18:04:49.039Z - Time taken for 'postTasksExecution' 0.06883299999753945ms
[NX v21.3.6 Daemon Server] - 2026-01-11T18:04:49.044Z - Closed a connection. Number of open connections: 4
[NX v21.3.6 Daemon Server] - 2026-01-11T18:04:53.276Z - Closed a connection. Number of open connections: 3
[NX v21.3.6 Daemon Server] - 2026-01-11T18:04:53.280Z - [REQUEST]: Responding to the client. recordOutputsHash
[NX v21.3.6 Daemon Server] - 2026-01-11T18:04:53.280Z - Done responding to the client recordOutputsHash
[NX v21.3.6 Daemon Server] - 2026-01-11T18:04:53.280Z - Handled RECORD_OUTPUTS_HASH. Handling time: 0. Response time: 0.
[NX v21.3.6 Daemon Server] - 2026-01-11T18:04:53.282Z - [REQUEST]: Responding to the client. handleRecordTaskRuns
[NX v21.3.6 Daemon Server] - 2026-01-11T18:04:53.282Z - Done responding to the client handleRecordTaskRuns
[NX v21.3.6 Daemon Server] - 2026-01-11T18:04:53.282Z - Handled RECORD_TASK_RUNS. Handling time: 0. Response time: 0.
[NX v21.3.6 Daemon Server] - 2026-01-11T18:04:53.282Z - [REQUEST]: Responding to the client. handleGetFlakyTasks
[NX v21.3.6 Daemon Server] - 2026-01-11T18:04:53.282Z - Done responding to the client handleGetFlakyTasks
[NX v21.3.6 Daemon Server] - 2026-01-11T18:04:53.282Z - Handled GET_FLAKY_TASKS. Handling time: 0. Response time: 0.
[NX v21.3.6 Daemon Server] - 2026-01-11T18:04:53.436Z - Closed a connection. Number of open connections: 2
[NX v21.3.6 Daemon Server] - 2026-01-11T21:01:40.900Z - Closed a connection. Number of open connections: 1
[NX v21.3.6 Daemon Server] - 2026-01-11T21:01:40.901Z - Closed a connection. Number of open connections: 0
[NX v21.3.6 Daemon Server] - 2026-01-11T21:01:40.902Z - [WATCHER]: Stopping the watcher for /Users/manfredsteyer/projects/trainings/flight-app (sources)
[NX v21.3.6 Daemon Server] - 2026-02-14T08:30:18.677Z - Started listening on: /private/var/folders/90/xlgjf5ms3ql9v9y8n8m3vgjh0000gn/T/49183e68a8dacc8c509e/d.sock
[NX v21.3.6 Daemon Server] - 2026-02-14T08:30:18.679Z - [WATCHER]: Subscribed to changes within: /Users/manfredsteyer/projects/trainings/flight-app (native)
[NX v21.3.6 Daemon Server] - 2026-02-14T08:30:18.683Z - Established a connection. Number of open connections: 1
[NX v21.3.6 Daemon Server] - 2026-02-14T08:30:18.684Z - Closed a connection. Number of open connections: 0
[NX v21.3.6 Daemon Server] - 2026-02-14T08:30:18.691Z - Established a connection. Number of open connections: 1
[NX v21.3.6 Daemon Server] - 2026-02-14T08:30:18.691Z - Closed a connection. Number of open connections: 0
[NX v21.3.6 Daemon Server] - 2026-02-14T08:30:18.691Z - Established a connection. Number of open connections: 1
[NX v21.3.6 Daemon Server] - 2026-02-14T08:30:18.692Z - [REQUEST]: Client Request for Project Graph Received
[NX v21.3.6 Daemon Server] - 2026-02-14T08:30:18.696Z - Time taken for 'loadSpecifiedNxPlugins' 0.5847920000000073ms
Time for 'plugin worker 59566 code loading' 1.8408750000000005
Time for 'plugin worker 59564 code loading' 1.9576249999999984
Time for 'plugin worker 59565 code loading' 1.9372500000000006
[NX v21.3.6 Daemon Server] - 2026-02-14T08:30:18.740Z - [WATCHER]: Processing file changes in outputs
[NX v21.3.6 Daemon Server] - 2026-02-14T08:30:18.774Z - Time taken for 'Load Nx Plugin: /Users/manfredsteyer/projects/trainings/flight-app/node_modules/nx/src/plugins/package-json' 80.675292ms
[NX v21.3.6 Daemon Server] - 2026-02-14T08:30:18.775Z - Time taken for 'Load Nx Plugin: /Users/manfredsteyer/projects/trainings/flight-app/node_modules/nx/src/plugins/project-json/build-nodes/project-json' 81.458625ms
[NX v21.3.6 Daemon Server] - 2026-02-14T08:30:18.783Z - [REQUEST]: Updated workspace context based on watched changes, recomputing project graph...
[NX v21.3.6 Daemon Server] - 2026-02-14T08:30:18.783Z - [REQUEST]: 
[NX v21.3.6 Daemon Server] - 2026-02-14T08:30:18.783Z - [REQUEST]: 
[NX v21.3.6 Daemon Server] - 2026-02-14T08:30:18.784Z - No files changed, but no in-memory cached project graph found. Recomputing it...
[NX v21.3.6 Daemon Server] - 2026-02-14T08:30:18.787Z - Time taken for 'loadDefaultNxPlugins' 89.77799999999999ms
Time for 'nx/core/package-json:createNodes' 0.5295419999999922
Time for 'nx/core/project-json:createNodes' 1.3962080000000014
Time for 'nx/js/dependencies-and-lockfile:createNodes' 4.292332999999999
[NX v21.3.6 Daemon Server] - 2026-02-14T08:30:18.811Z - Time taken for 'build-project-configs' 15.85737499999999ms
Time for 'build typescript dependencies' 0.12270799999998871
[NX v21.3.6 Daemon Server] - 2026-02-14T08:30:18.833Z - Wrote project graph cache to /Users/manfredsteyer/projects/trainings/flight-app/.nx/workspace-data/project-graph.json
[NX v21.3.6 Daemon Server] - 2026-02-14T08:30:18.833Z - [SYNC]: collect registered sync generators
[NX v21.3.6 Daemon Server] - 2026-02-14T08:30:18.833Z - [REQUEST]: Responding to the client. project-graph
[NX v21.3.6 Daemon Server] - 2026-02-14T08:30:18.834Z - Time taken for 'total for creating and serializing project graph' 141.149583ms
[NX v21.3.6 Daemon Server] - 2026-02-14T08:30:18.837Z - Done responding to the client project-graph
[NX v21.3.6 Daemon Server] - 2026-02-14T08:30:18.837Z - Handled REQUEST_PROJECT_GRAPH. Handling time: 141. Response time: 4.
[NX v21.3.6 Daemon Server] - 2026-02-14T08:30:18.840Z - [REQUEST]: Responding to the client. handleContextFileData
[NX v21.3.6 Daemon Server] - 2026-02-14T08:30:18.841Z - Done responding to the client handleContextFileData
[NX v21.3.6 Daemon Server] - 2026-02-14T08:30:18.841Z - Handled GET_CONTEXT_FILE_DATA. Handling time: 0. Response time: 1.
[NX v21.3.6 Daemon Server] - 2026-02-14T08:30:19.044Z - Established a connection. Number of open connections: 2
[NX v21.3.6 Daemon Server] - 2026-02-14T08:30:19.045Z - [REQUEST]: Client Request for Project Graph Received
[NX v21.3.6 Daemon Server] - 2026-02-14T08:30:19.045Z - Reusing in-memory cached project graph because no files changed.
[NX v21.3.6 Daemon Server] - 2026-02-14T08:30:19.045Z - [REQUEST]: Responding to the client. project-graph
[NX v21.3.6 Daemon Server] - 2026-02-14T08:30:19.046Z - Time taken for 'total for creating and serializing project graph' 0.19383300000004056ms
[NX v21.3.6 Daemon Server] - 2026-02-14T08:30:19.046Z - Closed a connection. Number of open connections: 1
[NX v21.3.6 Daemon Server] - 2026-02-14T08:30:19.047Z - Done responding to the client project-graph
[NX v21.3.6 Daemon Server] - 2026-02-14T08:30:19.047Z - Handled REQUEST_PROJECT_GRAPH. Handling time: 0. Response time: 2.
[NX v21.3.6 Daemon Server] - 2026-02-14T08:30:19.049Z - [REQUEST]: Client Request for Project Graph Received
[NX v21.3.6 Daemon Server] - 2026-02-14T08:30:19.050Z - Reusing in-memory cached project graph because no files changed.
[NX v21.3.6 Daemon Server] - 2026-02-14T08:30:19.050Z - [REQUEST]: Responding to the client. project-graph
[NX v21.3.6 Daemon Server] - 2026-02-14T08:30:19.050Z - Time taken for 'total for creating and serializing project graph' 0.11374999999998181ms
[NX v21.3.6 Daemon Server] - 2026-02-14T08:30:19.051Z - Done responding to the client project-graph
[NX v21.3.6 Daemon Server] - 2026-02-14T08:30:19.051Z - Handled REQUEST_PROJECT_GRAPH. Handling time: 1. Response time: 1.
[NX v21.3.6 Daemon Server] - 2026-02-14T08:30:19.053Z - Established a connection. Number of open connections: 2
[NX v21.3.6 Daemon Server] - 2026-02-14T08:30:34.630Z - [WATCHER]: Processing file changes in outputs
[NX v21.3.6 Daemon Server] - 2026-02-14T08:30:34.632Z - [WATCHER]: 2 file(s) created or restored, 0 file(s) modified, 0 file(s) deleted
[NX v21.3.6 Daemon Server] - 2026-02-14T08:30:34.734Z - [REQUEST]: Updated workspace context based on watched changes, recomputing project graph...
[NX v21.3.6 Daemon Server] - 2026-02-14T08:30:34.734Z - [REQUEST]: apps/miles/tsconfig.federation.json,apps/flights/tsconfig.federation.json
[NX v21.3.6 Daemon Server] - 2026-02-14T08:30:34.735Z - [REQUEST]: 
[NX v21.3.6 Daemon Server] - 2026-02-14T08:30:34.739Z - Time taken for 'hash changed files from watcher' 0.9847499999996217ms
Time for 'nx/core/package-json:createNodes' 1.3037089999997988
Time for 'nx/core/project-json:createNodes' 2.097041999999419
Time for 'nx/js/dependencies-and-lockfile:createNodes' 10.714708000001337
[NX v21.3.6 Daemon Server] - 2026-02-14T08:30:34.756Z - Time taken for 'build-project-configs' 17.151166999999987ms
Time for 'build typescript dependencies' 3.237250000000131
[NX v21.3.6 Daemon Server] - 2026-02-14T08:30:34.774Z - Wrote project graph cache to /Users/manfredsteyer/projects/trainings/flight-app/.nx/workspace-data/project-graph.json
[NX v21.3.6 Daemon Server] - 2026-02-14T08:30:34.774Z - [SYNC]: collect registered sync generators
[NX v21.3.6 Daemon Server] - 2026-02-14T08:30:34.774Z - [SYNC]: project graph hash is the same, not collecting task sync generators
[NX v21.3.6 Daemon Server] - 2026-02-14T08:30:34.775Z - [SYNC]: nx.json hash is the same, not collecting global sync generators
[NX v21.3.6 Daemon Server] - 2026-02-14T08:30:34.775Z - [REQUEST]: Responding to the client. File watch changed
[NX v21.3.6 Daemon Server] - 2026-02-14T08:30:34.775Z - Done responding to the client File watch changed
[NX v21.3.6 Daemon Server] - 2026-02-14T08:30:34.775Z - Handled FILE-WATCH-CHANGED. Handling time: 0. Response time: 0.
[NX v21.3.6 Daemon Server] - 2026-02-14T08:30:34.775Z - Time taken for 'total execution time for createProjectGraph()' 14.153416999999536ms
[NX v21.3.6 Daemon Server] - 2026-02-14T08:30:39.601Z - [WATCHER]: 0 file(s) created or restored, 0 file(s) modified, 239 file(s) deleted
[NX v21.3.6 Daemon Server] - 2026-02-14T08:30:39.602Z - [REQUEST]: Responding to the client. File watch changed
[NX v21.3.6 Daemon Server] - 2026-02-14T08:30:39.602Z - [WATCHER]: Processing file changes in outputs
[NX v21.3.6 Daemon Server] - 2026-02-14T08:30:39.603Z - Time taken for 'changed-projects' 0.1757499999985157ms
[NX v21.3.6 Daemon Server] - 2026-02-14T08:30:39.603Z - Done responding to the client File watch changed
[NX v21.3.6 Daemon Server] - 2026-02-14T08:30:39.603Z - Handled FILE-WATCH-CHANGED. Handling time: 0. Response time: 1.
[NX v21.3.6 Daemon Server] - 2026-02-14T08:30:39.659Z - [WATCHER]: Processing file changes in outputs
[NX v21.3.6 Daemon Server] - 2026-02-14T08:30:39.668Z - Closed a connection. Number of open connections: 1
[NX v21.3.6 Daemon Server] - 2026-02-14T08:30:39.668Z - Closed a connection. Number of open connections: 0
[NX v21.3.6 Daemon Server] - 2026-02-14T08:30:39.668Z - [WATCHER]: Stopping the watcher for /Users/manfredsteyer/projects/trainings/flight-app (sources)
[NX v21.3.6 Daemon Server] - 2026-02-14T08:30:39.668Z - [WATCHER]: Stopping the watcher for /Users/manfredsteyer/projects/trainings/flight-app (sources)
[NX v21.3.6 Daemon Server] - 2026-02-14T08:30:39.668Z - [WATCHER]: Stopping the watcher for /Users/manfredsteyer/projects/trainings/flight-app (outputs)
[NX v21.3.6 Daemon Server] - 2026-02-14T08:30:39.669Z - Server stopped because: "Stopping the daemon the set of ignored files changed (native)"
[NX v21.3.6 Daemon Server] - 2026-02-14T08:30:41.570Z - Started listening on: /private/var/folders/90/xlgjf5ms3ql9v9y8n8m3vgjh0000gn/T/49183e68a8dacc8c509e/d.sock
[NX v21.3.6 Daemon Server] - 2026-02-14T08:30:41.572Z - [WATCHER]: Subscribed to changes within: /Users/manfredsteyer/projects/trainings/flight-app (native)
[NX v21.3.6 Daemon Server] - 2026-02-14T08:30:41.574Z - Established a connection. Number of open connections: 1
[NX v21.3.6 Daemon Server] - 2026-02-14T08:30:41.574Z - Established a connection. Number of open connections: 2
[NX v21.3.6 Daemon Server] - 2026-02-14T08:30:41.576Z - Closed a connection. Number of open connections: 1
[NX v21.3.6 Daemon Server] - 2026-02-14T08:30:41.577Z - [REQUEST]: Responding to the client. Shutdown initiated
[NX v21.3.6 Daemon Server] - 2026-02-14T08:30:41.577Z - Done responding to the client Shutdown initiated
[NX v21.3.6 Daemon Server] - 2026-02-14T08:30:41.577Z - Handled FORCE_SHUTDOWN. Handling time: 0. Response time: 0.
[NX v21.3.6 Daemon Server] - 2026-02-14T08:30:41.580Z - Closed a connection. Number of open connections: 0
[NX v21.3.6 Daemon Server] - 2026-02-14T08:30:41.580Z - [WATCHER]: Stopping the watcher for /Users/manfredsteyer/projects/trainings/flight-app (sources)
[NX v21.3.6 Daemon Server] - 2026-02-14T08:30:41.581Z - [WATCHER]: Stopping the watcher for /Users/manfredsteyer/projects/trainings/flight-app (outputs)
[NX v21.3.6 Daemon Server] - 2026-02-14T08:30:41.581Z - Server stopped because: "Request to shutdown"
